"record_id","site_id","acquisition_id","plot_id","census_id","census_date","subplot_id","tree_id","stem_id","measurement_id","measurement_date","taxon_name","x_rel_m","y_rel_m","diam_cm","pom_m","height_m","code","growth_form","height_allometry","agb_allometry","notes"
10801,"Site1","2024-08-03","Plot1","4","2024-08-02","S15","_0S3041","_0S3041",1,"2024-08-02","simarouba amara",373.890015720215,289.739983361214,13.9,1.3,NA,"AS",NA,NA,NA,NA
12261,"Site1","2024-08-03","Plot1","4","2024-08-02","V1","_0V0731","_0V0731",1,"2024-08-02","protium unifoliolatum",426.849956230435,18.1300296708941,11,1.3,NA,"AS",NA,NA,NA,NA
2369,"Site1","2024-08-03","Plot1","4","2024-08-02","E2","_0E0038","_0E0038",1,"2024-08-02","micropholis guyanensis",89.1100225664559,36.209976837039,27,1.3,NA,"AS",NA,NA,NA,NA
5273,"Site1","2024-08-03","Plot1","4","2024-08-02","J5","_0J0116","_0J0116",1,"2024-08-02","theobroma subincanum",181.260016626329,81.699977684766,20.7,1.3,NA,"AS",NA,NA,NA,NA
9290,"Site1","2024-08-03","Plot1","4","2024-08-02","Q4","_0Q0077","_0Q0077",1,"2024-08-02","socratea exorrhiza",320.889953208738,69.109960757196,10.2,3.2,NA,"AS",NA,NA,NA,NA
1252,"Site1","2024-08-03","Plot1","4","2024-08-02","C4","_0C0088","_0C0088",1,"2024-08-02","eschweilera coriacea",56.0799999950104,76.6999999992549,37.369580637977,1.3,NA,"AS",NA,NA,NA,NA
8826,"Site1","2024-08-03","Plot1","4","2024-08-02","P11","_0P0256","_0P0256",1,"2024-08-02","hevea guianensis",311.550011856714,205.910013709217,24.1,1.3,NA,"AS",NA,NA,NA,NA
10289,"Site1","2024-08-03","Plot1","4","2024-08-02","R19","_0R3729","_0R3730",1,"2024-08-02","myrtaceae sp.4",351.10001077276,376.999964017421,10.6,1.3,NA,"AS",NA,NA,NA,NA
13440,"Site1","2024-08-03","Plot1","4","2024-08-02","X14","_0X2618","_0X2618",1,"2024-08-02","osteophloeum platyspermum",472.259980002884,260.250004328787,14.1,1.3,NA,"AS",NA,NA,NA,NA
13615,"Site1","2024-08-03","Plot1","4","2024-08-02","Y4","_0Y0092","_0Y0092",1,"2024-08-02","iryanthera juruensis",493.709998178645,65.6099918987602,14,1.3,NA,"AS",NA,NA,NA,NA
14360,"Site1","2024-08-03","Plot1","4","2024-08-02","R16","_1R0534","_1R0534",1,"2024-08-02","unidentified",344.560048766434,302.829987809062,40.7,3.1,NA,"AS",NA,NA,NA,NA
12103,"Site1","2024-08-03","Plot1","4","2024-08-02","V13","_0V0277","_0V0277",1,"2024-08-02","buchenavia tetraphylla",432.680030188872,250.950020657852,13.5,1.3,NA,"AS",NA,NA,NA,NA
356,"Site1","2024-08-03","Plot1","4","2024-08-02","A23","_0A0513","_0A0513",1,"2024-08-02","otoba glycycarpa",1.69998880772619,441.009973376989,24.1915513499681,1.3,NA,"AS",NA,NA,NA,NA
13913,"Site1","2024-08-03","Plot1","4","2024-08-02","Y20","_0Y0499","_0Y0499",1,"2024-08-02","caryocar glabrum",491.879954060772,398.620012670755,28.2,1.3,NA,"AS",NA,NA,NA,NA
12453,"Site1","2024-08-03","Plot1","4","2024-08-02","W4","_0W0061","_0W0061",1,"2024-08-02","brosimum guianense",440.48000435665,67.4499754887074,21.4,1.3,NA,"AS",NA,NA,NA,NA
7700,"Site1","2024-08-03","Plot1","4","2024-08-02","N13","_0N0277","_0N0277",1,"2024-08-02","micropholis venulosa",261.789988257166,259.610018771142,48.5,3.55,NA,"AS",NA,NA,NA,NA
14746,"Site1","2024-08-03","Plot1","4","2024-08-02","T16","_2T0858","_2T0858",1,"2024-08-02",NA,384.385985462868,305.568034274504,19.3,1.3,NA,"AS",NA,NA,NA,NA
3954,"Site1","2024-08-03","Plot1","4","2024-08-02","G15","_0G3171","_0G3171",1,"2024-08-02","pseudolmedia laevis",126.239965955261,298.149988805875,10.2,1.3,NA,"AS",NA,NA,NA,NA
10095,"Site1","2024-08-03","Plot1","4","2024-08-02","R24","_0R0483","_0R0483",1,"2024-08-02","iryanthera hostmannii",348.059951867675,464.419982757419,12,1.3,NA,"AS",NA,NA,NA,NA
9091,"Site1","2024-08-03","Plot1","4","2024-08-02","P8","_0P1987","_0P1987",1,"2024-08-02","calliandra trinervia",307.010022191156,142.219971807674,12.8,1.3,NA,"AS",NA,NA,NA,NA
12889,"Site1","2024-08-03","Plot1","4","2024-08-02","W17","_0W3080","_0W3080",1,"2024-08-02","mouriri guianensis",449.220027766598,331.999960457906,11.2,1.3,NA,"AS",NA,NA,NA,NA
5403,"Site1","2024-08-03","Plot1","4","2024-08-02","J13","_0J0325","_0J0325",1,"2024-08-02","guarea pubescens",191.910010733118,245.730044938624,18.8,1.3,NA,"AS",NA,NA,NA,NA
932,"Site1","2024-08-03","Plot1","4","2024-08-02","B20","_0B0506","_0B0506",1,"2024-08-02","astrocaryum ferrugineum",24.339967988315,386.499978842214,11.3318319481429,1.3,NA,"AS",NA,NA,NA,NA
9189,"Site1","2024-08-03","Plot1","4","2024-08-02","P19","_0P4222","_0P4222",1,"2024-08-02","bauhinia brachycalyx",313.930001938366,370.719986362383,13.7,1.3,NA,"AS",NA,NA,NA,NA
10207,"Site1","2024-08-03","Plot1","4","2024-08-02","R9","_0R2033","_0R2033",1,"2024-08-02","conceveiba martiana",346.560001785168,165.330000935122,18.5,1.3,NA,"AS",NA,NA,NA,NA
12909,"Site1","2024-08-03","Plot1","4","2024-08-02","W20","_0W3563","_0W3563",1,"2024-08-02","erisma laurifolium",453.189994869928,395.489959282801,13.3,1.3,NA,"AS",NA,NA,NA,NA
5637,"Site1","2024-08-03","Plot1","4","2024-08-02","J3","_0J1194","_0J1194",1,"2024-08-02","siparuna cristata",190.770013766305,55.150005703792,17.8,1.3,NA,"AS",NA,NA,NA,NA
4002,"Site1","2024-08-03","Plot1","4","2024-08-02","G23","_0G4445","_0G4445",1,"2024-08-02","perebea guianensis",123.689964837744,449.7099663876,12,1.3,NA,"AS",NA,NA,NA,NA
9052,"Site1","2024-08-03","Plot1","4","2024-08-02","P2","_0P0920","_0P0920",1,"2024-08-02","couepia macrophylla",309.269993321504,22.3299902100116,11.7,1.3,NA,"AS",NA,NA,NA,NA
12136,"Site1","2024-08-03","Plot1","4","2024-08-02","V15","_0V0326","_0V0326",1,"2024-08-02","naucleopsis riparia",434.280012840638,284.900006722659,19.3,1.3,NA,"AS",NA,NA,NA,NA
259,"Site1","2024-08-03","Plot1","4","2024-08-02","A17","_0A0383","_0A0383",1,"2024-08-02","otoba glycycarpa",5.50000907946378,339.519993070513,20.7856355678015,1.3,NA,"AS",NA,NA,NA,NA
5434,"Site1","2024-08-03","Plot1","4","2024-08-02","J15","_0J0367","_0J0367",1,"2024-08-02","virola sebifera",181.609985528456,289.740031478927,25.8,1.3,NA,"AS",NA,NA,NA,NA
481,"Site1","2024-08-03","Plot1","4","2024-08-02","A11","_0A2388","_0A2388",1,"2024-08-02","inga sp.8",4.1000119856908,207.190027019009,16.3611281498468,1.3,NA,"AS",NA,NA,NA,NA
13610,"Site1","2024-08-03","Plot1","4","2024-08-02","Y4","_0Y0087","_0Y0087",1,"2024-08-02","warszewiczia coccinea",499.819987238909,73.7999619096518,22,1.3,NA,"AS",NA,NA,NA,NA
10264,"Site1","2024-08-03","Plot1","4","2024-08-02","R15","_0R3131","_0R3131",1,"2024-08-02","euterpe precatoria",350.220036826504,288.879981797189,14.3,1.3,NA,"AS",NA,NA,NA,NA
7326,"Site1","2024-08-03","Plot1","4","2024-08-02","M25","_0M0563","_0M0563",1,"2024-08-02","virola pavonis",258.049995158974,487.979959541932,29.4,3.1,NA,"AS",NA,NA,NA,NA
8491,"Site1","2024-08-03","Plot1","4","2024-08-02","O2","_0O1131","_0O1131",1,"2024-08-02","dussia tessmannii",295.815908435441,24.0675939656794,14.5,1.3,NA,"AS",NA,NA,NA,NA
12175,"Site1","2024-08-03","Plot1","4","2024-08-02","V17","_0V0381","_0V0381",1,"2024-08-02","handroanthus serratifolius",435.229992880428,322.280009616166,20.1,1.3,NA,"AS",NA,NA,NA,NA
2454,"Site1","2024-08-03","Plot1","4","2024-08-02","E8","_0E0168","_0E0168",1,"2024-08-02","guarea pubescens",89.1699900915264,153.269991844893,22.5,2.6,NA,"AS",NA,NA,NA,NA
14650,"Site1","2024-08-03","Plot1","4","2024-08-02","Q2","_2Q0033","_2Q0033",1,"2024-08-02",NA,325.259755606705,39.8059878908098,33.8,1.3,NA,"AS",NA,NA,NA,NA
11912,"Site1","2024-08-03","Plot1","4","2024-08-02","V1","_0V0004","_0V0004",1,"2024-08-02","virola duckei",426.209983919456,8.18002964928746,25,2,NA,"AS",NA,NA,NA,NA
13604,"Site1","2024-08-03","Plot1","4","2024-08-02","Y4","_0Y0081","_0Y0081",1,"2024-08-02","casearia ulmifolia",493.659996379691,78.9700130987912,12.05,1.3,NA,"AS",NA,NA,NA,NA
9028,"Site1","2024-08-03","Plot1","4","2024-08-02","P25","_0P0548","_0P0548",1,"2024-08-02","leptobalanus octandrus",308.960002497479,482.740012645721,12,1.3,NA,"AS",NA,NA,NA,NA
9174,"Site1","2024-08-03","Plot1","4","2024-08-02","P18","_0P3956","_0P3956",1,"2024-08-02","theobroma glaucum",309.0800193795,342.669996198267,11.6,1.3,NA,"AS",NA,NA,NA,NA
14482,"Site1","2024-08-03","Plot1","4","2024-08-02","B17","_2B1102","_2B1102",1,"2024-08-02",NA,30.9181951586506,321.719519762322,18.8439452620804,1.3,NA,"AS",NA,NA,NA,NA
7789,"Site1","2024-08-03","Plot1","4","2024-08-02","N18","_0N0401","_0N0401",1,"2024-08-02","iryanthera hostmannii",279.690008416248,341.170027073473,14.7,1.3,NA,"AS",NA,NA,NA,NA
5468,"Site1","2024-08-03","Plot1","4","2024-08-02","J17","_0J0420","_0J0420",1,"2024-08-02","unonopsis spectabilis",186.400007729884,326.599978279322,18.1,1.3,NA,"AS",NA,NA,NA,NA
6341,"Site1","2024-08-03","Plot1","4","2024-08-02","K17","_0K3783","_0K3783",1,"2024-08-02","zygia latifolia",212.029992888274,339.229995528236,17.5,1.3,NA,"AS",NA,NA,NA,NA
9732,"Site1","2024-08-03","Plot1","4","2024-08-02","Q16","_0Q3383","_0Q3383",1,"2024-08-02","apeiba membranacea",332.309973273659,309.280022559687,15.5,1.3,NA,"AS",NA,NA,NA,NA
2274,"Site1","2024-08-03","Plot1","4","2024-08-02","D17","_0D3728","_0D3728",1,"2024-08-02","inga spectabilis",62.2700380072347,328.499953351915,13.1,1.3,NA,"AS",NA,NA,NA,NA
2552,"Site1","2024-08-03","Plot1","4","2024-08-02","E13","_0E0300","_0E0300",1,"2024-08-02","pseudolmedia laevigata",88.919999296777,250.790040437132,51.7,1.3,NA,"AS",NA,NA,NA,NA
11619,"Site1","2024-08-03","Plot1","4","2024-08-02","U19","_0U0433","_0U0433",1,"2024-08-02","astrocaryum ferrugineum",419.676597933576,374.01603330858,12.4,1.3,NA,"AS",NA,NA,NA,NA
11224,"Site1","2024-08-03","Plot1","4","2024-08-02","T3","_0T0965","_0T0965",1,"2024-08-02","euterpe precatoria",388.529965930793,40.9300177134573,11,1.3,NA,"AS",NA,NA,NA,NA
727,"Site1","2024-08-03","Plot1","4","2024-08-02","B7","_0B0194","_0B0194",1,"2024-08-02","virola calophylla",21.4999999961583,120.209999999031,25.52845287194,1.3,NA,"AS",NA,NA,NA,NA
945,"Site1","2024-08-03","Plot1","4","2024-08-02","B20","_0B0527","_0B0527",1,"2024-08-02","endlicheria sp.7",38.1200077236281,386.220043033361,17.1569028653063,1.3,NA,"AS",NA,NA,NA,NA
11509,"Site1","2024-08-03","Plot1","4","2024-08-02","U11","_0U0243","_0U0243",1,"2024-08-02","tachigali setifera",415.920016186254,212.709975354373,15.5,1.3,NA,"AS",NA,NA,NA,NA
626,"Site1","2024-08-03","Plot1","4","2024-08-02","B2","_0B0052","_0B0052",1,"2024-08-02","chimarrhis glabriflora",34.2999999896274,32.2899999991059,20.5628186474729,1.3,NA,"AS",NA,NA,NA,NA
4358,"Site1","2024-08-03","Plot1","4","2024-08-02","H21","_0H0470","_0H0470",1,"2024-08-02","unonopsis spectabilis",145.210019379796,418.570019461215,15.6,1.3,NA,"AS",NA,NA,NA,NA
6534,"Site1","2024-08-03","Plot1","4","2024-08-02","L10","_0L0213","_0L0213",1,"2024-08-02","cordiera longicaudata",226.519983401056,195.109982756898,12.6,1.3,NA,"AS",NA,NA,NA,NA
12418,"Site1","2024-08-03","Plot1","4","2024-08-02","W1","_0W0012","_0W0012",1,"2024-08-02","fusaea peruviana",450.839958207682,10.7199985198677,13.2,1.3,NA,"AS",NA,NA,NA,NA
1396,"Site1","2024-08-03","Plot1","4","2024-08-02","C14","_0C0290","_0C0290",1,"2024-08-02","virola calophylla",59.1499999898369,279.11999999918,18.7166213076069,1.3,NA,"AS",NA,NA,NA,NA
5123,"Site1","2024-08-03","Plot1","4","2024-08-02","I11","_0I2559","_0I2559",1,"2024-08-02","otoba glycycarpa",164.5200457233,210.230008736253,10.8,1.3,NA,"AS",NA,NA,NA,NA
12662,"Site1","2024-08-03","Plot1","4","2024-08-02","W16","_0W0373","_0W0373",1,"2024-08-02","guarea gomma",445.140018131293,317.629965400323,29.4,1.3,NA,"AS",NA,NA,NA,NA
2818,"Site1","2024-08-03","Plot1","4","2024-08-02","E15","_0E3231","_0E3231",1,"2024-08-02","inga acicularis",91.530010421935,281.259955694899,10.9,1.3,NA,"AS",NA,NA,NA,NA
9207,"Site1","2024-08-03","Plot1","4","2024-08-02","P21","_0P4671","_0P4671",1,"2024-08-02","licania canescens",312.089969243505,412.819976300001,10.2,1.3,NA,"AS",NA,NA,NA,NA
14182,"Site1","2024-08-03","Plot1","4","2024-08-02","D13","_1D0411","_1D0411",1,"2024-08-02","ocotea sp.7",63.1299517264706,254.780001884326,10.775,1.3,NA,"AS",NA,NA,NA,NA
12938,"Site1","2024-08-03","Plot1","4","2024-08-02","W24","_0W4006","_0W4006",1,"2024-08-02","richeria sp.1",459.289963364427,473.980012156069,10.2,1.3,NA,"AS",NA,NA,NA,NA
14376,"Site1","2024-08-03","Plot1","4","2024-08-02","S17","_1S0221","_1S0221",1,"2024-08-02","unidentified",364.530046460917,330.159958025441,14.2,2,NA,"AS",NA,NA,NA,NA
517,"Site1","2024-08-03","Plot1","4","2024-08-02","A15","_0A3310","_0A3310",1,"2024-08-02","tachigali setifera",11.4399999899324,290.279999999329,23.3639456458902,1.3,NA,"AS",NA,NA,NA,NA
8225,"Site1","2024-08-03","Plot1","4","2024-08-02","O11","_0O0257","_0O0257",1,"2024-08-02","chrysophyllum venezuelanum",291.399996156746,210.610028458759,13,1.3,NA,"AS",NA,NA,NA,NA
14912,"Site1","2024-08-03","Plot1","4","2024-08-02",NA,"_3R0669","_3R0669",1,"2024-11-28",NA,359.836005764373,346.549655878916,15,1.3,NA,"AS",NA,NA,NA,NA
103,"Site1","2024-08-03","Plot1","4","2024-08-02","A6","_0A0153","_0A0153",1,"2024-08-02","eschweilera coriacea",12.7599631938501,119.620046203956,21.2312694084588,1.3,NA,"AS",NA,NA,NA,NA
5348,"Site1","2024-08-03","Plot1","4","2024-08-02","J11","_0J0254","_0J0254",1,"2024-08-02","iryanthera elliptica",186.749958007073,206.840008180588,11.1,1.3,NA,"AS",NA,NA,NA,NA
10349,"Site1","2024-08-03","Plot1","4","2024-08-02","S1","_0S0022","_0S0022",1,"2024-08-02","campsiandra comosa",379.490005277097,7.01002818718553,29.4,1.3,NA,"AS",NA,NA,NA,NA
7146,"Site1","2024-08-03","Plot1","4","2024-08-02","M13","_0M0292","_0M0292",1,"2024-08-02","vochysia sp.1",255.270005530037,251.38998080045,14.2,1.3,NA,"AS",NA,NA,NA,NA
9545,"Site1","2024-08-03","Plot1","4","2024-08-02","Q22","_0Q0461","_0Q0461",1,"2024-08-02","iryanthera macrophylla",326.919268259604,427.831571351737,12,1.3,NA,"AS",NA,NA,NA,NA
1693,"Site1","2024-08-03","Plot1","4","2024-08-02","C14","_0C3238","_0C3238",1,"2024-08-02","calliandra guildingii",47.2299886441324,278.099978314713,10.2495783351181,1.3,NA,"AS",NA,NA,NA,NA
4172,"Site1","2024-08-03","Plot1","4","2024-08-02","H10","_0H0205","_0H0205",1,"2024-08-02","eschweilera itayensis",153.929986574687,196.069953190163,68,1.3,NA,"AS",NA,NA,NA,NA
5897,"Site1","2024-08-03","Plot1","4","2024-08-02","K7","_0K0165","_0K0165",1,"2024-08-02","eschweilera rufifolia",216.299976529845,121.590049345046,16.5,1.3,NA,"AS",NA,NA,NA,NA
5611,"Site1","2024-08-03","Plot1","4","2024-08-02","J16","_0J0637","_0J0637",1,"2024-08-02","pouteria bilocularis",186.89996276336,313.049998663366,14.4,1.3,NA,"AS",NA,NA,NA,NA
3619,"Site1","2024-08-03","Plot1","4","2024-08-02","G13","_0G0274","_0G0274",1,"2025-03-13","pouteria ephedrantha",123.966680928192,249.245591593906,20.5,1.3,NA,"AS",NA,NA,NA,"Individuo aparece en campo con placa pero esta repetido en G12 (1.2)"
10973,"Site1","2024-08-03","Plot1","4","2024-08-02","T9","_0T0195","_0T0195",1,"2024-08-02","swartzia leptopetala",388.249955116597,169.659967239946,16.2,1.3,NA,"ABS",NA,NA,NA,NA
16,"Site1","2024-08-03","Plot1","4","2024-08-02","A1","_0A0022","_0A0022",1,"2024-08-02","chimarrhis glabriflora",18.1600395739661,13.9699542149901,19.8307059092502,1.3,NA,"AS",NA,NA,NA,NA
13669,"Site1","2024-08-03","Plot1","4","2024-08-02","Y7","_0Y0162","_0Y0162",1,"2024-08-02","nealchornea yapurensis",484.480033730797,124.780016258359,27,1.3,NA,"AS",NA,NA,NA,NA
11996,"Site1","2024-08-03","Plot1","4","2024-08-02","V6","_0V0125","_0V0125",1,"2024-08-02","virola duckei",439.150023219758,107.279978251085,20.1,1.6,NA,"AS",NA,NA,NA,NA
11512,"Site1","2024-08-03","Plot1","4","2024-08-02","U11","_0U0249","_0U0249",1,"2024-08-02","sorocea steinbachii",413.100016759417,201.839983224869,23,1.3,NA,"AS",NA,NA,NA,NA
5445,"Site1","2024-08-03","Plot1","4","2024-08-02","J15","_0J0380","_0J0380",1,"2024-08-02","apeiba membranacea",187.490024766012,297.720010250807,25.5,1.3,NA,"AS",NA,NA,NA,NA
988,"Site1","2024-08-03","Plot1","4","2024-08-02","B24","_0B0605","_0B0605",1,"2024-08-02","warszewiczia coccinea",34.2500027181231,471.199968582019,11.7456348001819,1.3,NA,"AS",NA,NA,NA,NA
7810,"Site1","2024-08-03","Plot1","4","2024-08-02","N20","_0N0431","_0N0431",1,"2024-08-02","eschweilera bracteosa",269.690001464391,397.579963628203,10.7,1.3,NA,"AS",NA,NA,NA,NA
8274,"Site1","2024-08-03","Plot1","4","2024-08-02","O13","_0O0322","_0O0322",1,"2024-08-02","dacryodes amplectans",295.540009557561,258.670000633225,11.6,1.3,NA,"AS",NA,NA,NA,NA
14232,"Site1","2024-08-03","Plot1","4","2024-08-02","H8","_1H0259","_1H0259",1,"2024-08-02","eschweilera itayensis",155.392163302051,153.048146950081,14.9,1.3,NA,"AS",NA,NA,NA,NA
14193,"Site1","2024-08-03","Plot1","4","2024-08-02","E6","_1E0236","_1E0236",1,"2024-08-02","iriartea deltoidea",95.8300426194328,111.900006664917,26,1.5,NA,"AS",NA,NA,NA,NA
9106,"Site1","2024-08-03","Plot1","4","2024-08-02","P11","_0P2459","_0P2459",1,"2024-08-02","iriartea deltoidea",306.109994067752,218.299992321059,11,1.3,NA,"AS",NA,NA,NA,NA
12613,"Site1","2024-08-03","Plot1","4","2024-08-02","W14","_0W0314","_0W0314",1,"2024-08-02","licania triandra",441.170027110435,274.400003870949,14.9,1.3,NA,"AS",NA,NA,NA,NA
13934,"Site1","2024-08-03","Plot1","4","2024-08-02","Y22","_0Y0529","_0Y0529",1,"2024-08-02","coccoloba densifrons",489.4399508973,429.449991304427,21.1,1.3,NA,"ABS",NA,NA,NA,NA
2344,"Site1","2024-08-03","Plot1","4","2024-08-02","E1","_0E0006","_0E0006",1,"2024-08-02","swartzia calva",80.1599585582153,11.0400169249624,16.7,1.3,NA,"AS",NA,NA,NA,NA
149,"Site1","2024-08-03","Plot1","4","2024-08-02","A9","_0A0225","_0A0225",1,"2024-08-02","scleronema micranthum",16.0100401489763,173.49998635985,31.8309886183791,1.3,NA,"AS",NA,NA,NA,NA
7140,"Site1","2024-08-03","Plot1","4","2024-08-02","M13","_0M0285","_0M0285",1,"2024-08-02","sapium glandulosum",249.159959274635,259.219964014366,56.1,1.3,NA,"AS",NA,NA,NA,NA
5689,"Site1","2024-08-03","Plot1","4","2024-08-02","J11","_0J2481","_0J2481",1,"2024-08-02","iriartea deltoidea",183.759951319429,206.729978302494,25.2,2,NA,"AS",NA,NA,NA,NA
100,"Site1","2024-08-03","Plot1","4","2024-08-02","A6","_0A0149","_0A0149",1,"2024-08-02","iriartea deltoidea",7.67000354907941,112.989980775863,23.3957766345086,2.6,NA,"AS",NA,NA,NA,NA
13287,"Site1","2024-08-03","Plot1","4","2024-08-02","X19","_0X0458","_0X0458",1,"2024-08-02","symphonia globulifera",479.88000469812,366.769969465211,21.6,1.3,NA,"AS",NA,NA,NA,NA
2346,"Site1","2024-08-03","Plot1","4","2024-08-02","E1","_0E0008","_0E0008",1,"2024-08-02","astrocaryum ferrugineum",81.7188445452484,14.940417509526,17.1,1.3,NA,"AS",NA,NA,NA,NA
2450,"Site1","2024-08-03","Plot1","4","2024-08-02","E8","_0E0163","_0E0163",1,"2024-08-02","dussia tessmannii",82.889960742963,151.299965173006,23.8,1.3,NA,"AS",NA,NA,NA,NA
91,"Site1","2024-08-03","Plot1","4","2024-08-02","A6","_0A0137","_0A0137",1,"2024-08-02","iriartea deltoidea",0.999985474685673,108.989996610209,22.6477484019767,4.3,NA,"AS",NA,NA,NA,NA
6925,"Site1","2024-08-03","Plot1","4","2024-08-02","L22","_0L4509","_0L4509",1,"2024-08-02","pouteria bangii",222.389991640637,432.650000922382,12.5,1.3,NA,"AS",NA,NA,NA,NA
7349,"Site1","2024-08-03","Plot1","4","2024-08-02","M1","_0M0734","_0M0734",1,"2024-08-02","pleurothyrium vasquezii",241.419980510545,15.5499725043774,11.1,1.3,NA,"AS",NA,NA,NA,NA
5174,"Site1","2024-08-03","Plot1","4","2024-08-02","I19","_0I3871","_0I3871",1,"2024-08-02","conceveiba guianensis",173.919976551493,360.160015789792,13.3,1.3,NA,"AS",NA,NA,NA,NA
6995,"Site1","2024-08-03","Plot1","4","2024-08-02","M3","_0M0058","_0M0058",1,"2024-08-02","sloanea guianensis",246.16996864049,49.0799815226346,20.3,1.3,NA,"AS",NA,NA,NA,NA
10528,"Site1","2024-08-03","Plot1","4","2024-08-02","S14","_0S0321","_0S0321",1,"2024-08-02","conceveiba guianensis",364.019957108831,263.240029400215,19.7,1.3,NA,"AS",NA,NA,NA,NA
4816,"Site1","2024-08-03","Plot1","4","2024-08-02","I11","_0I0268","_0I0268",1,"2024-08-02","aspidosperma rigidum",173.399975195411,200.299999099225,12.8,1.3,NA,"AS",NA,NA,NA,NA
5878,"Site1","2024-08-03","Plot1","4","2024-08-02","K6","_0K0127","_0K0127",1,"2024-08-02","macrolobium angustifolium",205.9499988936,111.549965223297,33,1.3,NA,"AS",NA,NA,NA,NA
14396,"Site1","2024-08-03","Plot1","4","2024-08-02","U7","_1U0094","_1U0094",1,"2024-08-02","unidentified",414.889983691217,137.730045869946,14.1,1.3,NA,"AS",NA,NA,NA,NA
9501,"Site1","2024-08-03","Plot1","4","2024-08-02","Q19","_0Q0389","_0Q0389",1,"2024-08-02","eschweilera coriacea",327.030044933374,364.979959884658,26.2,1.3,NA,"AS",NA,NA,NA,NA
11089,"Site1","2024-08-03","Plot1","4","2024-08-02","T20","_0T0440","_0T0440",1,"2024-08-02","sorocea steinbachii",389.450047190126,396.489975813776,25.1,1.3,NA,"AS",NA,NA,NA,NA
13932,"Site1","2024-08-03","Plot1","4","2024-08-02","Y21","_0Y0521","_0Y0521",1,"2024-08-02","euterpe precatoria",492.510014430445,406.019979389384,18.9,1.3,NA,"AS",NA,NA,NA,NA
14713,"Site1","2024-08-03","Plot1","4","2024-08-02","S15","_2S0960","_2S0960",1,"2024-08-02",NA,378.800828991109,285.614096559584,17.4,1.3,NA,"AS",NA,NA,NA,NA
10069,"Site1","2024-08-03","Plot1","4","2024-08-02","R22","_0R0448","_0R0448",1,"2024-08-02","theobroma subincanum",358.479986755992,439.009991088882,26.8,1.3,NA,"AS",NA,NA,NA,NA
6782,"Site1","2024-08-03","Plot1","4","2024-08-02","L1","_0L0739","_0L0739",1,"2024-08-02","prunus rotunda",226.450008113112,18.7500428333879,10.2,1.3,NA,"AS",NA,NA,NA,NA
8619,"Site1","2024-08-03","Plot1","4","2024-08-02","O19","_0O4003","_0O4003",1,"2024-08-02","conceveiba martiana",298.889972467907,365.66997135058,12.1,1.3,NA,"AS",NA,NA,NA,NA
12281,"Site1","2024-08-03","Plot1","4","2024-08-02","V5","_0V1392","_0V1392",1,"2024-08-02","eschweilera coriacea",434.139953324047,88.3300198670477,13.6,1.3,NA,"AS",NA,NA,NA,NA
6586,"Site1","2024-08-03","Plot1","4","2024-08-02","L14","_0L0296","_0L0296",1,"2024-08-02","perebea guianensis",221.850027119275,269.789992155507,15.5,1.3,NA,"AS",NA,NA,NA,NA
5232,"Site1","2024-08-03","Plot1","4","2024-08-02","J2","_0J0044","_0J0044",1,"2024-08-02","eschweilera itayensis",185.159956852964,31.7500394694507,19.4,1.3,NA,"AS",NA,NA,NA,NA
4680,"Site1","2024-08-03","Plot1","4","2024-08-02","I3","_0I0070","_0I0070",1,"2024-08-02","eschweilera parvifolia",175.029977630416,50.3100245967507,25.6,1.3,NA,"AS",NA,NA,NA,NA
7453,"Site1","2024-08-03","Plot1","4","2024-08-02","M19","_0M3816","_0M3816",1,"2024-08-02","iryanthera laevis",248.970048295334,364.480007115752,11.4,1.3,NA,"AS",NA,NA,NA,NA
951,"Site1","2024-08-03","Plot1","4","2024-08-02","B21","_0B0536","_0B0536",1,"2024-08-02","guarea gomma",26.7399989351979,404.860024601221,13.2098602766273,1.3,NA,"AS",NA,NA,NA,NA
8102,"Site1","2024-08-03","Plot1","4","2024-08-02","O3","_0O0069","_0O0069",1,"2024-08-02","protium opacum",290.699957656499,49.2199520803988,23.5,1.3,NA,"AS",NA,NA,NA,NA
9729,"Site1","2024-08-03","Plot1","4","2024-08-02","Q16","_0Q3357","_0Q3357",1,"2024-08-02","theobroma subincanum",335.119971752749,317.919957717881,12.4,1.3,NA,"AS",NA,NA,NA,NA
5261,"Site1","2024-08-03","Plot1","4","2024-08-02","J4","_0J0093","_0J0093",1,"2024-08-02","virola calophylla",181.070042548294,74.5800347924232,20.2,1.3,NA,"AS",NA,NA,NA,NA
14030,"Site1","2024-08-03","Plot1","4","2024-08-02","Y10","_0Y1877","_0Y1877",1,"2024-08-02","theobroma microcarpum",486.180044630135,185.590046958998,10.3,1.3,NA,"AS",NA,NA,NA,NA
1925,"Site1","2024-08-03","Plot1","4","2024-08-02","D9","_0D0194","_0D0194",1,"2024-08-02","otoba parvifolia",69.5199669527938,169.659985329956,13.432677196956,1.3,NA,"AS",NA,NA,NA,NA
4407,"Site1","2024-08-03","Plot1","4","2024-08-02","H23","_0H0538","_0H0538",1,"2024-08-02","otoba glycycarpa",150.580047661264,456.069971006364,43.2,1.3,NA,"AS",NA,NA,NA,NA
11152,"Site1","2024-08-03","Plot1","4","2024-08-02","T23","_0T0517","_0T0517",1,"2024-08-02","guatteria foliosa",392.21996420488,455.789983943105,35.3,1.3,NA,"AS",NA,NA,NA,NA
12762,"Site1","2024-08-03","Plot1","4","2024-08-02","W22","_0W0529","_0W0529",1,"2024-08-02","socratea exorrhiza",440.239990611852,421.680021390319,16.1,4.2,NA,"AS",NA,NA,NA,NA
2859,"Site1","2024-08-03","Plot1","4","2024-08-02","E20","_0E4215","_0E4215",1,"2024-08-02","faramea anisocalyx",98.7699853660888,388.00996696949,13.5,1.3,NA,"AS",NA,NA,NA,NA
9770,"Site1","2024-08-03","Plot1","4","2024-08-02","Q20","_0Q4058","_0Q4058",1,"2024-08-02","angostura simplex",331.370036463428,390.50997004658,10.1,1.3,NA,"AS",NA,NA,NA,NA
14378,"Site1","2024-08-03","Plot1","4","2024-08-02","S18","_1S0260","_1S0260",1,"2024-08-02","cecropia ficifolia",364.220147080312,345.632265707478,31.3,1.3,NA,"AS",NA,NA,NA,NA
4856,"Site1","2024-08-03","Plot1","4","2024-08-02","I13","_0I0327","_0I0327",1,"2024-08-02","pseudolmedia laevis",174.090049677936,247.469960201532,46.4,1.3,NA,"AS",NA,NA,NA,NA
1889,"Site1","2024-08-03","Plot1","4","2024-08-02","D6","_0D0139","_0D0139",1,"2024-08-02","conceveiba guianensis",67.3399577316013,117.739954439923,18.2073254897128,1.3,NA,"AS",NA,NA,NA,NA
9467,"Site1","2024-08-03","Plot1","4","2024-08-02","Q16","_0Q0336","_0Q0336",1,"2024-08-02","eschweilera coriacea",339.250010714808,300.939988488331,21.3,1.3,NA,"AS",NA,NA,NA,NA
11705,"Site1","2024-08-03","Plot1","4","2024-08-02","U24","_0U0548","_0U0548",1,"2024-08-02","maquira calophylla",412.180011932098,479.530036481097,22.1,1.3,NA,"AS",NA,NA,NA,NA
14890,"Site1","2024-08-03","Plot1","4","2024-08-02",NA,"_3M0605","_3M0605",1,"2025-01-27",NA,249.491390177864,377.699403049424,19.5,1.3,NA,"AS",NA,NA,NA,NA
12313,"Site1","2024-08-03","Plot1","4","2024-08-02","V10","_0V2045","_0V2045",1,"2024-08-02","eschweilera coriacea",429.729961022327,188.450030123815,15.2,1.3,NA,"AS",NA,NA,NA,NA
1907,"Site1","2024-08-03","Plot1","4","2024-08-02","D7","_0D0166","_0D0166",1,"2024-08-02","pouteria sp.6",70.9199612179655,133.67996478267,30.2712701760785,1.3,NA,"AS",NA,NA,NA,NA
8895,"Site1","2024-08-03","Plot1","4","2024-08-02","P16","_0P0352","_0P0352",1,"2024-08-02","eschweilera coriacea",312.489986775036,301.23997855559,24.6,2.05,NA,"AS",NA,NA,NA,NA
11808,"Site1","2024-08-03","Plot1","4","2024-08-02","U10","_0U2210","_0U2210",1,"2024-08-02","theobroma subincanum",411.370040384936,180.700036907569,11.4,1.3,NA,"AS",NA,NA,NA,NA
12113,"Site1","2024-08-03","Plot1","4","2024-08-02","V14","_0V0295","_0V0295",1,"2024-08-02","hymenopus arachnoideus",425.529977986182,271.970040889457,19.4,1.3,NA,"AS",NA,NA,NA,NA
3310,"Site1","2024-08-03","Plot1","4","2024-08-02","F6","_0F1663","_0F1663",1,"2024-08-02","dendropanax cuneatus",101.910327065678,110.278737757355,12.2,1.3,NA,"AS",NA,NA,NA,NA
6670,"Site1","2024-08-03","Plot1","4","2024-08-02","L20","_0L0434","_0L0434",1,"2024-08-02","rinorea lindeniana",220.749954506988,382.310021415353,13.6,1.3,NA,"AS",NA,NA,NA,NA
12911,"Site1","2024-08-03","Plot1","4","2024-08-02","W21","_0W3687","_0W3687",1,"2024-08-02","sterculia tessmannii",457.390030257229,401.479998754337,10.3,1.3,NA,"AS",NA,NA,NA,NA
2310,"Site1","2024-08-03","Plot1","4","2024-08-02","D22","_0D4522","_0D4522",1,"2024-08-02","symphonia globulifera",68.2399710409809,422.009993350133,12.3,1.3,NA,"AS",NA,NA,NA,NA
11768,"Site1","2024-08-03","Plot1","4","2024-08-02","U4","_0U1278","_0U1278",1,"2024-08-02","tachigali formicarum",402.799966564111,79.1099756099284,10.3,1.3,NA,"AS",NA,NA,NA,NA
13231,"Site1","2024-08-03","Plot1","4","2024-08-02","X17","_0X0385","_0X0385",1,"2024-08-02","pouteria sp.2",460.159981630859,324.249974258244,19,1.3,NA,"AS",NA,NA,NA,NA
4395,"Site1","2024-08-03","Plot1","4","2024-08-02","H23","_0H0520","_0H0520",1,"2024-08-02","eschweilera coriacea",141.609961544978,445.909986138344,30.6,2.5,NA,"AS",NA,NA,NA,NA
7614,"Site1","2024-08-03","Plot1","4","2024-08-02","N8","_0N0169","_0N0169",1,"2024-08-02","brosimum guianense",275.000017660146,155.15000808984,27.4,1.3,NA,"AS",NA,NA,NA,NA
12197,"Site1","2024-08-03","Plot1","4","2024-08-02","V19","_0V0418","_0V0418",1,"2024-08-02","socratea exorrhiza",427.760030826437,376.239995613694,17.1,4.05,NA,"AS",NA,NA,NA,NA
10609,"Site1","2024-08-03","Plot1","4","2024-08-02","S23","_0S0477","_0S0477",1,"2024-08-02","iryanthera hostmannii",364.930007585266,445.290033368394,10.6,1.3,NA,"AS",NA,NA,NA,NA
10752,"Site1","2024-08-03","Plot1","4","2024-08-02","S11","_0S2271","_0S2271",1,"2024-08-02","eschweilera itayensis",360.580037135049,203.219976492226,11.5,1.3,NA,"AS",NA,NA,NA,NA
11633,"Site1","2024-08-03","Plot1","4","2024-08-02","U21","_0U0450","_0U0450",1,"2024-08-02","dendropanax cuneatus",402.640037028119,409.640025021508,24,1.3,NA,"AS",NA,NA,NA,NA
8946,"Site1","2024-08-03","Plot1","4","2024-08-02","P21","_0P0448","_0P0448",1,"2024-08-02","iryanthera macrophylla",306.879994264746,403.439998572692,17.5,1.3,NA,"AS",NA,NA,NA,NA
4895,"Site1","2024-08-03","Plot1","4","2024-08-02","I16","_0I0388","_0I0388",1,"2024-08-02","iryanthera hostmannii",175.580033923557,302.469961656258,13.4,1.3,NA,"AS",NA,NA,NA,NA
6050,"Site1","2024-08-03","Plot1","4","2024-08-02","K17","_0K0382","_0K0382",1,"2024-08-02","poraqueiba sericea",214.939970783307,336.090001828969,38.6,1.3,NA,"AS",NA,NA,NA,NA
2910,"Site1","2024-08-03","Plot1","4","2024-08-02","F2","_0F0043","_0F0043",1,"2024-08-02","tapirira guianensis",112.529951758508,38.5599653366953,43,2.6,NA,"AS",NA,NA,NA,NA
1248,"Site1","2024-08-03","Plot1","4","2024-08-02","C4","_0C0084","_0C0084",1,"2024-08-02","eschweilera coriacea",50.3199999968638,74.9199999999255,22.2180300556286,1.3,NA,"AS",NA,NA,NA,NA
11014,"Site1","2024-08-03","Plot1","4","2024-08-02","T12","_0T0280","_0T0280",1,"2024-08-02","swartzia leptopetala",395.900020611996,228.70001523383,35.3,1.3,NA,"AS",NA,NA,NA,NA
7382,"Site1","2024-08-03","Plot1","4","2024-08-02","M8","_0M1786","_0M1786",1,"2024-08-02","virola peruviana",243.32995364134,149.280006621033,12.2,1.3,NA,"AS",NA,NA,NA,NA
4390,"Site1","2024-08-03","Plot1","4","2024-08-02","H22","_0H0514","_0H0514",1,"2024-08-02","leptobalanus octandrus",159.260035877058,429.839950958267,13.4,1.3,NA,"AS",NA,NA,NA,NA
607,"Site1","2024-08-03","Plot1","4","2024-08-02","B1","_0B0017","_0B0017",1,"2024-08-02","sapium marmieri",32.2299999953248,13.4499999992549,34.4729606737045,1.3,NA,"AS",NA,NA,NA,NA
11004,"Site1","2024-08-03","Plot1","4","2024-08-02","T12","_0T0264","_0T0264",1,"2024-08-02","eschweilera coriacea",384.1699650308,231.250019393861,30.4,1.3,NA,"AS",NA,NA,NA,NA
2831,"Site1","2024-08-03","Plot1","4","2024-08-02","E17","_0E3612","_0E3612",1,"2024-08-02","rudgea viburnoides",96.4600151216728,338.539997948334,13,1.3,NA,"AS",NA,NA,NA,NA
8738,"Site1","2024-08-03","Plot1","4","2024-08-02","P6","_0P0119","_0P0119",1,"2024-08-02","unonopsis guatterioides",301.979953768139,106.379998942837,13,1.3,NA,"AS",NA,NA,NA,NA
2474,"Site1","2024-08-03","Plot1","4","2024-08-02","E9","_0E0201","_0E0201",1,"2024-08-02","eschweilera coriacea",88.4400309729972,173.560030801222,45.2,3.8,NA,"AS",NA,NA,NA,NA
12759,"Site1","2024-08-03","Plot1","4","2024-08-02","W21","_0W0526","_0W0526",1,"2024-08-02","drypetes sp.2",455.240040106699,402.599957024679,19.3,1.3,NA,"AS",NA,NA,NA,NA
2236,"Site1","2024-08-03","Plot1","4","2024-08-02","D12","_0D2860","_0D2860",1,"2024-08-02","erythroxylum rufum",76.2899880055338,234.829982407391,11.3636629367613,1.3,NA,"AS",NA,NA,NA,NA
8446,"Site1","2024-08-03","Plot1","4","2024-08-02","O24","_0O0588","_0O0588",1,"2024-08-02","perebea angustifolia",298.450022250705,477.070023031905,33.5,1.3,NA,"AS",NA,NA,NA,NA
8460,"Site1","2024-08-03","Plot1","4","2024-08-02","O25","_0O0612","_0O0612",1,"2024-08-02","guarea gomma",294.909973135102,494.879967445508,44.2,1.3,NA,"AS",NA,NA,NA,NA
4736,"Site1","2024-08-03","Plot1","4","2024-08-02","I6","_0I0150","_0I0150",1,"2024-08-02","socratea exorrhiza",175.740007066983,109.759961301461,15.5,1.3,NA,"AS",NA,NA,NA,NA
3482,"Site1","2024-08-03","Plot1","4","2024-08-02","G4","_0G0075","_0G0075",1,"2024-08-02","iryanthera hostmannii",139.650048013253,71.2199596147984,13.4,1.3,NA,"AS",NA,NA,NA,NA
2089,"Site1","2024-08-03","Plot1","4","2024-08-02","D20","_0D0436","_0D0436",1,"2024-08-02","moquilea guianensis",78.1099996889825,391.22002764605,13,1.3,NA,"AS",NA,NA,NA,NA
7361,"Site1","2024-08-03","Plot1","4","2024-08-02","M3","_0M1124","_0M1124",1,"2024-08-02","buchenavia tetraphylla",247.420015310985,53.3699838165194,11,1.3,NA,"AS",NA,NA,NA,NA
8856,"Site1","2024-08-03","Plot1","4","2024-08-02","P14","_0P0299","_0P0299",1,"2024-08-02","compsoneura sprucei",309.660013007058,267.17003904283,16.7,1.3,NA,"AS",NA,NA,NA,NA
1122,"Site1","2024-08-03","Plot1","4","2024-08-02","B16","_0B3788","_0B3788",1,"2024-08-02","casearia javitensis",37.5399999990477,310.320000000298,13.3053532424825,1.3,NA,"AS",NA,NA,NA,NA
6681,"Site1","2024-08-03","Plot1","4","2024-08-02","L20","_0L0455","_0L0455",1,"2024-08-02","sloanea durissima",239.310000783938,382.199989894405,21.1,2.7,NA,"AS",NA,NA,NA,NA
12636,"Site1","2024-08-03","Plot1","4","2024-08-02","W15","_0W0343","_0W0343",1,"2024-08-02","guarea gomma",441.310011337686,298.500047877431,13,1.3,NA,"AS",NA,NA,NA,NA
10347,"Site1","2024-08-03","Plot1","4","2024-08-02","S1","_0S0020","_0S0020",1,"2024-08-02","euterpe precatoria",374.410040269606,9.0000414699316,16.5,1.3,NA,"AS",NA,NA,NA,NA
12605,"Site1","2024-08-03","Plot1","4","2024-08-02","W13","_0W0301","_0W0301",1,"2024-08-02","couroupita subsessilis",454.11997472489,249.469950424507,33.3,1.3,NA,"AS",NA,NA,NA,NA
14270,"Site1","2024-08-03","Plot1","4","2024-08-02","J8","_1J0332","_1J0332",1,"2024-08-02","parkia multijuga",193.580048028438,145.76999030821,18.7,1.3,NA,"AS",NA,NA,NA,NA
162,"Site1","2024-08-03","Plot1","4","2024-08-02","A10","_0A0244","_0A0244",1,"2024-08-02","bauhinia brachycalyx",18.0300362906419,199.740006156266,15.1197195937301,1.3,NA,"AS",NA,NA,NA,NA
636,"Site1","2024-08-03","Plot1","4","2024-08-02","B3","_0B0069","_0B0069",1,"2024-08-02","chimarrhis glabriflora",20.7099999926286,44.269999999553,14.7377477303095,1.3,NA,"AS",NA,NA,NA,NA
2754,"Site1","2024-08-03","Plot1","4","2024-08-02","E4","_0E1316","_0E1316",1,"2024-08-02","virola multinervia",99.2700280816061,67.2999902311713,11.3,1.3,NA,"AS",NA,NA,NA,NA
9823,"Site1","2024-08-03","Plot1","4","2024-08-02","R1","_0R0020","_0R0020",1,"2024-08-02","eschweilera coriacea",353.939984831319,4.00004587695003,44.3,4.3,NA,"AS",NA,NA,NA,NA
5664,"Site1","2024-08-03","Plot1","4","2024-08-02","J7","_0J1957","_0J1957",1,"2024-08-02","inga stenoptera",190.82995757024,126.509958365932,18.7,1.3,NA,"AS",NA,NA,NA,NA
3995,"Site1","2024-08-03","Plot1","4","2024-08-02","G20","_0G4088","_0G4088",1,"2024-08-02","sorocea pubivena",135.790017345629,384.399963179603,10.9,1.3,NA,"AS",NA,NA,NA,NA
13194,"Site1","2024-08-03","Plot1","4","2024-08-02","X14","_0X0333","_0X0333",1,"2024-08-02","eschweilera coriacea",479.860012001998,261.130047643557,19.8,1.3,NA,"AS",NA,NA,NA,NA
5817,"Site1","2024-08-03","Plot1","4","2024-08-02","K2","_0K0040","_0K0040",1,"2024-08-02","guatteria modesta",217.990005478438,34.3900117091835,26.6,1.3,NA,"AS",NA,NA,NA,NA
4892,"Site1","2024-08-03","Plot1","4","2024-08-02","I16","_0I0385","_0I0385",1,"2024-08-02","ophiocaryon klugii",173.829957646143,306.269980395213,10.2,1.3,NA,"AS",NA,NA,NA,NA
6774,"Site1","2024-08-03","Plot1","4","2024-08-02","L13","_0L0590","_0L0590",1,"2024-08-02","guatteria ramiflora",225.81000755023,241.849962105975,21.6,1.3,NA,"AS",NA,NA,NA,NA
3109,"Site1","2024-08-03","Plot1","4","2024-08-02","F16","_0F0355","_0F0355",1,"2024-08-02","guarea sp.1",105.19998872251,301.50001225248,17.7,1.3,NA,"AS",NA,NA,NA,NA
9354,"Site1","2024-08-03","Plot1","4","2024-08-02","Q8","_0Q0173","_0Q0173",1,"2024-08-02","socratea exorrhiza",336.229976194561,158.749951127917,14.3,3.93,NA,"AS",NA,NA,NA,NA
11249,"Site1","2024-08-03","Plot1","4","2024-08-02","T6","_0T1497","_0T1497",1,"2024-08-02","spachea tricarpa",394.270040879841,106.059974290431,10.8,1.3,NA,"AS",NA,NA,NA,NA
2821,"Site1","2024-08-03","Plot1","4","2024-08-02","E16","_0E3319","_0E3319",1,"2024-08-02","inga vismiifolia",81.2499949717312,311.000003581867,10.1,1.3,NA,"AS",NA,NA,NA,NA
13859,"Site1","2024-08-03","Plot1","4","2024-08-02","Y17","_0Y0436","_0Y0436",1,"2024-08-02","pouteria ephedrantha",493.38998849917,321.629959153011,13.45,1.3,NA,"AS",NA,NA,NA,NA
4174,"Site1","2024-08-03","Plot1","4","2024-08-02","H10","_0H0208","_0H0208",1,"2024-08-02","warszewiczia coccinea",153.790006977273,182.34998572059,16.7,1.3,NA,"AS",NA,NA,NA,NA
4622,"Site1","2024-08-03","Plot1","4","2024-08-02","H6","_0H5123","_0H5123",1,"2024-08-02",NA,141.437531736388,102.473777502775,15.3,1.3,NA,"AS",NA,NA,NA,NA
3740,"Site1","2024-08-03","Plot1","4","2024-08-02","G20","_0G0440","_0G0440",1,"2024-08-02","micropholis egensis",122.980032394582,389.689982717857,21.2,1.3,NA,"AS",NA,NA,NA,NA
12154,"Site1","2024-08-03","Plot1","4","2024-08-02","V16","_0V0351","_0V0351",1,"2024-08-02","marila tomentosa",431.919958274288,305.470000829548,16.5,1.3,NA,"AS",NA,NA,NA,NA
3169,"Site1","2024-08-03","Plot1","4","2024-08-02","F19","_0F0455","_0F0455",1,"2024-08-02","myrcia aliena",119.930047691625,374.84003071487,24.7,1.3,NA,"AS",NA,NA,NA,NA
6627,"Site1","2024-08-03","Plot1","4","2024-08-02","L16","_0L0363","_0L0363",1,"2024-08-02","protium opacum",235.849992004398,304.690046623349,16.7,1.3,NA,"AS",NA,NA,NA,NA
10422,"Site1","2024-08-03","Plot1","4","2024-08-02","S6","_0S0127","_0S0127",1,"2024-08-02","eschweilera coriacea",361.960019892489,106.440022042021,51,2.7,NA,"ABS",NA,NA,NA,NA
3546,"Site1","2024-08-03","Plot1","4","2024-08-02","G8","_0G0165","_0G0165",1,"2024-08-02","eschweilera itayensis",139.770031081804,151.130011184141,26.6,1.3,NA,"AS",NA,NA,NA,NA
1151,"Site1","2024-08-03","Plot1","4","2024-08-02","B21","_0B4594","_0B4594",1,"2024-08-02","guatteria ramiflora",29.9299738844275,419.349963195622,12.5732405042597,1.3,NA,"AS",NA,NA,NA,NA
3565,"Site1","2024-08-03","Plot1","4","2024-08-02","G10","_0G0198","_0G0198",1,"2024-08-02","iriartea deltoidea",122.980019781156,190.600046314299,24.6,1.3,NA,"AS",NA,NA,NA,NA
5675,"Site1","2024-08-03","Plot1","4","2024-08-02","J9","_0J2167","_0J2167",1,"2024-08-02","micropholis egensis",185.759967854421,164.850002899766,12.1,1.3,NA,"AS",NA,NA,NA,NA
7860,"Site1","2024-08-03","Plot1","4","2024-08-02","N23","_0N0497","_0N0497",1,"2024-08-02","otoba glycycarpa",261.329966070771,449.889969039708,23.2,1.3,NA,"AS",NA,NA,NA,NA
3578,"Site1","2024-08-03","Plot1","4","2024-08-02","G10","_0G0212","_0G0212",1,"2024-08-02","simaba polyphylla",133.089974786912,183.650014305487,33,1.4,NA,"AS",NA,NA,NA,NA
11232,"Site1","2024-08-03","Plot1","4","2024-08-02","T4","_0T1180","_0T1180",1,"2024-08-02","eschweilera itayensis",393.079967095924,75.0799856577069,15.1,1.3,NA,"AS",NA,NA,NA,NA
4433,"Site1","2024-08-03","Plot1","4","2024-08-02","H25","_0H0582","_0H0582",1,"2024-08-02","eschweilera coriacea",141.879959221464,486.749989228323,12,1.3,NA,"AS",NA,NA,NA,NA
4027,"Site1","2024-08-03","Plot1","4","2024-08-02","H1","_0H0006","_0H0006",1,"2024-08-02","rudgea viburnoides",149.900021195121,7.30997772328556,14.8,1.3,NA,"AS",NA,NA,NA,NA
4635,"Site1","2024-08-03","Plot1","4","2024-08-02","I1","_0I0006","_0I0006",1,"2024-08-02","euterpe precatoria",169.219981268921,9.1900428198278,13.4,1.3,NA,"AS",NA,NA,NA,NA
13854,"Site1","2024-08-03","Plot1","4","2024-08-02","Y17","_0Y0431","_0Y0431",1,"2024-08-02","perebea xanthochyma",491.249971938727,336.039997059852,13.9,1.3,NA,"AS",NA,NA,NA,NA
3252,"Site1","2024-08-03","Plot1","4","2024-08-02","F24","_0F0570","_0F0570",1,"2024-08-02","astrocaryum ferrugineum",100.970043473993,478.860002780333,17.8,1.3,NA,"AS",NA,NA,NA,NA
10452,"Site1","2024-08-03","Plot1","4","2024-08-02","S8","_0S0176","_0S0176",1,"2024-08-02","eschweilera coriacea",363.740017185977,146.729976642877,21.1,1.3,NA,"AS",NA,NA,NA,NA
9803,"Site1","2024-08-03","Plot1","4","2024-08-02","Q5","_0Q5409","_0Q5409",1,"2024-08-02",NA,325.500007095805,91.8924420680851,14,1.3,NA,"AS",NA,NA,NA,NA
12489,"Site1","2024-08-03","Plot1","4","2024-08-02","W5","_0W0117","_0W0117",1,"2024-08-02","ormosia sp.1",458.140006265487,83.330008873716,45.2,1.4,NA,"AS",NA,NA,NA,NA
5521,"Site1","2024-08-03","Plot1","4","2024-08-02","J21","_0J0513","_0J0513",1,"2024-08-02","conceveiba martiana",189.350026756583,413.259961571544,26.4,1.3,NA,"AS",NA,NA,NA,NA
12350,"Site1","2024-08-03","Plot1","4","2024-08-02","V16","_0V2877","_0V2877",1,"2024-08-02","brosimum lactescens",426.35997627402,309.390000009909,16.1,1.3,NA,"AS",NA,NA,NA,NA
1293,"Site1","2024-08-03","Plot1","4","2024-08-02","C7","_0C0139","_0C0139",1,"2024-08-02","eschweilera itayensis",48.5399999942747,131.699999999255,38.0698623875814,1.98,NA,"AS",NA,NA,NA,NA
2015,"Site1","2024-08-03","Plot1","4","2024-08-02","D15","_0D0317","_0D0317",1,"2024-08-02","caraipa grandifolia",64.0199939917657,284.030044160783,33.0087351972591,1.3,NA,"AS",NA,NA,NA,NA
1406,"Site1","2024-08-03","Plot1","4","2024-08-02","C15","_0C0302","_0C0302",1,"2024-08-02","sorocea pubivena",44.0299999894924,289.009999999776,28.1704249272655,1.3,NA,"AS",NA,NA,NA,NA
3196,"Site1","2024-08-03","Plot1","4","2024-08-02","F21","_0F0495","_0F0495",1,"2024-08-02","guarea pubescens",113.04576589365,416.269164316356,11.6,1.3,NA,"AS",NA,NA,NA,NA
7231,"Site1","2024-08-03","Plot1","4","2024-08-02","M19","_0M0418","_0M0418",1,"2024-08-02","iryanthera juruensis",245.280038267083,370.249979307875,20.8,2.5,NA,"AS",NA,NA,NA,NA
2609,"Site1","2024-08-03","Plot1","4","2024-08-02","E16","_0E0394","_0E0394",1,"2024-08-02","chrysochlamys weberbaueri",98.0500350093353,308.469959853217,17.8,1.3,NA,"AS",NA,NA,NA,NA
4669,"Site1","2024-08-03","Plot1","4","2024-08-02","I3","_0I0055","_0I0055",1,"2024-08-02","dendropanax cuneatus",169.43004668504,46.2399775180966,11.3,1.3,NA,"AS",NA,NA,NA,NA
7796,"Site1","2024-08-03","Plot1","4","2024-08-02","N19","_0N0412","_0N0412",1,"2024-08-02","brosimum utile",270.41004067735,378.779950793833,14.6,1.3,NA,"AS",NA,NA,NA,NA
14081,"Site1","2024-08-03","Plot1","4","2024-08-02","Y17","_0Y3221","_0Y3221",1,"2024-08-02","inga sp.11",486.790040550637,331.75995725207,12.3,1.3,NA,"AS",NA,NA,NA,NA
8081,"Site1","2024-08-03","Plot1","4","2024-08-02","O2","_0O0033","_0O0033",1,"2024-08-02","guarea pterorhachis",286.320021678112,25.9300237502903,13.5,1.3,NA,"AS",NA,NA,NA,NA
4001,"Site1","2024-08-03","Plot1","4","2024-08-02","G22","_0G4425","_0G4425",1,"2024-08-02","sorocea steinbachii",135.149986381235,423.169978126884,11.7,1.5,NA,"AS",NA,NA,NA,NA
12828,"Site1","2024-08-03","Plot1","4","2024-08-02","W5","_0W1295","_0W1295",1,"2024-08-02","eschweilera coriacea",443.800006847654,99.1599777247757,11.1,1.3,NA,"AS",NA,NA,NA,NA
2,"Site1","2024-08-03","Plot1","4","2024-08-02","A1","_0A0002","_0A0002",1,"2024-08-02","annona edulis",2.99999882251723,0.069954689592123,14.4830998213625,1.3,NA,"AS",NA,NA,NA,NA
8863,"Site1","2024-08-03","Plot1","4","2024-08-02","P14","_0P0310","_0P0310",1,"2024-08-02","naucleopsis riparia",317.949972510862,276.659964678809,24.2,1.3,NA,"AS",NA,NA,NA,NA
7816,"Site1","2024-08-03","Plot1","4","2024-08-02","N20","_0N0439","_0N0439",1,"2024-08-02","vatairea guianensis",272.169979902275,384.580015236512,65,3.8,NA,"AS",NA,NA,NA,NA
13439,"Site1","2024-08-03","Plot1","4","2024-08-02","X14","_0X2469","_0X2469",1,"2024-08-02","hymenopus arachnoideus",465.61004143249,267.319997301325,10.4,1.3,NA,"AS",NA,NA,NA,NA
11472,"Site1","2024-08-03","Plot1","4","2024-08-02","U9","_0U0189","_0U0189",1,"2024-08-02","astrocaryum ferrugineum",415.759999823349,176.759997839108,16.7,1.3,NA,"AS",NA,NA,NA,NA
8963,"Site1","2024-08-03","Plot1","4","2024-08-02","P22","_0P0475","_0P0475",1,"2024-08-02","oxandra riedeliana",311.090043486038,434.720045505092,17.6,1.3,NA,"AS",NA,NA,NA,NA
8933,"Site1","2024-08-03","Plot1","4","2024-08-02","P20","_0P0426","_0P0426",1,"2024-08-02","licania triandra",302.960045621323,394.769985990599,26.3,1.3,NA,"AS",NA,NA,NA,NA
2317,"Site1","2024-08-03","Plot1","4","2024-08-02","D23","_0D4694","_0D4694",1,"2024-08-02","naucleopsis concinna",73.2799590753275,449.579978663474,13.2,1.3,NA,"AS",NA,NA,NA,NA
13324,"Site1","2024-08-03","Plot1","4","2024-08-02","X21","_0X0526","_0X0526",1,"2024-08-02","astrocaryum ferrugineum",477.290025706461,404.020046807826,16.2,1.3,NA,"AS",NA,NA,NA,NA
8897,"Site1","2024-08-03","Plot1","4","2024-08-02","P16","_0P0354","_0P0354",1,"2024-08-02","eschweilera itayensis",313.870040393376,305.460016462952,33.8,1.3,NA,"AS",NA,NA,NA,NA
8862,"Site1","2024-08-03","Plot1","4","2024-08-02","P14","_0P0308","_0P0308",1,"2024-08-02","dendropanax cuneatus",314.399951638246,272.760012038052,16.6,1.3,NA,"AS",NA,NA,NA,NA
5683,"Site1","2024-08-03","Plot1","4","2024-08-02","J9","_0J2304","_0J2304",1,"2024-08-02","guarea grandifolia",197.060029002663,162.240033408627,10.6,1.3,NA,"AS",NA,NA,NA,NA
4540,"Site1","2024-08-03","Plot1","4","2024-08-02","H13","_0H2978","_0H2978",1,"2024-08-02","rhodostemonodaphne kunthiana",141.250047985755,254.070008572191,15,1.3,NA,"AS",NA,NA,NA,NA
10079,"Site1","2024-08-03","Plot1","4","2024-08-02","R23","_0R0461","_0R0461",1,"2024-08-02","leptobalanus octandrus",343.979957295523,454.330018183216,18.5,1.3,NA,"AS",NA,NA,NA,NA
7727,"Site1","2024-08-03","Plot1","4","2024-08-02","N14","_0N0310","_0N0310",1,"2024-08-02","mollia gracilis",274.279988762399,269.629954943433,30.3,1.3,NA,"AS",NA,NA,NA,NA
14136,"Site1","2024-08-03","Plot1","4","2024-08-02","Y1","_0Y5032","_0Y5032",1,"2024-08-02","eschweilera coriacea",490.290026389528,3.87003885768354,14.2,1.3,NA,"AS",NA,NA,NA,NA
3270,"Site1","2024-08-03","Plot1","4","2024-08-02","F25","_0F0597","_0F0597",1,"2024-08-02","siparuna cristata",113.950038804382,485.739996487275,17.3,1.3,NA,"AS",NA,NA,NA,NA
12279,"Site1","2024-08-03","Plot1","4","2024-08-02","V5","_0V1328","_0V1328",1,"2024-08-02","alchorneopsis floribunda",425.749974867504,96.7200361732394,27.6,1.8,NA,"AS",NA,NA,NA,NA
5130,"Site1","2024-08-03","Plot1","4","2024-08-02","I13","_0I2891","_0I2891",1,"2024-08-02","virola peruviana",163.789967607532,246.449962204322,12.8,1.3,NA,"AS",NA,NA,NA,NA
11207,"Site1","2024-08-03","Plot1","4","2024-08-02","T1","_0T0766","_0T0766",1,"2024-08-02","conceveiba guianensis",399.830017016327,11.8399694412947,16,1.3,NA,"AS",NA,NA,NA,NA
1225,"Site1","2024-08-03","Plot1","4","2024-08-02","C2","_0C0047","_0C0047",1,"2024-08-02","rinorea lindeniana",55.1499999939115,21.269999999553,11.3636629367613,1.3,NA,"AS",NA,NA,NA,NA
5865,"Site1","2024-08-03","Plot1","4","2024-08-02","K5","_0K0109","_0K0109",1,"2024-08-02","conceveiba guianensis",216.960005197208,97.6100253798068,25.9,2.55,NA,"AS",NA,NA,NA,NA
1945,"Site1","2024-08-03","Plot1","4","2024-08-02","D10","_0D0221","_0D0221",1,"2024-08-02","esenbeckia amazonica",73.7700414579595,182.380024539307,15.4698604685322,1.3,NA,"AS",NA,NA,NA,NA
7683,"Site1","2024-08-03","Plot1","4","2024-08-02","N12","_0N0255","_0N0255",1,"2024-08-02","otoba glycycarpa",274.910021045536,239.079990245402,74.2,3.5,NA,"AS",NA,NA,NA,NA
4277,"Site1","2024-08-03","Plot1","4","2024-08-02","H15","_0H0340","_0H0340",1,"2024-08-02","astrocaryum ferrugineum",158.679971231613,283.769957890734,13.2,1.3,NA,"AS",NA,NA,NA,NA
8943,"Site1","2024-08-03","Plot1","4","2024-08-02","P20","_0P0441","_0P0441",1,"2024-08-02","esenbeckia amazonica",312.249975345447,385.880010776222,26.8,1.3,NA,"AS",NA,NA,NA,NA
5404,"Site1","2024-08-03","Plot1","4","2024-08-02","J13","_0J0326","_0J0326",1,"2024-08-02","iryanthera elliptica",192.070025128894,246.960017673671,17.2,1.3,NA,"AS",NA,NA,NA,NA
5884,"Site1","2024-08-03","Plot1","4","2024-08-02","K6","_0K0142","_0K0142",1,"2024-08-02","eschweilera coriacea",217.429950158694,104.780029196292,40,1.3,NA,"AS",NA,NA,NA,NA
463,"Site1","2024-08-03","Plot1","4","2024-08-02","A8","_0A1882","_0A1882",1,"2024-08-02","vochysia lomatophylla",6.64002595207421,144.209957305342,24.2233823385865,1.3,NA,"AS",NA,NA,NA,NA
6749,"Site1","2024-08-03","Plot1","4","2024-08-02","L24","_0L0553","_0L0553",1,"2024-08-02","conceveiba martiana",232.240032567701,464.839958740398,21.5,1.7,NA,"AS",NA,NA,NA,NA
9529,"Site1","2024-08-03","Plot1","4","2024-08-02","Q21","_0Q0438","_0Q0438",1,"2024-08-02","nealchornea yapurensis",324.559984483465,406.000014869496,21,1.3,NA,"AS",NA,NA,NA,NA
2132,"Site1","2024-08-03","Plot1","4","2024-08-02","D23","_0D0492","_0D0492",1,"2024-08-02","conceveiba guianensis",66.7699939105078,448.869976900518,20.1,1.3,NA,"AS",NA,NA,NA,NA
12752,"Site1","2024-08-03","Plot1","4","2024-08-02","W21","_0W0516","_0W0516",1,"2024-08-02","pachira insignis",453.180014206213,415.999993680045,26.8,1.3,NA,"AS",NA,NA,NA,NA
3958,"Site1","2024-08-03","Plot1","4","2024-08-02","G15","_0G3251","_0G3251",1,"2024-08-02","otoba parvifolia",137.700027191837,286.87004397437,12.6,1.3,NA,"AS",NA,NA,NA,NA
5080,"Site1","2024-08-03","Plot1","4","2024-08-02","I3","_0I1140","_0I1140",1,"2024-08-02","protium nodulosum",178.760032437451,50.2199693508446,11.5,1.3,NA,"AS",NA,NA,NA,NA
8417,"Site1","2024-08-03","Plot1","4","2024-08-02","O23","_0O0549","_0O0549",1,"2024-08-02","pouteria bilocularis",280.25998020143,444.929985899478,14.9,1.3,NA,"AS",NA,NA,NA,NA
11837,"Site1","2024-08-03","Plot1","4","2024-08-02","U14","_0U2700","_0U2700",1,"2024-08-02","eschweilera bracteosa",408.290003441914,263.199961138889,12.8,1.3,NA,"AS",NA,NA,NA,NA
9318,"Site1","2024-08-03","Plot1","4","2024-08-02","Q6","_0Q0127","_0Q0127",1,"2024-08-02","taralea oppositifolia",324.110004370275,111.599964361638,22.9,1.3,NA,"AS",NA,NA,NA,NA
10411,"Site1","2024-08-03","Plot1","4","2024-08-02","S5","_0S0108","_0S0108",1,"2024-08-02","campsiandra comosa",366.754394152493,84.6291369441897,28.2,1.9,NA,"AS",NA,NA,NA,NA
4585,"Site1","2024-08-03","Plot1","4","2024-08-02","H18","_0H3906","_0H3906",1,"2024-08-02","guatteria boliviana",154.009990325372,349.130035741255,14.8,1.3,NA,"AS",NA,NA,NA,NA
3734,"Site1","2024-08-03","Plot1","4","2024-08-02","G19","_0G0431","_0G0431",1,"2024-08-02","protium opacum",138.529955336999,375.23995042406,20.9,1.3,NA,"AS",NA,NA,NA,NA
7066,"Site1","2024-08-03","Plot1","4","2024-08-02","M8","_0M0172","_0M0172",1,"2024-08-02","chrysophyllum bombycinum",247.100028398039,150.950028570369,21.5,1.3,NA,"AS",NA,NA,NA,NA
6100,"Site1","2024-08-03","Plot1","4","2024-08-02","K20","_0K0452","_0K0452",1,"2024-08-02","theobroma obovatum",210.770005786268,392.580044293776,15.5,1.3,NA,"AS",NA,NA,NA,NA
13879,"Site1","2024-08-03","Plot1","4","2024-08-02","Y19","_0Y0458","_0Y0458",1,"2024-08-02","trichilia septentrionalis",488.950032039022,369.120039168745,13.9,1.3,NA,"AS",NA,NA,NA,NA
11830,"Site1","2024-08-03","Plot1","4","2024-08-02","U13","_0U2553","_0U2553",1,"2024-08-02","vochysia lomatophylla",400.739986636152,244.800022391602,16.3,1.3,NA,"AS",NA,NA,NA,NA
3071,"Site1","2024-08-03","Plot1","4","2024-08-02","F13","_0F0300","_0F0300",1,"2024-08-02","andira multistipula",112.410021491174,259.660041820258,18.4,1.3,NA,"AS",NA,NA,NA,NA
10042,"Site1","2024-08-03","Plot1","4","2024-08-02","R21","_0R0417","_0R0417",1,"2024-08-02","minquartia guianensis",343.749994176265,419.26996140182,38,2.95,NA,"AS",NA,NA,NA,NA
9901,"Site1","2024-08-03","Plot1","4","2024-08-02","R7","_0R0147","_0R0147",1,"2024-08-02","socratea exorrhiza",352.360038548533,137.989985190332,17,3.45,NA,"AS",NA,NA,NA,NA
11819,"Site1","2024-08-03","Plot1","4","2024-08-02","U11","_0U2336","_0U2336",1,"2024-08-02","tachigali formicarum",413.329965854646,218.389982759953,11,1.3,NA,"AS",NA,NA,NA,NA
9423,"Site1","2024-08-03","Plot1","4","2024-08-02","Q13","_0Q0275","_0Q0275",1,"2024-08-02","iriartea deltoidea",333.929975036473,259.049953568727,28.8,4.65,NA,"AS",NA,NA,NA,NA
9301,"Site1","2024-08-03","Plot1","4","2024-08-02","Q4","_0Q0095","_0Q0095",1,"2024-08-02","myrtaceae sp.8",337.229981347162,63.26996845752,16.2,1.3,NA,"AS",NA,NA,NA,NA
1954,"Site1","2024-08-03","Plot1","4","2024-08-02","D11","_0D0232","_0D0232",1,"2024-08-02","eschweilera coriacea",64.2400177830714,211.059972267598,39.7250737957371,1.3,NA,"AS",NA,NA,NA,NA
4249,"Site1","2024-08-03","Plot1","4","2024-08-02","H14","_0H0304","_0H0304",1,"2024-08-02","conceveiba guianensis",145.849973599252,275.109954684973,16.4,1.3,NA,"AS",NA,NA,NA,NA
12134,"Site1","2024-08-03","Plot1","4","2024-08-02","V15","_0V0323","_0V0323",1,"2024-08-02","sterculia frondosa",436.569958839333,298.839955961332,35.8,1.3,NA,"AS",NA,NA,NA,NA
7105,"Site1","2024-08-03","Plot1","4","2024-08-02","M11","_0M0229","_0M0229",1,"2024-08-02","iriartea deltoidea",249.689964793797,207.569983476773,24.8,1.3,NA,"AS",NA,NA,NA,NA
6030,"Site1","2024-08-03","Plot1","4","2024-08-02","K15","_0K0344","_0K0344",1,"2024-08-02","erisma laurifolium",218.589975951414,282.379991054535,54,5.2,NA,"AS",NA,NA,NA,NA
14576,"Site1","2024-08-03","Plot1","4","2024-08-02","K4","_2K0081","_2K0081",1,"2024-08-02",NA,203.441545850772,62.3858861923218,19.5,1.3,NA,"AS",NA,NA,NA,NA
49,"Site1","2024-08-03","Plot1","4","2024-08-02","A3","_0A0074","_0A0074",1,"2024-08-02","apeiba membranacea",13.5099814217538,51.9699759371579,18.7166213076069,1.3,NA,"AS",NA,NA,NA,NA
11403,"Site1","2024-08-03","Plot1","4","2024-08-02","U3","_0U0071","_0U0071",1,"2024-08-02","alchornea discolor",417.049981428601,48.310003394261,18.6,1.95,NA,"AS",NA,NA,NA,NA
156,"Site1","2024-08-03","Plot1","4","2024-08-02","A10","_0A0236","_0A0236",1,"2024-08-02","chimarrhis glabriflora",8.01000393374125,199.529953168705,44.2769051681653,1.75,NA,"AS",NA,NA,NA,NA
10514,"Site1","2024-08-03","Plot1","4","2024-08-02","S12","_0S0295","_0S0295",1,"2024-08-02","eschweilera coriacea",379.219997663109,224.110013067722,17.5,1.3,NA,"AS",NA,NA,NA,NA
9783,"Site1","2024-08-03","Plot1","4","2024-08-02","Q22","_0Q4488","_0Q4488",1,"2024-08-02","pouteria bilocularis",321.10004291113,436.340047903359,10.9,1.3,NA,"AS",NA,NA,NA,NA
11490,"Site1","2024-08-03","Plot1","4","2024-08-02","U10","_0U0212","_0U0212",1,"2024-08-02","apeiba membranacea",413.980004097568,190.500030018389,24.1,1.2,NA,"AS",NA,NA,NA,NA
2218,"Site1","2024-08-03","Plot1","4","2024-08-02","D9","_0D2151","_0D2151",1,"2024-08-02","abarema sp.1",66.2000280107022,163.579953128472,10.7270431643937,1.3,NA,"AS",NA,NA,NA,NA
4388,"Site1","2024-08-03","Plot1","4","2024-08-02","H22","_0H0512","_0H0512",1,"2024-08-02","otoba glycycarpa",155.779962030065,426.269994836301,24.4,1.3,NA,"AS",NA,NA,NA,NA
4244,"Site1","2024-08-03","Plot1","4","2024-08-02","H14","_0H0299","_0H0299",1,"2024-08-02","protium nodulosum",146.339997697447,268.67003181763,29.5,1.6,NA,"AS",NA,NA,NA,NA
2767,"Site1","2024-08-03","Plot1","4","2024-08-02","E6","_0E1522","_0E1522",1,"2024-08-02","chrysochlamys weberbaueri",85.9900444764062,119.40003534779,11.1,1.3,NA,"AS",NA,NA,NA,NA
10429,"Site1","2024-08-03","Plot1","4","2024-08-02","S6","_0S0138","_0S0138",1,"2024-08-02","eschweilera coriacea",375.079956412606,119.020021989942,22.4,1.3,NA,"AS",NA,NA,NA,NA
5959,"Site1","2024-08-03","Plot1","4","2024-08-02","K11","_0K0255","_0K0255",1,"2024-08-02","leptobalanus octandrus",216.689988513652,217.689960775897,17.6,1.3,NA,"AS",NA,NA,NA,NA
3185,"Site1","2024-08-03","Plot1","4","2024-08-02","F21","_0F0479","_0F0479",1,"2024-08-02","moquilea jaramilloi",101.779987480782,400.599972181022,11.5,1.3,NA,"AS",NA,NA,NA,NA
7195,"Site1","2024-08-03","Plot1","4","2024-08-02","M17","_0M0367","_0M0367",1,"2024-08-02","socratea exorrhiza",240.150006591284,324.669968379661,14.4,4.2,NA,"AS",NA,NA,NA,NA
2654,"Site1","2024-08-03","Plot1","4","2024-08-02","E20","_0E0482","_0E0482",1,"2024-08-02","chrysophyllum venezuelanum",95.9599779715645,382.579981438816,20.6,1.3,NA,"AS",NA,NA,NA,NA
2693,"Site1","2024-08-03","Plot1","4","2024-08-02","E23","_0E0532","_0E0532",1,"2024-08-02","otoba parvifolia",89.6726288830396,442.191310022026,21.9,1.8,NA,"AS",NA,NA,NA,NA
13398,"Site1","2024-08-03","Plot1","4","2024-08-02","X5","_0X1031","_0X1031",1,"2024-08-02","helicostylis tomentosa",479.550021881296,82.6400303952396,10.5,1.3,NA,"AS",NA,NA,NA,NA
8084,"Site1","2024-08-03","Plot1","4","2024-08-02","O2","_0O0037","_0O0037",1,"2024-08-02","inga pruriens",282.05342425569,35.3396722599864,32.9,1.3,NA,"AS",NA,NA,NA,NA
3698,"Site1","2024-08-03","Plot1","4","2024-08-02","G17","_0G0386","_0G0386",1,"2024-08-02","ampelocera edentula",131.239962394931,336.989989414811,18.8,2.2,NA,"AS",NA,NA,NA,NA
10490,"Site1","2024-08-03","Plot1","4","2024-08-02","S10","_0S0243","_0S0243",1,"2024-08-02","euterpe precatoria",375.230004400713,181.490012465045,31,2,NA,"ABS",NA,NA,NA,NA
12457,"Site1","2024-08-03","Plot1","4","2024-08-02","W4","_0W0067","_0W0067",1,"2024-08-02","iryanthera hostmannii",442.17001377116,78.6900209076703,10.4,1.3,NA,"AS",NA,NA,NA,NA
5003,"Site1","2024-08-03","Plot1","4","2024-08-02","I23","_0I0541","_0I0541",1,"2024-08-02","euterpe precatoria",169.04001272883,458.499950610101,16.1,1.3,NA,"AS",NA,NA,NA,NA
4828,"Site1","2024-08-03","Plot1","4","2024-08-02","I12","_0I0283","_0I0283",1,"2024-08-02","scleronema micranthum",168.640006416361,225.760045187548,94.3,1.3,NA,"AS",NA,NA,NA,NA
10790,"Site1","2024-08-03","Plot1","4","2024-08-02","S14","_0S2886","_0S2886",1,"2024-08-02","pleurothyrium bifidum",370.739982820523,267.100030317903,11.3,1.3,NA,"AS",NA,NA,NA,NA
12159,"Site1","2024-08-03","Plot1","4","2024-08-02","V16","_0V0357","_0V0357",1,"2024-08-02","micropholis porphyrocarpa",436.430040376377,302.549972876906,12.5,1.3,NA,"AS",NA,NA,NA,NA
13207,"Site1","2024-08-03","Plot1","4","2024-08-02","X15","_0X0348","_0X0348",1,"2024-08-02","crepidospermum prancei",462.249993145408,298.960022257641,26.3,4.1,NA,"AS",NA,NA,NA,NA
14451,"Site1","2024-08-03","Plot1","4","2024-08-02","Y1","_1Y0026","_1Y0026",1,"2024-08-02","euterpe precatoria",495.379959904414,11.2100152689964,17.05,1.3,NA,"AS",NA,NA,NA,NA
3945,"Site1","2024-08-03","Plot1","4","2024-08-02","G14","_0G3024","_0G3024",1,"2024-08-02","rudgea sclerocalyx",135.809952294047,277.640018042177,11.2,1.3,NA,"AS",NA,NA,NA,NA
9995,"Site1","2024-08-03","Plot1","4","2024-08-02","R17","_0R0332","_0R0332",1,"2024-08-02","sterculia apeibophylla",342.029981619387,328.500047875568,53.2,1.3,NA,"AS",NA,NA,NA,NA
1939,"Site1","2024-08-03","Plot1","4","2024-08-02","D10","_0D0211","_0D0211",1,"2024-08-02","otoba parvifolia",60.5100143120508,181.910032970831,37.6878905241608,1.3,NA,"AS",NA,NA,NA,NA
9429,"Site1","2024-08-03","Plot1","4","2024-08-02","Q13","_0Q0282","_0Q0282",1,"2024-08-02","eschweilera bracteosa",334.069972165278,247.599994787946,46.9,1.3,NA,"AS",NA,NA,NA,NA
5412,"Site1","2024-08-03","Plot1","4","2024-08-02","J14","_0J0339","_0J0339",1,"2024-08-02","sterculia apeibophylla",185.190038712579,260.529958128929,26,1.3,NA,"AS",NA,NA,NA,NA
7594,"Site1","2024-08-03","Plot1","4","2024-08-02","N6","_0N0143","_0N0143",1,"2024-08-02","alseis microcarpa",274.54996856564,106.74002257362,17.2,1.3,NA,"AS",NA,NA,NA,NA
11478,"Site1","2024-08-03","Plot1","4","2024-08-02","U10","_0U0197","_0U0197",1,"2024-08-02","astrocaryum ferrugineum",404.270021725446,183.029984885827,11,1.3,NA,"AS",NA,NA,NA,NA
9177,"Site1","2024-08-03","Plot1","4","2024-08-02","P18","_0P4037","_0P4037",1,"2024-08-02","osteophloeum platyspermum",319.760034359933,354.429959345609,12.6,1.3,NA,"AS",NA,NA,NA,NA
2486,"Site1","2024-08-03","Plot1","4","2024-08-02","E10","_0E0217","_0E0217",1,"2024-08-02","otoba glycycarpa",88.9899698681547,186.850010978058,35.4,1.3,NA,"AS",NA,NA,NA,NA
5947,"Site1","2024-08-03","Plot1","4","2024-08-02","K10","_0K0237","_0K0237",1,"2024-08-02","virola pavonis",219.290043124754,180.99996070005,39.9,2.9,NA,"AS",NA,NA,NA,NA
4721,"Site1","2024-08-03","Plot1","4","2024-08-02","I6","_0I0129","_0I0129",1,"2024-08-02","pseudolmedia laevis",163.129972561379,108.129974788055,26.9,1.3,NA,"AS",NA,NA,NA,NA
542,"Site1","2024-08-03","Plot1","4","2024-08-02","A18","_0A3845","_0A3845",1,"2024-08-02","pseudolmedia laevigata",5.01997985574417,355.719964992255,10.8861981074856,1.3,NA,"AS",NA,NA,NA,NA
6843,"Site1","2024-08-03","Plot1","4","2024-08-02","L9","_0L1998","_0L1998",1,"2024-08-02","neea spruceana",234.830008754798,164.399962618947,15.5,1.3,NA,"AS",NA,NA,NA,NA
13781,"Site1","2024-08-03","Plot1","4","2024-08-02","Y13","_0Y0338","_0Y0338",1,"2024-08-02","conceveiba guianensis",490.629972224007,241.719964729622,25.2,2.5,NA,"AS",NA,NA,NA,NA
14188,"Site1","2024-08-03","Plot1","4","2024-08-02","D19","_1D0761","_1D0761",1,"2024-08-02","inga edulis",66.2300254268921,363.829990113154,22.8,1.3,NA,"AS",NA,NA,NA,NA
13205,"Site1","2024-08-03","Plot1","4","2024-08-02","X15","_0X0346","_0X0346",1,"2024-08-02","naucleopsis glabra",463.039996424923,290.540020465851,15,1.3,NA,"AS",NA,NA,NA,NA
7110,"Site1","2024-08-03","Plot1","4","2024-08-02","M11","_0M0238","_0M0238",1,"2024-08-02","duguetia quitarensis",248.240027688327,211.749993275851,19.4,1.3,NA,"AS",NA,NA,NA,NA
3631,"Site1","2024-08-03","Plot1","4","2024-08-02","G13","_0G0290","_0G0290",1,"2024-08-02","parkia multijuga",137.819991378172,251.230004541576,15.1,1.3,NA,"AS",NA,NA,NA,NA
5225,"Site1","2024-08-03","Plot1","4","2024-08-02","J2","_0J0034","_0J0034",1,"2024-08-02","protium opacum",183.739973367017,28.7100356593728,11.1,1.3,NA,"AS",NA,NA,NA,NA
5322,"Site1","2024-08-03","Plot1","4","2024-08-02","J10","_0J0223","_0J0223",1,"2024-08-02","buchenavia tetraphylla",180.315119667968,185.207541462034,34.1,1.3,NA,"AS",NA,NA,NA,NA
14424,"Site1","2024-08-03","Plot1","4","2024-08-02","V20","_1V0219","_1V0219",1,"2024-08-02","unidentified",436.430049614341,384.209971640259,12.7,1.3,NA,"AS",NA,NA,NA,NA
7538,"Site1","2024-08-03","Plot1","4","2024-08-02","N3","_0N0060","_0N0060",1,"2024-08-02","guarea gomma",267.209981775261,58.7799738068134,11.6,1.3,NA,"AS",NA,NA,NA,NA
1975,"Site1","2024-08-03","Plot1","4","2024-08-02","D12","_0D0262","_0D0262",1,"2024-08-02","eschweilera coriacea",76.3099861560622,239.349986221641,21.836058192208,1.3,NA,"AS",NA,NA,NA,NA
6535,"Site1","2024-08-03","Plot1","4","2024-08-02","L10","_0L0216","_0L0216",1,"2024-08-02","sapindaceae sp.3",227.700041335833,191.620010325685,13.6,1.3,NA,"AS",NA,NA,NA,NA
4494,"Site1","2024-08-03","Plot1","4","2024-08-02","H6","_0H1610","_0H1610",1,"2024-08-02","byrsonima poeppigiana",151.199977080512,114.489960579202,13,1.3,NA,"AS",NA,NA,NA,NA
6412,"Site1","2024-08-03","Plot1","4","2024-08-02",NA,"_0K5481","_0K5481",1,"2025-02-26",NA,201.206526246213,367.589587662369,15.7,1.3,NA,"AS",NA,NA,NA,NA
14005,"Site1","2024-08-03","Plot1","4","2024-08-02","Y4","_0Y0877","_0Y0877",1,"2024-08-02","compsoneura sprucei",487.409958713746,69.8800071775913,10.3,1.3,NA,"AS",NA,NA,NA,NA
11059,"Site1","2024-08-03","Plot1","4","2024-08-02","T17","_0T0389","_0T0389",1,"2024-08-02","theobroma subincanum",393.180820255948,335.448619928211,12.8,1.3,NA,"AS",NA,NA,NA,NA
5642,"Site1","2024-08-03","Plot1","4","2024-08-02","J3","_0J1256","_0J1256",1,"2024-08-02","lindackeria paludosa",196.130027238571,46.9099573343992,11,1.3,NA,"AS",NA,NA,NA,NA
7289,"Site1","2024-08-03","Plot1","4","2024-08-02","M23","_0M0500","_0M0500",1,"2024-08-02","leptobalanus octandrus",247.739990456437,442.339977612719,18.8,1.1,NA,"AS",NA,NA,NA,NA
1625,"Site1","2024-08-03","Plot1","4","2024-08-02","C6","_0C1695","_0C1695",1,"2024-08-02","pouteria bangii",51.7599999891245,113.060000000522,16.3929591384652,1.3,NA,"AS",NA,NA,NA,NA
10277,"Site1","2024-08-03","Plot1","4","2024-08-02","R18","_0R3473","_0R3473",1,"2024-08-02","bixa urucurana",341.099972861877,344.560005588457,22.2,1.3,NA,"AS",NA,NA,NA,NA
14499,"Site1","2024-08-03","Plot1","4","2024-08-02","D16","_2D0795","_2D0795",1,"2024-08-02",NA,62.2093635162455,303.44663814269,20.5,1.3,NA,"AS",NA,NA,NA,NA
14107,"Site1","2024-08-03","Plot1","4","2024-08-02","Y21","_0Y4098","_0Y4098",1,"2024-08-02","socratea exorrhiza",499.55000356544,416.489951174706,16,4.3,NA,"AS",NA,NA,NA,NA
10286,"Site1","2024-08-03","Plot1","4","2024-08-02","R19","_0R3672","_0R3672",1,"2024-08-02","theobroma microcarpum",340.140046859335,360.679977137595,14,1.3,NA,"AS",NA,NA,NA,NA
3359,"Site1","2024-08-03","Plot1","4","2024-08-02","F15","_0F3306","_0F3306",1,"2024-08-02","siparuna decipiens",103.4900283842,280.220016771927,14.4,1.3,NA,"AS",NA,NA,NA,NA
4955,"Site1","2024-08-03","Plot1","4","2024-08-02","I21","_0I0482","_0I0482",1,"2024-08-02","eschweilera coriacea",174.800029143924,414.199990259483,13,1.3,NA,"AS",NA,NA,NA,NA
1488,"Site1","2024-08-03","Plot1","4","2024-08-02","C18","_0C0403","_0C0403",1,"2024-08-02","scleronema micranthum",59.6999999895343,349.699999999255,17.2205648425431,1.3,NA,"AS",NA,NA,NA,NA
868,"Site1","2024-08-03","Plot1","4","2024-08-02","B15","_0B0408","_0B0408",1,"2024-08-02","erisma laurifolium",34.2699999954784,297.459999999031,38.9929610575144,1.3,NA,"AS",NA,NA,NA,NA
8568,"Site1","2024-08-03","Plot1","4","2024-08-02","O13","_0O2927","_0O2927",1,"2024-08-02","euterpe precatoria",293.670044097991,247.419951340184,17.6,1.3,NA,"AS",NA,NA,NA,NA
11061,"Site1","2024-08-03","Plot1","4","2024-08-02","T17","_0T0391","_0T0391",1,"2024-08-02","theobroma subincanum",394.500024693494,339.530025137588,23.8,1.3,NA,"AS",NA,NA,NA,NA
8472,"Site1","2024-08-03","Plot1","4","2024-08-02","O1","_0O0656","_0O0656",1,"2024-08-02","inga spectabilis",281.111853109498,4.60225788131356,14.1,1.3,NA,"AS",NA,NA,NA,"Ubicación anterior errónea"
7078,"Site1","2024-08-03","Plot1","4","2024-08-02","M9","_0M0191","_0M0191",1,"2024-08-02","handroanthus chrysanthus",249.490016256983,179.159981258214,37.5,1.3,NA,"AS",NA,NA,NA,NA
981,"Site1","2024-08-03","Plot1","4","2024-08-02","B24","_0B0593","_0B0593",1,"2024-08-02","chrysochlamys weberbaueri",24.2800258570933,464.059982256964,13.94197301485,1.3,NA,"AS",NA,NA,NA,NA
5524,"Site1","2024-08-03","Plot1","4","2024-08-02","J21","_0J0517","_0J0517",1,"2024-08-02","rauia prancei",197.750040515268,411.729981098324,14.4,1.3,NA,"AS",NA,NA,NA,NA
8907,"Site1","2024-08-03","Plot1","4","2024-08-02","P18","_0P0381","_0P0381",1,"2024-08-02","humiriastrum piraparanense",308.720018237771,355.700001183897,24.6,1.55,NA,"AS",NA,NA,NA,NA
8186,"Site1","2024-08-03","Plot1","4","2024-08-02","O9","_0O0200","_0O0200",1,"2024-08-02","attalea butyracea",289.680008168856,163.429972933605,36.6,1.3,NA,"AS",NA,NA,NA,NA
5345,"Site1","2024-08-03","Plot1","4","2024-08-02","J11","_0J0250","_0J0250",1,"2024-08-02","virola calophylla",181.100008182519,204.350041620433,21.3,1.3,NA,"AS",NA,NA,NA,NA
14542,"Site1","2024-08-03","Plot1","4","2024-08-02","I17","_2I0664","_2I0664",1,"2024-08-02",NA,175.967054387962,334.46891197376,31.3,3.2,NA,"AS",NA,NA,NA,NA
9564,"Site1","2024-08-03","Plot1","4","2024-08-02","Q22","_0Q0483","_0Q0483",1,"2024-08-02","dipteryx magnifica",338.790047644929,424.990014456213,15.6,1.3,NA,"AS",NA,NA,NA,NA
10017,"Site1","2024-08-03","Plot1","4","2024-08-02","R19","_0R0381","_0R0381",1,"2024-08-02","pachira insignis",348.230025834928,378.110044742003,22.2,1.3,NA,"AS",NA,NA,NA,NA
605,"Site1","2024-08-03","Plot1","4","2024-08-02","B1","_0B0014","_0B0014",1,"2024-08-02","apeiba membranacea",24.5199999914621,16.9699999988079,22.0270441239183,1.3,NA,"AS",NA,NA,NA,NA
1828,"Site1","2024-08-03","Plot1","4","2024-08-02","D2","_0D0044","_0D0044",1,"2024-08-02","trattinnickia lancifolia",78.2600072039058,39.5000192895532,52.5529622089438,1.3,NA,"AS",NA,NA,NA,NA
11565,"Site1","2024-08-03","Plot1","4","2024-08-02","U15","_0U0334","_0U0334",1,"2024-08-02","trichilia pallida",400.510024739837,286.399964882061,11.6,1.3,NA,"AS",NA,NA,NA,NA
3936,"Site1","2024-08-03","Plot1","4","2024-08-02","G13","_0G2754","_0G2754",1,"2024-08-02","inga umbellifera",125.499955154897,254.220012888312,13.9,1.3,NA,"AS",NA,NA,NA,NA
7526,"Site1","2024-08-03","Plot1","4","2024-08-02","N3","_0N0047","_0N0047",1,"2024-08-02","guarea gomma",267.180030484858,46.1499982178211,20.4,1.3,NA,"AS",NA,NA,NA,NA
4032,"Site1","2024-08-03","Plot1","4","2024-08-02","H1","_0H0011","_0H0011",1,"2024-08-02","siparuna decipiens",145.160007380589,16.7300264127553,24.9,1.3,NA,"AS",NA,NA,NA,NA
2813,"Site1","2024-08-03","Plot1","4","2024-08-02","E14","_0E3055","_0E3055",1,"2024-08-02","brosimum sp.1",98.760033372615,276.900040600449,15.2,1.3,NA,"AS",NA,NA,NA,NA
4743,"Site1","2024-08-03","Plot1","4","2024-08-02","I7","_0I0161","_0I0161",1,"2024-08-02","eschweilera itayensis",172.349968965864,132.259982304648,31.7,1.3,NA,"AS",NA,NA,NA,NA
14631,"Site1","2024-08-03","Plot1","4","2024-08-02","O24","_2O0701","_2O0701",1,"2024-08-02",NA,294.298857291054,466.123223835602,20.1,1.3,NA,"AS",NA,NA,NA,NA
5893,"Site1","2024-08-03","Plot1","4","2024-08-02","K7","_0K0156","_0K0156",1,"2024-08-02","eugenia feijoi",211.609974676045,135.13999484852,20.2,1.3,NA,"AS",NA,NA,NA,NA
12447,"Site1","2024-08-03","Plot1","4","2024-08-02","W3","_0W0052","_0W0052",1,"2024-08-02","zygia latifolia",456.019980652665,59.6499783731997,19,1.3,NA,"AS",NA,NA,NA,NA
928,"Site1","2024-08-03","Plot1","4","2024-08-02","B19","_0B0498","_0B0498",1,"2024-08-02","protium sagotianum",37.3199999899371,374.480000000447,27.8839460297001,1.3,NA,"AS",NA,NA,NA,NA
978,"Site1","2024-08-03","Plot1","4","2024-08-02","B23","_0B0583","_0B0583",1,"2024-08-02","conceveiba guianensis",30.8200077782967,456.220013897866,18.3983114214231,1.3,NA,"AS",NA,NA,NA,NA
2983,"Site1","2024-08-03","Plot1","4","2024-08-02","F7","_0F0160","_0F0160",1,"2024-08-02","eschweilera rufifolia",113.769958082412,120.989981779829,16.6,1.3,NA,"AS",NA,NA,NA,NA
12941,"Site1","2024-08-03","Plot1","4","2024-08-02","W24","_0W4033","_0W4033",1,"2024-08-02","couepia macrophylla",456.540017682652,460.970021197572,12.1,1.3,NA,"AS",NA,NA,NA,NA
5498,"Site1","2024-08-03","Plot1","4","2024-08-02","J19","_0J0480","_0J0480",1,"2024-08-02","guarea pubescens",194.870013429143,371.740039201453,15.7,1.3,NA,"AS",NA,NA,NA,NA
11806,"Site1","2024-08-03","Plot1","4","2024-08-02","U10","_0U2200","_0U2200",1,"2024-08-02","inga punctata",417.002547106997,193.662985825911,12.3,1.3,NA,"AS",NA,NA,NA,NA
1078,"Site1","2024-08-03","Plot1","4","2024-08-02","B9","_0B2351","_0B2351",1,"2024-08-02","erisma laurifolium",32.5399999908987,167.509999999776,12.0321136977473,1.3,NA,"AS",NA,NA,NA,NA
10754,"Site1","2024-08-03","Plot1","4","2024-08-02","S11","_0S2311","_0S2311",1,"2024-08-02","symphonia globulifera",362.429996568186,210.290032371879,16,1.3,NA,"AS",NA,NA,NA,NA
6531,"Site1","2024-08-03","Plot1","4","2024-08-02","L10","_0L0208","_0L0208",1,"2024-08-02","guarea ecuadoriensis",220.79002731404,187.110017545521,13.7,1.3,NA,"AS",NA,NA,NA,NA
9839,"Site1","2024-08-03","Plot1","4","2024-08-02","R2","_0R0042","_0R0042",1,"2024-08-02","trichilia quadrijuga",358.50996479392,31.9300118535757,13.1,1.3,NA,"AS",NA,NA,NA,NA
11229,"Site1","2024-08-03","Plot1","4","2024-08-02","T3","_0T1063","_0T1063",1,"2024-08-02","hevea guianensis",396.059995255724,53.1399969737977,10.7,1.3,NA,"AS",NA,NA,NA,NA
7380,"Site1","2024-08-03","Plot1","4","2024-08-02","M8","_0M1774","_0M1774",1,"2024-08-02","swartzia leptopetala",242.05002009793,141.219980632886,11,1.3,NA,"AS",NA,NA,NA,NA
6891,"Site1","2024-08-03","Plot1","4","2024-08-02","L15","_0L3277","_0L3277",1,"2024-08-02","eschweilera coriacea",225.199983322585,296.559972722083,13.4,1.3,NA,"AS",NA,NA,NA,NA
3337,"Site1","2024-08-03","Plot1","4","2024-08-02","F12","_0F2680","_0F2680",1,"2024-08-02","dendropanax cuneatus",104.660025270015,228.420009249821,12.1,1.3,NA,"AS",NA,NA,NA,NA
14134,"Site1","2024-08-03","Plot1","4","2024-08-02","Y1","_0Y4921","_0Y4921",1,"2024-08-02","eugenia sp.3",482.999951299455,10.2300084400922,32.2,1.3,NA,"AS",NA,NA,NA,NA
14769,"Site1","2024-08-03","Plot1","4","2024-08-02","U6","_2U0347","_2U0347",1,"2024-08-02",NA,418.554360724695,102.062984146178,25,1.3,NA,"AS",NA,NA,NA,NA
3783,"Site1","2024-08-03","Plot1","4","2024-08-02","G22","_0G0503","_0G0503",1,"2024-08-02","inga stenoptera",136.960038005549,421.060006195679,19.4,1.3,NA,"AS",NA,NA,NA,NA
10867,"Site1","2024-08-03","Plot1","4","2024-08-02","T1","_0T0008","_0T0008",1,"2024-08-02","pouteria torta",386.150002625363,4.78003185801208,16.7,1.3,NA,"AS",NA,NA,NA,NA
4060,"Site1","2024-08-03","Plot1","4","2024-08-02","H3","_0H0044","_0H0044",1,"2024-08-02","eschweilera bracteosa",145.720005576266,46.7399994786829,44.3,1.3,NA,"AS",NA,NA,NA,NA
11858,"Site1","2024-08-03","Plot1","4","2024-08-02","U16","_0U3124","_0U3124",1,"2024-08-02","eugenia sp.9",416.790016071172,304.529967198148,13.1,1.3,NA,"AS",NA,NA,NA,NA
9625,"Site1","2024-08-03","Plot1","4","2024-08-02","Q24","_0Q0570","_0Q0570",1,"2024-08-02","iryanthera lancifolia",331.620000859781,477.680039767176,10.2,1.3,NA,"AS",NA,NA,NA,NA
12908,"Site1","2024-08-03","Plot1","4","2024-08-02","W20","_0W3533","_0W3533",1,"2024-08-02","virola pavonis",448.459973868623,397.219967951998,10.3,1.3,NA,"AS",NA,NA,NA,NA
10442,"Site1","2024-08-03","Plot1","4","2024-08-02","S7","_0S0161","_0S0161",1,"2024-08-02","eschweilera coriacea",372.02003319806,133.529963487759,23.7,1.9,NA,"AS",NA,NA,NA,NA
10313,"Site1","2024-08-03","Plot1","4","2024-08-02","R23","_0R4564","_0R4564",1,"2024-08-02","guarea pubescens",352.989998910751,440.499952008948,10.2,1.3,NA,"AS",NA,NA,NA,NA
3731,"Site1","2024-08-03","Plot1","4","2024-08-02","G19","_0G0427","_0G0427",1,"2024-08-02","dendrobangia multinervia",130.790020854503,375.730039253831,42.6,1.3,NA,"AS",NA,NA,NA,NA
335,"Site1","2024-08-03","Plot1","4","2024-08-02","A21","_0A0485","_0A0485",1,"2024-08-02","conceveiba guianensis",12.3100316671771,404.01995985955,18.6211283417518,1.3,NA,"AS",NA,NA,NA,NA
11310,"Site1","2024-08-03","Plot1","4","2024-08-02","T16","_0T2961","_0T2961",1,"2024-08-02","eschweilera coriacea",382.899972047948,311.359964421019,10.8,1.3,NA,"AS",NA,NA,NA,NA
9463,"Site1","2024-08-03","Plot1","4","2024-08-02","Q16","_0Q0328","_0Q0328",1,"2024-08-02","theobroma obovatum",339.439986290003,313.719969373196,18.4,1.3,NA,"AS",NA,NA,NA,NA
6275,"Site1","2024-08-03","Plot1","4","2024-08-02","K6","_0K1907","_0K1907",1,"2024-08-02","symphonia globulifera",214.240002011007,105.699952885509,11.7,1.3,NA,"AS",NA,NA,NA,NA
9366,"Site1","2024-08-03","Plot1","4","2024-08-02","Q9","_0Q0190","_0Q0190",1,"2024-08-02","eschweilera coriacea",335.269952545816,174.930045232177,33.1,1.3,NA,"AS",NA,NA,NA,NA
5181,"Site1","2024-08-03","Plot1","4","2024-08-02","I20","_0I4083","_0I4083",1,"2024-08-02","mollia gracilis",176.390040609345,384.250045266002,17.7,1.3,NA,"AS",NA,NA,NA,NA
5140,"Site1","2024-08-03","Plot1","4","2024-08-02","I14","_0I3114","_0I3114",1,"2024-08-02","casearia sylvestris",164.343195650203,273.753062998876,10.4,1.3,NA,"AS",NA,NA,NA,NA
4778,"Site1","2024-08-03","Plot1","4","2024-08-02","I9","_0I0214","_0I0214",1,"2024-08-02","conceveiba martiana",172.510020003712,178.110006926581,37.3,1.3,NA,"AS",NA,NA,NA,NA
7522,"Site1","2024-08-03","Plot1","4","2024-08-02","N2","_0N0042","_0N0042",1,"2024-08-02","manilkara bidentata",274.600043132377,29.1699524186552,49.6,1.3,NA,"AS",NA,NA,NA,NA
9175,"Site1","2024-08-03","Plot1","4","2024-08-02","P18","_0P3959","_0P3959",1,"2024-08-02","apeiba membranacea",307.550038399582,341.770001348108,16.8,1.5,NA,"AS",NA,NA,NA,NA
4625,"Site1","2024-08-03","Plot1","4","2024-08-02","H8","_0H5127","_0H5127",1,"2024-08-02",NA,145.656347999815,142.255790881813,16.3,1.3,NA,"AS",NA,NA,NA,NA
12370,"Site1","2024-08-03","Plot1","4","2024-08-02","V18","_0V3231","_0V3231",1,"2024-08-02","symphonia globulifera",430.480004967365,346.020006494597,11.5,1.3,NA,"AS",NA,NA,NA,NA
9427,"Site1","2024-08-03","Plot1","4","2024-08-02","Q13","_0Q0280","_0Q0280",1,"2024-08-02","carapa guianensis",330.580004618329,249.079997133464,18.2,1.3,NA,"AS",NA,NA,NA,NA
7342,"Site1","2024-08-03","Plot1","4","2024-08-02","M19","_0M0587","_0M0587",1,"2024-08-02","nealchornea yapurensis",243.820035797835,373.469994699582,14.2,1.3,NA,"AS",NA,NA,NA,NA
6417,"Site1","2024-08-03","Plot1","4","2024-08-02","L1","_0L0007","_0L0007",1,"2024-08-02","aniba taubertiana",222.6599826655,14.8400285169482,17.1,1.3,NA,"AS",NA,NA,NA,NA
94,"Site1","2024-08-03","Plot1","4","2024-08-02","A6","_0A0141","_0A0141",1,"2024-08-02","iriartea deltoidea",9.14999398199143,102.489990895614,25.4966218833216,1.3,NA,"AS",NA,NA,NA,NA
10570,"Site1","2024-08-03","Plot1","4","2024-08-02","S21","_0S0432","_0S0432",1,"2024-08-02","brosimum utile",369.919965442212,409.280021781102,51.1,1.3,NA,"AS",NA,NA,NA,NA
13221,"Site1","2024-08-03","Plot1","4","2024-08-02","X16","_0X0374","_0X0374",1,"2024-08-02","pseudolmedia laevis",474.880020604644,312.020038977265,47.2,1.3,NA,"AS",NA,NA,NA,NA
14002,"Site1","2024-08-03","Plot1","4","2024-08-02","Y4","_0Y0839","_0Y0839",1,"2024-08-02","apeiba membranacea",481.239958320453,61.2500425744802,10.2,1.3,NA,"AS",NA,NA,NA,NA
6323,"Site1","2024-08-03","Plot1","4","2024-08-02","K15","_0K3541","_0K3541",1,"2024-08-02","euterpe precatoria",216.129955912591,287.550023088232,10.1,1.3,NA,"AS",NA,NA,NA,NA
10227,"Site1","2024-08-03","Plot1","4","2024-08-02","R11","_0R2401","_0R2401",1,"2024-08-02","symphonia globulifera",349.21996257914,209.409979147837,12.5,1.3,NA,"AS",NA,NA,NA,NA
11338,"Site1","2024-08-03","Plot1","4","2024-08-02","T22","_0T3662","_0T3662",1,"2024-08-02","virola elongata",393.809995301592,430.340005148202,12.5,1.3,NA,"AS",NA,NA,NA,NA
2352,"Site1","2024-08-03","Plot1","4","2024-08-02","E1","_0E0015","_0E0015",1,"2024-08-02","pseudolmedia laevigata",93.9999935186352,13.8200007788837,12.8,1.77,NA,"AS",NA,NA,NA,NA
5050,"Site1","2024-08-03","Plot1","4","2024-08-02","I25","_0I0604","_0I0604",1,"2024-08-02","otoba glycycarpa",170.769986664236,483.499951448292,19.5,1.3,NA,"AS",NA,NA,NA,NA
5956,"Site1","2024-08-03","Plot1","4","2024-08-02","K11","_0K0251","_0K0251",1,"2024-08-02","protium sagotianum",202.660021750315,219.770003627986,19.1,1.3,NA,"AS",NA,NA,NA,NA
8665,"Site1","2024-08-03","Plot1","4","2024-08-02","P1","_0P0012","_0P0012",1,"2024-08-02","dendrobangia multinervia",306.859996382031,16.1899709980935,12.9,1.3,NA,"AS",NA,NA,NA,NA
9562,"Site1","2024-08-03","Plot1","4","2024-08-02","Q22","_0Q0481","_0Q0481",1,"2024-08-02","rinorea lindeniana",333.567988551746,428.074102660641,11,1.3,NA,"AS",NA,NA,NA,NA
13117,"Site1","2024-08-03","Plot1","4","2024-08-02","X10","_0X0227","_0X0227",1,"2024-08-02","pouteria torta",469.140026346722,190.909963009879,29.2,2.85,NA,"AS",NA,NA,NA,NA
9447,"Site1","2024-08-03","Plot1","4","2024-08-02","Q15","_0Q0306","_0Q0306",1,"2024-08-02","couroupita subsessilis",329.509971588792,297.01996171847,37.7,1.3,NA,"AS",NA,NA,NA,NA
5486,"Site1","2024-08-03","Plot1","4","2024-08-02","J18","_0J0452","_0J0452",1,"2024-08-02","moquilea guianensis",184.14995187911,352.670039376244,24.1,1.6,NA,"AS",NA,NA,NA,NA
3188,"Site1","2024-08-03","Plot1","4","2024-08-02","F21","_0F0484","_0F0484",1,"2024-08-02","eschweilera coriacea",100.169962503656,419.430008508265,42.1,2.1,NA,"AS",NA,NA,NA,NA
6252,"Site1","2024-08-03","Plot1","4","2024-08-02","K4","_0K1476","_0K1476",1,"2024-08-02","virola multinervia",211.289955922344,65.7299529965967,10.8,1.45,NA,"ABS",NA,NA,NA,NA
10899,"Site1","2024-08-03","Plot1","4","2024-08-02","T3","_0T0065","_0T0065",1,"2024-08-02","virola duckei",396.529977166618,44.0300073120743,16.7,1.3,NA,"AS",NA,NA,NA,NA
12012,"Site1","2024-08-03","Plot1","4","2024-08-02","V8","_0V0144","_0V0144",1,"2024-08-02","eschweilera bracteosa",420.199984162289,144.539973668754,28.6,1.3,NA,"AS",NA,NA,NA,NA
601,"Site1","2024-08-03","Plot1","4","2024-08-02","B1","_0B0008","_0B0008",1,"2024-08-02","conceveiba guianensis",27.0099999937811,6.66000000014901,19.2895791027377,1.3,NA,"AS",NA,NA,NA,NA
3614,"Site1","2024-08-03","Plot1","4","2024-08-02","G12","_0G0268","_0G0268",1,"2024-08-02","osteophloeum platyspermum",138.300005969359,227.349967597052,40.8,2.9,NA,"AS",NA,NA,NA,NA
10858,"Site1","2024-08-03","Plot1","4","2024-08-02","S5","_0S4673","_0S4673",1,"2024-08-02",NA,366.046892905899,97.125039184466,12.1,1.3,NA,"AS",NA,NA,NA,NA
2151,"Site1","2024-08-03","Plot1","4","2024-08-02","D25","_0D0537","_0D0537",1,"2024-08-02","dacryodes amplectans",62.0600141821778,497.95995635353,37.6,1.3,NA,"AS",NA,NA,NA,NA
8947,"Site1","2024-08-03","Plot1","4","2024-08-02","P21","_0P0450","_0P0450",1,"2024-08-02","hevea brasiliensis",300.470041074266,418.559995530173,30.9,1.3,NA,"AS",NA,NA,NA,NA
11609,"Site1","2024-08-03","Plot1","4","2024-08-02","U18","_0U0420","_0U0420",1,"2024-08-02","conceveiba guianensis",413.059953344113,349.770019605756,18.9,1.3,NA,"AS",NA,NA,NA,NA
1282,"Site1","2024-08-03","Plot1","4","2024-08-02","C6","_0C0125","_0C0125",1,"2024-08-02","virola calophylla",45.2799999922863,109.019999999553,18.3346494441863,1.51,NA,"AS",NA,NA,NA,NA
4006,"Site1","2024-08-03","Plot1","4","2024-08-02","G23","_0G4478","_0G4478",1,"2024-08-02","chrysochlamys weberbaueri",122.740042635764,450.630010709167,12.3,1.3,NA,"AS",NA,NA,NA,NA
7561,"Site1","2024-08-03","Plot1","4","2024-08-02","N4","_0N0088","_0N0088",1,"2024-08-02","eugenia florida",270.319968679978,78.2199843414128,27.7,1.3,NA,"AS",NA,NA,NA,NA
9400,"Site1","2024-08-03","Plot1","4","2024-08-02","Q12","_0Q0245","_0Q0245",1,"2024-08-02","virola multinervia",327.402672137658,224.860248509794,22.2,1.3,NA,"AS",NA,NA,NA,NA
4939,"Site1","2024-08-03","Plot1","4","2024-08-02","I20","_0I0462","_0I0462",1,"2024-08-02","eschweilera parvifolia",168.309957539721,391.300001239404,19.2,1.3,NA,"AS",NA,NA,NA,NA
9606,"Site1","2024-08-03","Plot1","4","2024-08-02","Q25","_0Q0541","_0Q0541",1,"2024-08-02","theobroma obovatum",338.949997041374,495.780023477972,13.2,1.3,NA,"AS",NA,NA,NA,NA
10015,"Site1","2024-08-03","Plot1","4","2024-08-02","R19","_0R0378","_0R0378",1,"2024-08-02","gustavia augusta",345.489973644551,360.270010309294,12.4,1.3,NA,"AS",NA,NA,NA,NA
197,"Site1","2024-08-03","Plot1","4","2024-08-02","A13","_0A0297","_0A0297",1,"2024-08-02","nealchornea yapurensis",9.82995112641947,256.130029376596,23.8095794865475,1.3,NA,"AS",NA,NA,NA,NA
9870,"Site1","2024-08-03","Plot1","4","2024-08-02","R4","_0R0090","_0R0090",1,"2024-08-02","eschweilera coriacea",358.540036828548,65.7099528070539,34.5,1.3,NA,"AS",NA,NA,NA,NA
1216,"Site1","2024-08-03","Plot1","4","2024-08-02","C2","_0C0034","_0C0034",1,"2024-08-02","miconia napoana",50.0899999964167,30.9900000002235,15.2152125595852,1.3,NA,"AS",NA,NA,NA,NA
14628,"Site1","2024-08-03","Plot1","4","2024-08-02","O13","_2O0329","_2O0329",1,"2024-08-02",NA,299.565826281265,249.701169094071,23.5,1.3,NA,"AS",NA,NA,NA,NA
1217,"Site1","2024-08-03","Plot1","4","2024-08-02","C2","_0C0035","_0C0035",1,"2024-08-02","phragmotheca mammosa",54.9199999896809,32.2400000002235,16.965916933596,1.3,NA,"AS",NA,NA,NA,NA
5545,"Site1","2024-08-03","Plot1","4","2024-08-02","J22","_0J0546","_0J0546",1,"2024-08-02","eschweilera coriacea",193.920040507626,420.910002274439,35.7,1.3,NA,"AS",NA,NA,NA,NA
10122,"Site1","2024-08-03","Plot1","4","2024-08-02","R25","_0R0516","_0R0516",1,"2024-08-02","alibertia claviflora",351.090031733387,499.080025060102,16.3,1.3,NA,"AS",NA,NA,NA,NA
1073,"Site1","2024-08-03","Plot1","4","2024-08-02","B9","_0B2267","_0B2267",1,"2024-08-02","strychnos javariensis",25.9799999921233,170.089999999851,10.3769022895916,1.3,NA,"AS",NA,NA,NA,NA
6604,"Site1","2024-08-03","Plot1","4","2024-08-02","L15","_0L0330","_0L0330",1,"2024-08-02","theobroma subincanum",230.919965337322,291.440011581406,13.5,1.3,NA,"AS",NA,NA,NA,NA
5142,"Site1","2024-08-03","Plot1","4","2024-08-02","I14","_0I3149","_0I3149",1,"2024-08-02","tachigali setifera",168.479961553356,272.059957398102,11.2,1.3,NA,"AS",NA,NA,NA,NA
3841,"Site1","2024-08-03","Plot1","4","2024-08-02","G25","_0G0583","_0G0583",1,"2024-08-02","eschweilera coriacea",131.180033016426,485.359959475696,14.1,1.36,NA,"AS",NA,NA,NA,NA
12011,"Site1","2024-08-03","Plot1","4","2024-08-02","V7","_0V0143","_0V0143",1,"2024-08-02","eschweilera coriacea",438.989971295639,122.140026323497,23.5,1.3,NA,"AS",NA,NA,NA,NA
5497,"Site1","2024-08-03","Plot1","4","2024-08-02","J19","_0J0474","_0J0474",1,"2024-08-02","pouteria torta",180.550028481113,375.640043618158,11.7,1.3,NA,"AS",NA,NA,NA,NA
8324,"Site1","2024-08-03","Plot1","4","2024-08-02","O17","_0O0403","_0O0403",1,"2024-08-02","eschweilera coriacea",282.930012095137,332.380001213402,29.5,3.8,NA,"AS",NA,NA,NA,NA
9795,"Site1","2024-08-03","Plot1","4","2024-08-02","Q25","_0Q5236","_0Q5236",1,"2024-08-02","virola multinervia",329.819984245813,497.999978814274,13.7,1.3,NA,"AS",NA,NA,NA,NA
12475,"Site1","2024-08-03","Plot1","4","2024-08-02","W5","_0W0098","_0W0098",1,"2024-08-02","eschweilera rufifolia",452.359978152148,91.2499534357339,16.9,1.3,NA,"AS",NA,NA,NA,NA
2101,"Site1","2024-08-03","Plot1","4","2024-08-02","D21","_0D0451","_0D0451",1,"2024-08-02","eschweilera coriacea",72.5200241112616,413.240018790588,31.3,1.3,NA,"AS",NA,NA,NA,NA
11174,"Site1","2024-08-03","Plot1","4","2024-08-02","T24","_0T0543","_0T0543",1,"2024-08-02","sorocea steinbachii",397.070037408208,472.430039450526,12.6,1.3,NA,"AS",NA,NA,NA,NA
1083,"Site1","2024-08-03","Plot1","4","2024-08-02","B10","_0B2392","_0B2392",1,"2024-08-02","alsophila cuspidata",21.6700192767312,181.790032073855,11.6,1.3,NA,"AS",NA,NA,NA,NA
6981,"Site1","2024-08-03","Plot1","4","2024-08-02","M2","_0M0037","_0M0037",1,"2024-08-02","conceveiba guianensis",244.760018677509,31.9300003871322,22.7,1.3,NA,"AS",NA,NA,NA,NA
2750,"Site1","2024-08-03","Plot1","4","2024-08-02","E2","_0E0976","_0E0976",1,"2024-08-02","casearia ulmifolia",92.4399581554462,24.2800228558481,12.3,1.3,NA,"AS",NA,NA,NA,NA
9620,"Site1","2024-08-03","Plot1","4","2024-08-02","Q12","_0Q0560","_0Q0560",1,"2024-08-02","theobroma subincanum",327.90997816954,226.970047388226,14.9,1.3,NA,"AS",NA,NA,NA,NA
11426,"Site1","2024-08-03","Plot1","4","2024-08-02","U6","_0U0117","_0U0117",1,"2024-08-02","brosimum guianense",401.220033789927,108.000041313469,14.6,1.3,NA,"AS",NA,NA,NA,NA
6231,"Site1","2024-08-03","Plot1","4","2024-08-02","K2","_0K1045","_0K1045",1,"2024-08-02","marila tomentosa",213.289976955217,36.4899830892682,11.6,1.3,NA,"AS",NA,NA,NA,NA
228,"Site1","2024-08-03","Plot1","4","2024-08-02","A15","_0A0337","_0A0337",1,"2024-08-02","virola sebifera",8.49999998777639,281.129999998957,24.2552133272048,1.3,NA,"AS",NA,NA,NA,NA
2041,"Site1","2024-08-03","Plot1","4","2024-08-02","D16","_0D0359","_0D0359",1,"2024-08-02","vatairea erythrocarpa",73.0100389483268,309.520024547353,26.6,1.3,NA,"AS",NA,NA,NA,NA
1593,"Site1","2024-08-03","Plot1","4","2024-08-02","C2","_0C0860","_0C0860",1,"2024-08-02","theobroma glaucum",40.0799999894225,26.9900000002235,10.7907051416305,1.3,NA,"AS",NA,NA,NA,NA
13972,"Site1","2024-08-03","Plot1","4","2024-08-02","Y24","_0Y0595","_0Y0595",1,"2024-08-02","virola sebifera",496.169953879551,469.240006674081,16.6,1.3,NA,"AS",NA,NA,NA,NA
14217,"Site1","2024-08-03","Plot1","4","2024-08-02","F12","_1F0548","_1F0548",1,"2024-08-02","",105.15001520369,223.840006763116,13.5,1.3,NA,"AS",NA,NA,NA,NA
13851,"Site1","2024-08-03","Plot1","4","2024-08-02","Y17","_0Y0427","_0Y0427",1,"2024-08-02","leptobalanus octandrus",484.429973803635,338.379980655387,18.6,1.3,NA,"AS",NA,NA,NA,NA
1198,"Site1","2024-08-03","Plot1","4","2024-08-02","C1","_0C0004","_0C0004",1,"2024-08-02","guatteria modesta",48.3199999903445,2,19.1940861368826,1.3,NA,"AS",NA,NA,NA,NA
11438,"Site1","2024-08-03","Plot1","4","2024-08-02","U7","_0U0146","_0U0146",1,"2024-08-02","eschweilera bracteosa",405.999993081612,130.250006716698,18.7,1.3,NA,"AS",NA,NA,NA,NA
4099,"Site1","2024-08-03","Plot1","4","2024-08-02","H4","_0H0092","_0H0092",1,"2024-08-02","pouteria guianensis",157.540029465512,61.930012177676,45.2,3,NA,"AS",NA,NA,NA,NA
14800,"Site1","2024-08-03","Plot1","4","2024-08-02","V21","_2V0666","_2V0666",1,"2024-08-02",NA,420.277603071707,407.106191143394,19.3,1.3,NA,"AS",NA,NA,NA,NA
10943,"Site1","2024-08-03","Plot1","4","2024-08-02","T6","_0T0138","_0T0138",1,"2024-08-02","gustavia augusta",391.580002809467,115.430024821311,10.8,1.3,NA,"AS",NA,NA,NA,NA
6282,"Site1","2024-08-03","Plot1","4","2024-08-02","K7","_0K2083","_0K2083",1,"2024-08-02","eschweilera coriacea",217.759974726534,125.170012205839,10.9,1.3,NA,"AS",NA,NA,NA,NA
4577,"Site1","2024-08-03","Plot1","4","2024-08-02","H17","_0H3733","_0H3733",1,"2024-08-02","conceveiba guianensis",154.249978460546,324.08003856428,22,1.3,NA,"AS",NA,NA,NA,"Tenía la placa 0H3732 y la especie no corresponde"
10152,"Site1","2024-08-03","Plot1","4","2024-08-02","R2","_0R0834","_0R0834",1,"2024-08-02","aspidosperma excelsum",342.239983207837,23.9599964972585,10.8,1.3,NA,"AS",NA,NA,NA,NA
13055,"Site1","2024-08-03","Plot1","4","2024-08-02","X7","_0X0135","_0X0135",1,"2024-08-02","theobroma subincanum",468.789990692399,125.10001526773,14.9,1.3,NA,"AS",NA,NA,NA,NA
11860,"Site1","2024-08-03","Plot1","4","2024-08-02","U17","_0U3205","_0U3205",1,"2024-08-02","inga leptocarpa",413.939992108964,338.459977108985,14,1.3,NA,"AS",NA,NA,NA,NA
9013,"Site1","2024-08-03","Plot1","4","2024-08-02","P24","_0P0532","_0P0532",1,"2024-08-02","tetragastris panamensis",316.170045029779,476.149978561327,14.3,1.3,NA,"AS",NA,NA,NA,NA
7013,"Site1","2024-08-03","Plot1","4","2024-08-02","M4","_0M0080","_0M0080",1,"2024-08-02","iriartea deltoidea",245.910018631897,64.2799959313124,27.8,1.3,NA,"AS",NA,NA,NA,NA
6086,"Site1","2024-08-03","Plot1","4","2024-08-02","K19","_0K0434","_0K0434",1,"2024-08-02","eschweilera itayensis",211.959954568651,366.569960303605,18,1.3,NA,"AS",NA,NA,NA,NA
10909,"Site1","2024-08-03","Plot1","4","2024-08-02","T4","_0T0081","_0T0081",1,"2024-08-02","alseis microcarpa",384.79003657616,76.470000628382,20,1.3,NA,"AS",NA,NA,NA,NA
1774,"Site1","2024-08-03","Plot1","4","2024-08-02","C24","_0C4898","_0C4898",1,"2024-08-02","eugenia schunkei",42.9899739978719,479.220045575872,30,1.3,NA,"AS",NA,NA,NA,NA
8900,"Site1","2024-08-03","Plot1","4","2024-08-02","P17","_0P0358","_0P0358",1,"2024-08-02","sterculia apetala",303.890036259836,330.409993363544,54.2,2.55,NA,"AS",NA,NA,NA,NA
1499,"Site1","2024-08-03","Plot1","4","2024-08-02","C19","_0C0419","_0C0419",1,"2024-08-02","eschweilera coriacea",51.5000471852836,361.239966209978,33.7,5.4,NA,"AS",NA,NA,NA,NA
2953,"Site1","2024-08-03","Plot1","4","2024-08-02","F5","_0F0115","_0F0115",1,"2024-08-02","sterculia peruviana",119.749971205543,90.0999654587358,22.9,1.3,NA,"AS",NA,NA,NA,NA
13480,"Site1","2024-08-03","Plot1","4","2024-08-02","X21","_0X3892","_0X3892",1,"2024-08-02","virola pavonis",461.02004695608,400.219998350367,10.3,1.3,NA,"AS",NA,NA,NA,NA
3159,"Site1","2024-08-03","Plot1","4","2024-08-02","F19","_0F0444","_0F0444",1,"2024-08-02","scleronema micranthum",104.379974446492,370.090003497899,31,1.3,NA,"AS",NA,NA,NA,NA
2544,"Site1","2024-08-03","Plot1","4","2024-08-02","E13","_0E0290","_0E0290",1,"2024-08-02","pourouma minor",84.4699806946446,243.779971744865,30.9,1.3,NA,"AS",NA,NA,NA,NA
2266,"Site1","2024-08-03","Plot1","4","2024-08-02","D16","_0D3587","_0D3587",1,"2024-08-02","otoba glycycarpa",69.6599636832834,304.730032574385,11.7,1.3,NA,"AS",NA,NA,NA,NA
6476,"Site1","2024-08-03","Plot1","4","2024-08-02","L5","_0L0113","_0L0113",1,"2024-08-02","apeiba membranacea",233.529996599944,97.7600058205426,24.8,1.3,NA,"AS",NA,NA,NA,NA
110,"Site1","2024-08-03","Plot1","4","2024-08-02","A6","_0A0165","_0A0165",1,"2024-08-02","pseudolmedia laevis",17.05003453471,107.089952349663,21.8042272035897,1.3,NA,"AS",NA,NA,NA,NA
1143,"Site1","2024-08-03","Plot1","4","2024-08-02","B20","_0B4454","_0B4454",1,"2024-08-02","lacmellea sp.1",36.1600057765027,395.869967410341,10.663381187157,1.3,NA,"AS",NA,NA,NA,NA
619,"Site1","2024-08-03","Plot1","4","2024-08-02","B2","_0B0037","_0B0037",1,"2024-08-02","chimarrhis glabriflora",24.5199999948381,24.730000000447,17.0932408880696,1.3,NA,"AS",NA,NA,NA,NA
8919,"Site1","2024-08-03","Plot1","4","2024-08-02","P19","_0P0407","_0P0407",1,"2024-08-02","guarea cristata",303.939961310185,370.530032444745,32.5,3.05,NA,"AS",NA,NA,NA,NA
13366,"Site1","2024-08-03","Plot1","4","2024-08-02","X25","_0X0605","_0X0605",1,"2024-08-02","trichilia septentrionalis",474.830000901769,494.729955524206,21.9,1.3,NA,"AS",NA,NA,NA,NA
27,"Site1","2024-08-03","Plot1","4","2024-08-02","A2","_0A0040","_0A0040",1,"2024-08-02","trema micrantha",9.93998423055746,21.499996829778,28.6797207451595,1.3,NA,"AS",NA,NA,NA,NA
13538,"Site1","2024-08-03","Plot1","4","2024-08-02","X3","_0X4873","_0X4873",1,"2024-08-02","solanum altissimum",471.959959090862,53.5200081430376,43.6,1.3,NA,"AS",NA,NA,NA,NA
8784,"Site1","2024-08-03","Plot1","4","2024-08-02","P9","_0P0191","_0P0191",1,"2024-08-02","eschweilera coriacea",304.519973393355,169.840046996251,24.2,1.3,NA,"AS",NA,NA,NA,NA
1134,"Site1","2024-08-03","Plot1","4","2024-08-02","B18","_0B4182","_0B4182",1,"2024-08-02","eschweilera gigantea",31.2500002188026,355.280040165409,10.40873327821,1.3,NA,"AS",NA,NA,NA,NA
1753,"Site1","2024-08-03","Plot1","4","2024-08-02","C21","_0C4572","_0C4572",1,"2024-08-02","eschweilera coriacea",52.2700141203823,412.410045847297,10.1540853692629,1.3,NA,"AS",NA,NA,NA,NA
7068,"Site1","2024-08-03","Plot1","4","2024-08-02","M8","_0M0174","_0M0174",1,"2024-08-02","brosimum guianense",247.289992626116,154.069986909628,16.7,1.3,NA,"AS",NA,NA,NA,NA
4623,"Site1","2024-08-03","Plot1","4","2024-08-02","H6","_0H5124","_0H5124",1,"2024-08-02",NA,143.781317050161,105.395328707993,15.9,1.3,NA,"AS",NA,NA,NA,NA
11110,"Site1","2024-08-03","Plot1","4","2024-08-02","T21","_0T0462","_0T0462",1,"2024-08-02","theobroma subincanum",385.76995444583,415.449957493693,22,1.3,NA,"AS",NA,NA,NA,NA
11287,"Site1","2024-08-03","Plot1","4","2024-08-02","T12","_0T2288","_0T2288",1,"2024-08-02","caryocar glabrum",386.039970418147,235.740026393905,10.7,1.3,NA,"AS",NA,NA,NA,NA
9533,"Site1","2024-08-03","Plot1","4","2024-08-02","Q21","_0Q0446","_0Q0446",1,"2024-08-02","eschweilera coriacea",329.789995567698,413.01002961956,24.6,1.3,NA,"AS",NA,NA,NA,NA
13651,"Site1","2024-08-03","Plot1","4","2024-08-02","Y6","_0Y0141","_0Y0141",1,"2024-08-02","virola sebifera",488.550010360137,115.139956599101,19.21,1.3,NA,"AS",NA,NA,NA,NA
13158,"Site1","2024-08-03","Plot1","4","2024-08-02","X13","_0X0288","_0X0288",1,"2024-08-02","pseudolmedia laevis",475.30004726263,257.990012805909,40.8,5.4,NA,"AS",NA,NA,NA,NA
14733,"Site1","2024-08-03","Plot1","4","2024-08-02","T15","_2T0673","_2T0673",1,"2024-08-02",NA,381.716591617616,289.073011644185,12.6,1.3,NA,"AS",NA,NA,NA,NA
4363,"Site1","2024-08-03","Plot1","4","2024-08-02","H21","_0H0477","_0H0477",1,"2024-08-02","chrysophyllum venezuelanum",152.550046130316,408.799951206893,16,1.3,NA,"AS",NA,NA,NA,NA
5485,"Site1","2024-08-03","Plot1","4","2024-08-02","J18","_0J0451","_0J0451",1,"2024-08-02","sloanea floribunda",188.070020767103,340.579970102757,16.6,1.3,NA,"AS",NA,NA,NA,NA
12058,"Site1","2024-08-03","Plot1","4","2024-08-02","V11","_0V0217","_0V0217",1,"2024-08-02","pachira insignis",432.849985436827,219.589951863512,38.5,1.3,NA,"AS",NA,NA,NA,NA
3658,"Site1","2024-08-03","Plot1","4","2024-08-02","G14","_0G0326","_0G0326",1,"2024-08-02","parkia multijuga",134.330010955106,265.490003408864,77.7,3.7,NA,"AS",NA,NA,NA,NA
2541,"Site1","2024-08-03","Plot1","4","2024-08-02","E12","_0E0286","_0E0286",1,"2024-08-02","eschweilera gigantea",95.5100241575274,229.720049232244,16.4,1.3,NA,"AS",NA,NA,NA,NA
5967,"Site1","2024-08-03","Plot1","4","2024-08-02","K12","_0K0267","_0K0267",1,"2024-08-02","virola divergens",203.930022541143,236.229976400733,12.4,1.3,NA,"AS",NA,NA,NA,NA
3409,"Site1","2024-08-03","Plot1","4","2024-08-02","F21","_0F4530","_0F4530",1,"2024-08-02","sorocea steinbachii",119.840011672815,417.419984024018,11.6,1.3,NA,"AS",NA,NA,NA,NA
13679,"Site1","2024-08-03","Plot1","4","2024-08-02","Y7","_0Y0176","_0Y0176",1,"2024-08-02","pouteria bangii",489.669975794503,130.52998380363,13.5,1.3,NA,"AS",NA,NA,NA,NA
2148,"Site1","2024-08-03","Plot1","4","2024-08-02","D25","_0D0530","_0D0530",1,"2024-08-02","tachigali setifera",60.709951761819,489.080030884594,40.1,2.3,NA,"AS",NA,NA,NA,NA
1734,"Site1","2024-08-03","Plot1","4","2024-08-02","C19","_0C4279","_0C4279",1,"2024-08-02","euterpe precatoria",46.7400441925856,373.390049170703,14.610423775836,1.3,NA,"AS",NA,NA,NA,NA
3530,"Site1","2024-08-03","Plot1","4","2024-08-02","G7","_0G0138","_0G0138",1,"2024-08-02","otoba parvifolia",131.580001783266,130.270035244524,38.7,1.3,NA,"AS",NA,NA,NA,NA
1020,"Site1","2024-08-03","Plot1","4","2024-08-02","B1","_0B0792","_0B0792",1,"2024-08-02","virola duckei",32.3899999932037,2.35999999940395,10.8225361302489,1.3,NA,"AS",NA,NA,NA,NA
1236,"Site1","2024-08-03","Plot1","4","2024-08-02","C3","_0C0063","_0C0063",1,"2024-08-02","clarisia biflora",54.289999990433,51.0600000005215,17.2842268197798,1.3,NA,"AS",NA,NA,NA,NA
10744,"Site1","2024-08-03","Plot1","4","2024-08-02","S9","_0S2035","_0S2035",1,"2024-08-02","pleurothyrium sp.1",367.620025007345,170.930020559579,11.9,1.3,NA,"AS",NA,NA,NA,NA
12569,"Site1","2024-08-03","Plot1","4","2024-08-02","W12","_0W0253","_0W0253",1,"2024-08-02","parkia multijuga",446.350013446528,226.750011922792,43.8,2.85,NA,"AS",NA,NA,NA,NA
1535,"Site1","2024-08-03","Plot1","4","2024-08-02","C22","_0C0467","_0C0467",1,"2024-08-02","eschweilera coriacea",47.9899967921083,427.880021223798,17.7616916490555,1.3,NA,"AS",NA,NA,NA,NA
1616,"Site1","2024-08-03","Plot1","4","2024-08-02","C5","_0C1446","_0C1446",1,"2024-08-02","iryanthera juruensis",41.7599999989034,96.1899999994785,11.3954939253797,1.3,NA,"AS",NA,NA,NA,NA
12140,"Site1","2024-08-03","Plot1","4","2024-08-02","V15","_0V0331","_0V0331",1,"2024-08-02","eschweilera rufifolia",437.830047787924,286.749961938709,14,1.3,NA,"AS",NA,NA,NA,NA
6672,"Site1","2024-08-03","Plot1","4","2024-08-02","L20","_0L0436","_0L0436",1,"2024-08-02","dendropanax cuneatus",223.309972444375,386.640013778582,15.9,1.3,NA,"AS",NA,NA,NA,NA
5875,"Site1","2024-08-03","Plot1","4","2024-08-02","K6","_0K0123","_0K0123",1,"2024-08-02","iryanthera juruensis",204.7899748325,119.130033362657,20.7,1.3,NA,"AS",NA,NA,NA,NA
11267,"Site1","2024-08-03","Plot1","4","2024-08-02","T9","_0T1902","_0T1902",1,"2024-08-02","poraqueiba sericea",390.528868964233,169.064047997817,11,1.3,NA,"ABS",NA,NA,NA,NA
6968,"Site1","2024-08-03","Plot1","4","2024-08-02","M1","_0M0019","_0M0019",1,"2024-08-02","virola duckei",251.609988912125,15.349981546402,22.7,1.3,NA,"AS",NA,NA,NA,NA
13536,"Site1","2024-08-03","Plot1","4","2024-08-02","X3","_0X4794","_0X4794",1,"2024-08-02","endlicheria krukovii",468.020038717485,45.6200128812343,13.7,1.3,NA,"AS",NA,NA,NA,NA
4839,"Site1","2024-08-03","Plot1","4","2024-08-02","I12","_0I0298","_0I0298",1,"2024-08-02","virola peruviana",178.279985657951,230.689975211397,16.2,1.3,NA,"AS",NA,NA,NA,NA
14617,"Site1","2024-08-03","Plot1","4","2024-08-02","M11","_2M0345","_2M0345",1,"2024-08-02",NA,253.729513309954,217.328977640718,26.7,2.3,NA,"AS",NA,NA,NA,NA
9863,"Site1","2024-08-03","Plot1","4","2024-08-02","R4","_0R0078","_0R0078",1,"2024-08-02","pouteria torta",346.380019093573,70.4300030041486,18.6,1.3,NA,"AS",NA,NA,NA,NA
12947,"Site1","2024-08-03","Plot1","4","2024-08-02","W25","_0W4111","_0W4111",1,"2024-08-02","virola multinervia",445.99996277102,491.579953590408,14.6,1.3,NA,"AS",NA,NA,NA,NA
925,"Site1","2024-08-03","Plot1","4","2024-08-02","B19","_0B0494","_0B0494",1,"2024-08-02","perebea guianensis",23.729999992298,379.439999999478,11.3000009595246,1.3,NA,"ABS",NA,NA,NA,NA
14592,"Site1","2024-08-03","Plot1","4","2024-08-02","L6","_2L0268","_2L0268",1,"2024-08-02",NA,229.806977761153,110.456626506522,14.2,1.3,NA,"AS",NA,NA,NA,NA
5806,"Site1","2024-08-03","Plot1","4","2024-08-02","K1","_0K0024","_0K0024",1,"2024-08-02","lacunaria crenata",216.79995392944,7.71999236382544,25.6,1.3,NA,"AS",NA,NA,NA,NA
14173,"Site1","2024-08-03","Plot1","4","2024-08-02","C19","_1C0556","_1C0556",1,"2024-08-02","vochysia sp.1",45.2833959137206,369.226474819705,10.0267614147894,1.3,NA,"AS",NA,NA,NA,NA
4254,"Site1","2024-08-03","Plot1","4","2024-08-02","H14","_0H0309","_0H0309",1,"2024-08-02","unonopsis spectabilis",153.410034878936,277.330003276467,11.5,1.3,NA,"AS",NA,NA,NA,NA
13931,"Site1","2024-08-03","Plot1","4","2024-08-02","Y21","_0Y0520","_0Y0520",1,"2024-08-02","eschweilera itayensis",490.50999938458,404.600012863055,33.3,4,NA,"AS",NA,NA,NA,NA
7085,"Site1","2024-08-03","Plot1","4","2024-08-02","M9","_0M0202","_0M0202",1,"2024-08-02","iriartea deltoidea",258.690035033447,175.720029169694,22.7,3.05,NA,"AS",NA,NA,NA,NA
1251,"Site1","2024-08-03","Plot1","4","2024-08-02","C4","_0C0087","_0C0087",1,"2024-08-02","maytenus amazonica",57.3699999931268,76.2599999997765,20.8811285336567,1.3,NA,"AS",NA,NA,NA,NA
6698,"Site1","2024-08-03","Plot1","4","2024-08-02","L21","_0L0477","_0L0477",1,"2024-08-02","guarea pterorhachis",230.649988169607,404.689966917038,13.6,1.3,NA,"AS",NA,NA,NA,NA
14067,"Site1","2024-08-03","Plot1","4","2024-08-02","Y16","_0Y2871","_0Y2871",1,"2024-08-02","eschweilera coriacea",484.699974856223,300.270007446408,13.02,1.3,NA,"AS",NA,NA,NA,NA
4194,"Site1","2024-08-03","Plot1","4","2024-08-02","H11","_0H0237","_0H0237",1,"2024-08-02","sterculia colombiana",159.229994324152,207.030018754303,27,1.3,NA,"AS",NA,NA,NA,NA
7591,"Site1","2024-08-03","Plot1","4","2024-08-02","N6","_0N0139","_0N0139",1,"2024-08-02","oxandra major",279.689962121949,110.76003659144,23.2,1.3,NA,"AS",NA,NA,NA,NA
4916,"Site1","2024-08-03","Plot1","4","2024-08-02","I18","_0I0432","_0I0432",1,"2024-08-02","siparuna decipiens",177.540038914245,341.95995393768,16,1.3,NA,"AS",NA,NA,NA,NA
5333,"Site1","2024-08-03","Plot1","4","2024-08-02","J10","_0J0237","_0J0237",1,"2024-08-02","garcinia sp.1",183.259981128853,197.10996103473,20.4,1.3,NA,"AS",NA,NA,NA,NA
1333,"Site1","2024-08-03","Plot1","4","2024-08-02","C10","_0C0198","_0C0198",1,"2024-08-02","macrolobium angustifolium",46.9899999912013,190.949999999255,22.7273258735227,1.3,NA,"AS",NA,NA,NA,NA
12715,"Site1","2024-08-03","Plot1","4","2024-08-02","W18","_0W0445","_0W0445",1,"2024-08-02","pouteria macrocarpa",446.65997132333,356.709991291165,29.2,1.3,NA,"AS",NA,NA,NA,NA
6827,"Site1","2024-08-03","Plot1","4","2024-08-02","L7","_0L1654","_0L1654",1,"2024-08-02","cordia nodosa",227.859984814539,123.150008760393,10.1,1.3,NA,"AS",NA,NA,NA,NA
14078,"Site1","2024-08-03","Plot1","4","2024-08-02","Y17","_0Y3158","_0Y3158",1,"2024-08-02","dendropanax cuneatus",485.379966400855,322.009974593297,11.9,1.3,NA,"AS",NA,NA,NA,NA
11290,"Site1","2024-08-03","Plot1","4","2024-08-02","T12","_0T2402","_0T2402",1,"2024-08-02","symphonia globulifera",395.260037281027,228.420010592788,24.5,1.3,NA,"AS",NA,NA,NA,NA
13409,"Site1","2024-08-03","Plot1","4","2024-08-02","X7","_0X1353","_0X1353",1,"2024-08-02","pourouma guianensis",476.605943239119,137.461341740564,13,1.3,NA,"AS",NA,NA,NA,NA
13429,"Site1","2024-08-03","Plot1","4","2024-08-02","X10","_0X1924","_0X1924",1,"2024-08-02","handroanthus capitatus",475.150015763647,183.329961424693,10.4,1.3,NA,"AS",NA,NA,NA,NA
8126,"Site1","2024-08-03","Plot1","4","2024-08-02","O5","_0O0109","_0O0109",1,"2024-08-02","eschweilera itayensis",286.009953108325,94.6699690371752,32.3,1.3,NA,"AS",NA,NA,NA,NA
12934,"Site1","2024-08-03","Plot1","4","2024-08-02","W24","_0W3957","_0W3957",1,"2024-08-02","esenbeckia amazonica",451.41995284328,471.870034180582,10.5,1.3,NA,"AS",NA,NA,NA,NA
826,"Site1","2024-08-03","Plot1","4","2024-08-02","B12","_0B0340","_0B0340",1,"2024-08-02","eschweilera coriacea",34.5099999920349,229.679999999702,25.6239458377952,1.3,NA,"AS",NA,NA,NA,NA
13226,"Site1","2024-08-03","Plot1","4","2024-08-02","X16","_0X0379","_0X0379",1,"2024-08-02","pseudolmedia laevis",470.670004603278,304.809964619577,15.3,1.3,NA,"AS",NA,NA,NA,NA
6569,"Site1","2024-08-03","Plot1","4","2024-08-02","L13","_0L0270","_0L0270",1,"2024-08-02","conceveiba martiana",224.790001282992,254.840042071417,33.1,1.3,NA,"AS",NA,NA,NA,NA
4076,"Site1","2024-08-03","Plot1","4","2024-08-02","H3","_0H0062","_0H0062",1,"2024-08-02","rinorea lindeniana",151.920041425212,49.0999630596489,11.3,1.3,NA,"AS",NA,NA,NA,NA
1468,"Site1","2024-08-03","Plot1","4","2024-08-02","C17","_0C0379","_0C0379",1,"2024-08-02","theobroma subincanum",59.0299999883864,329.519999999553,19.1940861368826,1.3,NA,"AS",NA,NA,NA,NA
14682,"Site1","2024-08-03","Plot1","4","2024-08-02","R17","_2R0753","_2R0753",1,"2024-08-02",NA,351.203282252012,321.648008327931,38,1.3,NA,"AS",NA,NA,NA,NA
5586,"Site1","2024-08-03","Plot1","4","2024-08-02","J24","_0J0598","_0J0598",1,"2024-08-02","tapirira guianensis",194.069996324892,466.879957329482,42.9,2,NA,"AS",NA,NA,NA,NA
4847,"Site1","2024-08-03","Plot1","4","2024-08-02","I13","_0I0309","_0I0309",1,"2024-08-02","virola multinervia",168.319991638185,248.70995876193,23.3,1.3,NA,"AS",NA,NA,NA,NA
1057,"Site1","2024-08-03","Plot1","4","2024-08-02","B6","_0B1699","_0B1699",1,"2024-08-02","pseudolmedia laevis",37.3499999889173,116.740000000224,10.2495783351181,1.3,NA,"AS",NA,NA,NA,NA
3979,"Site1","2024-08-03","Plot1","4","2024-08-02","G18","_0G3578","_0G3578",1,"2024-08-02","protium subserratum",123.430032254488,352.949974955991,11,1.3,NA,"AS",NA,NA,NA,NA
11368,"Site1","2024-08-03","Plot1","4","2024-08-02",NA,"_0T4283","_0T4283",1,"2024-11-14",NA,399.755209203693,84.7745413593948,12.3,1.3,NA,"AS",NA,NA,NA,NA
5805,"Site1","2024-08-03","Plot1","4","2024-08-02","K1","_0K0023","_0K0023",1,"2024-08-02","iryanthera hostmannii",215.529962101311,6.61999810300767,15,1.3,NA,"AS",NA,NA,NA,NA
2446,"Site1","2024-08-03","Plot1","4","2024-08-02","E8","_0E0159","_0E0159",1,"2024-08-02","oxandra xylopioides",88.6100184734096,148.78001922369,22.3,1.8,NA,"AS",NA,NA,NA,NA
2022,"Site1","2024-08-03","Plot1","4","2024-08-02","D15","_0D0325","_0D0325",1,"2024-08-02","swartzia arborescens",63.1399793063174,295.089961020276,11.4273249139981,1.3,NA,"AS",NA,NA,NA,NA
5421,"Site1","2024-08-03","Plot1","4","2024-08-02","J14","_0J0349","_0J0349",1,"2024-08-02","oxandra mediocris",187.340021534998,274.780000504106,16.35,1.3,NA,"AS",NA,NA,NA,NA
9472,"Site1","2024-08-03","Plot1","4","2024-08-02","Q17","_0Q0345","_0Q0345",1,"2024-08-02","bixa urucurana",332.59004151827,337.369977934286,28.5,2.6,NA,"AS",NA,NA,NA,NA
6270,"Site1","2024-08-03","Plot1","4","2024-08-02","K6","_0K1854","_0K1854",1,"2024-08-02","brosimum lactescens",211.420043562364,116.229981254786,12.7,1.3,NA,"AS",NA,NA,NA,NA
8739,"Site1","2024-08-03","Plot1","4","2024-08-02","P6","_0P0120","_0P0120",1,"2024-08-02","euterpe precatoria",303.590027446102,109.330000253394,17,1.3,NA,"AS",NA,NA,NA,NA
1581,"Site1","2024-08-03","Plot1","4","2024-08-02","C25","_0C0556","_0C0556",1,"2024-08-02","cedrela odorata",56.4100399588351,480.999977907166,56.55,3.62,NA,"AS",NA,NA,NA,NA
3216,"Site1","2024-08-03","Plot1","4","2024-08-02","F22","_0F0520","_0F0520",1,"2024-08-02","eschweilera coriacea",112.62003526272,433.690044803545,20.1,1.3,NA,"AS",NA,NA,NA,NA
8179,"Site1","2024-08-03","Plot1","4","2024-08-02","O8","_0O0187","_0O0187",1,"2024-08-02","licania micrantha",288.170004585641,150.410033939406,22.5,1.3,NA,"AS",NA,NA,NA,NA
8429,"Site1","2024-08-03","Plot1","4","2024-08-02","O23","_0O0565","_0O0565",1,"2024-08-02","iryanthera macrophylla",291.610024905705,442.53996511735,12.1,1.3,NA,"AS",NA,NA,NA,NA
13448,"Site1","2024-08-03","Plot1","4","2024-08-02","X16","_0X2983","_0X2983",1,"2024-08-02","guarea kunthiana",460.700007736625,311.310028556734,11.1,1.3,NA,"AS",NA,NA,NA,NA
5369,"Site1","2024-08-03","Plot1","4","2024-08-02","J12","_0J0284","_0J0284",1,"2024-08-02","brosimum guianense",180.840041154705,232.610038684681,26.9,1.3,NA,"AS",NA,NA,NA,NA
4861,"Site1","2024-08-03","Plot1","4","2024-08-02","I14","_0I0335","_0I0335",1,"2024-08-02","vochysia sp.1",169.259973864653,278.350021300837,46.5,1.3,NA,"AS",NA,NA,NA,NA
8695,"Site1","2024-08-03","Plot1","4","2024-08-02","P3","_0P0059","_0P0059",1,"2024-08-02","eschweilera coriacea",308.909982712707,58.4099737014621,19.4,2.5,NA,"AS",NA,NA,NA,NA
8173,"Site1","2024-08-03","Plot1","4","2024-08-02","O8","_0O0176","_0O0176",1,"2024-08-02","himatanthus sucuuba",284.259999253729,142.319988913834,17.2,1.3,NA,"AS",NA,NA,NA,NA
3174,"Site1","2024-08-03","Plot1","4","2024-08-02","F19","_0F0463","_0F0463",1,"2024-08-02","caraipa grandifolia",118.780006040528,360.189980810508,13.2,1.3,NA,"AS",NA,NA,NA,NA
7112,"Site1","2024-08-03","Plot1","4","2024-08-02","M11","_0M0242","_0M0242",1,"2024-08-02","hevea guianensis",255.200006065483,211.650004675612,38.7,1.3,NA,"AS",NA,NA,NA,NA
8058,"Site1","2024-08-03","Plot1","4","2024-08-02","N15","_0N5280","_0N5280",1,"2024-08-02",NA,268.312514422752,280.380839452147,15.9,1.3,NA,"AS",NA,NA,NA,NA
8287,"Site1","2024-08-03","Plot1","4","2024-08-02","O14","_0O0343","_0O0343",1,"2024-08-02","protium nodulosum",299.160048080899,276.459978310391,23.7,1.3,NA,"AS",NA,NA,NA,NA
6053,"Site1","2024-08-03","Plot1","4","2024-08-02","K17","_0K0387","_0K0387",1,"2024-08-02","eschweilera coriacea",218.930044656794,328.369975673035,16.7,1.3,NA,"AS",NA,NA,NA,NA
3031,"Site1","2024-08-03","Plot1","4","2024-08-02","F11","_0F0237","_0F0237",1,"2024-08-02","astrocaryum ferrugineum",105.259985829878,202.489960974082,14.1,1.3,NA,"AS",NA,NA,NA,NA
13568,"Site1","2024-08-03","Plot1","4","2024-08-02","Y2","_0Y0027","_0Y0027",1,"2024-08-02","euterpe precatoria",482.410031727515,30.3200149871409,16.6,1.3,NA,"AS",NA,NA,NA,NA
2281,"Site1","2024-08-03","Plot1","4","2024-08-02","D17","_0D3784","_0D3784",1,"2024-08-02","heisteria ovata",63.4199538573739,335.959954524413,10.5,1.3,NA,"AS",NA,NA,NA,NA
12810,"Site1","2024-08-03","Plot1","4","2024-08-02","W2","_0W0956","_0W0956",1,"2024-08-02","eschweilera coriacea",450.599998566846,26.4600226506591,12.8,1.3,NA,"AS",NA,NA,NA,NA
10619,"Site1","2024-08-03","Plot1","4","2024-08-02","S23","_0S0489","_0S0489",1,"2024-08-02","sapindaceae sp.3",375.240049028711,458.999953264371,36.3,1.3,NA,"AS",NA,NA,NA,NA
13500,"Site1","2024-08-03","Plot1","4","2024-08-02","X22","_0X4118","_0X4118",1,"2024-08-02","virola sebifera",470.679950640129,421.199954837561,12.3,1.3,NA,"AS",NA,NA,NA,NA
1018,"Site1","2024-08-03","Plot1","4","2024-08-02","B1","_0B0721","_0B0721",1,"2024-08-02","marila tomentosa",27.3499999931664,12.4900000002235,10.0585924034078,1.3,NA,"AS",NA,NA,NA,NA
331,"Site1","2024-08-03","Plot1","4","2024-08-02","A21","_0A0479","_0A0479",1,"2024-08-02","erisma uncinatum",13.7699980117031,419.780009871349,16.9977479222144,1.3,NA,"AS",NA,NA,NA,NA
13275,"Site1","2024-08-03","Plot1","4","2024-08-02","X19","_0X0442","_0X0442",1,"2024-08-02","cestrum schlechtendalii",472.2299976793,374.599997032434,16.3,1.3,NA,"AS",NA,NA,NA,NA
14231,"Site1","2024-08-03","Plot1","4","2024-08-02","H7","_1H0243","_1H0243",1,"2024-08-02","croton smithianus",155.859960477275,128.929979540408,27.2,1.3,NA,"AS",NA,NA,NA,NA
1185,"Site1","2024-08-03","Plot1","4","2024-08-02","B25","_0B5216","_0B5216",1,"2024-08-02","pseudolmedia laevis",37.3899830981391,491.070023817942,12.0321136977473,1.3,NA,"AS",NA,NA,NA,NA
13526,"Site1","2024-08-03","Plot1","4","2024-08-02","X1","_0X4635","_0X4635",1,"2024-08-02","hevea guianensis",477.650024154224,11.1999896038324,29.8,1.3,NA,"AS",NA,NA,NA,NA
12559,"Site1","2024-08-03","Plot1","4","2024-08-02","W11","_0W0239","_0W0239",1,"2024-08-02","theobroma glaucum",451.210000994441,215.500023812056,19.3,1.3,NA,"AS",NA,NA,NA,NA
3140,"Site1","2024-08-03","Plot1","4","2024-08-02","F17","_0F0403","_0F0403",1,"2024-08-02","buchenavia amazonia",119.889989241201,323.769957432523,19.3,1.3,NA,"AS",NA,NA,NA,NA
4924,"Site1","2024-08-03","Plot1","4","2024-08-02","I19","_0I0441","_0I0441",1,"2024-08-02","ecclinusa sp.nov.",166.590014803805,375.040018871427,16.4,1.3,NA,"AS",NA,NA,NA,NA
4711,"Site1","2024-08-03","Plot1","4","2024-08-02","I5","_0I0117","_0I0117",1,"2024-08-02","inga heterophylla",172.710035795055,82.6499847713858,38.6,1.3,NA,"AS",NA,NA,NA,NA
8683,"Site1","2024-08-03","Plot1","4","2024-08-02","P2","_0P0043","_0P0043",1,"2024-08-02","tachigali sp.2",312.529966301576,20.1900463234633,42,2.1,NA,"AS",NA,NA,NA,NA
8330,"Site1","2024-08-03","Plot1","4","2024-08-02","O17","_0O0419","_0O0419",1,"2024-08-02","inga tessmannii",296.789963787131,322.560037804767,27.7,1.3,NA,"AS",NA,NA,NA,NA
8904,"Site1","2024-08-03","Plot1","4","2024-08-02","P17","_0P0368","_0P0368",1,"2024-08-02","eschweilera coriacea",314.280037210265,321.409952582791,38.6,1.8,NA,"ABS",NA,NA,NA,NA
3036,"Site1","2024-08-03","Plot1","4","2024-08-02","F11","_0F0242","_0F0242",1,"2024-08-02","erisma laurifolium",114.600007373316,217.990009816363,32.4,1.3,NA,"AS",NA,NA,NA,NA
8877,"Site1","2024-08-03","Plot1","4","2024-08-02","P15","_0P0329","_0P0329",1,"2024-08-02","swartzia oraria",314.609965194075,287.180033644661,19.2,3.75,NA,"AS",NA,NA,NA,NA
3156,"Site1","2024-08-03","Plot1","4","2024-08-02","F19","_0F0441","_0F0441",1,"2024-08-02","iryanthera juruensis",102.649966158264,369.799972705543,17.3,1.3,NA,"AS",NA,NA,NA,NA
3767,"Site1","2024-08-03","Plot1","4","2024-08-02","G21","_0G0473","_0G0473",1,"2024-08-02","pseudolmedia laevigata",128.030005383654,414.610013779253,12.8,1.3,NA,"ABS",NA,NA,NA,NA
11384,"Site1","2024-08-03","Plot1","4","2024-08-02","U2","_0U0036","_0U0036",1,"2024-08-02","hevea guianensis",408.490008352848,31.1100117750466,15.4,1.3,NA,"AS",NA,NA,NA,NA
12976,"Site1","2024-08-03","Plot1","4","2024-08-02","X2","_0X0029","_0X0029",1,"2024-08-02","zygia latifolia",474.050738972437,36.5662383269519,13.8,1.3,NA,"AS",NA,NA,NA,NA
8200,"Site1","2024-08-03","Plot1","4","2024-08-02","O10","_0O0227","_0O0227",1,"2024-08-02","siparuna decipiens",289.739963753789,182.680011296645,14.4,1.3,NA,"AS",NA,NA,NA,NA
9056,"Site1","2024-08-03","Plot1","4","2024-08-02","P2","_0P1029","_0P1029",1,"2024-08-02","protium nodulosum",317.210028903442,25.0999946091324,10.6,1.3,NA,"AS",NA,NA,NA,NA
8067,"Site1","2024-08-03","Plot1","4","2024-08-02","O1","_0O0015","_0O0014",1,"2024-08-02","fusaea longifolia",285.02998075186,10.210043374449,12.6,1.65,NA,"AS",NA,NA,NA,NA
4201,"Site1","2024-08-03","Plot1","4","2024-08-02","H12","_0H0246","_0H0246",1,"2024-08-02","leonia glycycarpa",147.471777494939,228.004415441304,14,1.3,NA,"AS",NA,NA,NA,NA
4272,"Site1","2024-08-03","Plot1","4","2024-08-02","H15","_0H0331","_0H0331",1,"2024-08-02","hevea guianensis",158.930030262505,292.709986206144,37.4,1.3,NA,"AS",NA,NA,NA,NA
7755,"Site1","2024-08-03","Plot1","4","2024-08-02","N16","_0N0354","_0N0354",1,"2024-08-02","virola pavonis",277.300029923732,312.730020169169,21.9,1.3,NA,"AS",NA,NA,NA,NA
12429,"Site1","2024-08-03","Plot1","4","2024-08-02","W2","_0W0024","_0W0024",1,"2024-08-02","socratea exorrhiza",445.160043168173,25.2100268062204,12.3,3.75,NA,"AS",NA,NA,NA,NA
12391,"Site1","2024-08-03","Plot1","4","2024-08-02","V23","_0V3621","_0V3621",1,"2024-08-02","alchorneopsis floribunda",427.220016368665,454.429953595623,26.7,1.9,NA,"AS",NA,NA,NA,NA
6674,"Site1","2024-08-03","Plot1","4","2024-08-02","L20","_0L0438","_0L0438",1,"2024-08-02","eschweilera coriacea",226.409974052745,389.370025932789,40.2,2.3,NA,"AS",NA,NA,NA,NA
10087,"Site1","2024-08-03","Plot1","4","2024-08-02","R23","_0R0472","_0R0472",1,"2024-08-02","iryanthera laevis",357.379973681411,452.150014601648,15.1,1.3,NA,"AS",NA,NA,NA,NA
13653,"Site1","2024-08-03","Plot1","4","2024-08-02","Y6","_0Y0144","_0Y0144",1,"2024-08-02","eschweilera rufifolia",488.829990292841,112.729951508343,12.31,1.3,NA,"AS",NA,NA,NA,NA
10783,"Site1","2024-08-03","Plot1","4","2024-08-02","S13","_0S2759","_0S2759",1,"2024-08-02","vochysia lomatophylla",378.229984679958,242.380000922829,16.7,1.3,NA,"AS",NA,NA,NA,NA
5432,"Site1","2024-08-03","Plot1","4","2024-08-02","J15","_0J0363","_0J0363",1,"2024-08-02","pseudolmedia laevis",180.33997695992,283.210019456223,19.5,1.3,NA,"AS",NA,NA,NA,NA
5842,"Site1","2024-08-03","Plot1","4","2024-08-02","K4","_0K0077","_0K0077",1,"2024-08-02","conceveiba guianensis",200.799987440405,77.9299532007426,24.7,1.3,NA,"ABS",NA,NA,NA,NA
11367,"Site1","2024-08-03","Plot1","4","2024-08-02","T20","_0T4282","_0T4282",1,"2024-08-02",NA,399.601577523164,386.485483780503,15.4,1.3,NA,"AS",NA,NA,NA,NA
8945,"Site1","2024-08-03","Plot1","4","2024-08-02","P21","_0P0447","_0P0447",1,"2024-08-02","eschweilera coriacea",306.829993750667,407.739999650046,30.5,1.3,NA,"AS",NA,NA,NA,NA
7162,"Site1","2024-08-03","Plot1","4","2024-08-02","M14","_0M0313","_0M0313",1,"2024-08-02","micropholis porphyrocarpa",250.459962627094,279.310035115108,52.8,1.3,NA,"AS",NA,NA,NA,NA
12995,"Site1","2024-08-03","Plot1","4","2024-08-02","X3","_0X0056","_0X0056",1,"2024-08-02","iryanthera macrophylla",479.170014161908,47.0999623518437,15.7,1.3,NA,"AS",NA,NA,NA,NA
4848,"Site1","2024-08-03","Plot1","4","2024-08-02","I13","_0I0311","_0I0311",1,"2024-08-02","oxandra riedeliana",168.230033032654,248.00997903198,14.9,1.3,NA,"AS",NA,NA,NA,NA
2312,"Site1","2024-08-03","Plot1","4","2024-08-02","D22","_0D4558","_0D4558",1,"2024-08-02","drymonia affinis",71.0999979926855,437.199989365414,10.6,1.3,NA,"AS",NA,NA,NA,NA
12563,"Site1","2024-08-03","Plot1","4","2024-08-02","W11","_0W0245","_0W0245",1,"2024-08-02","oxandra major",450.659968091,208.299973392859,18.6,1.3,NA,"AS",NA,NA,NA,NA
9330,"Site1","2024-08-03","Plot1","4","2024-08-02","Q6","_0Q0142","_0Q0142",1,"2024-08-02","astrocaryum ferrugineum",330.909960999968,109.860024634749,10.4,1.3,NA,"AS",NA,NA,NA,NA
10506,"Site1","2024-08-03","Plot1","4","2024-08-02","S12","_0S0274","_0S0274",1,"2024-08-02","conceveiba guianensis",366.80996088509,226.169957784936,16.7,1.3,NA,"AS",NA,NA,NA,NA
3279,"Site1","2024-08-03","Plot1","4","2024-08-02","F1","_0F0744","_0F0744",1,"2024-08-02","chrysochlamys weberbaueri",109.870038409717,13.0099855177104,10.3,1.3,NA,"AS",NA,NA,NA,NA
1853,"Site1","2024-08-03","Plot1","4","2024-08-02","D4","_0D0091","_0D0091",1,"2024-08-02","inga capitata",75.6899999934249,79.679999999702,12.1594376522208,1.3,NA,"AS",NA,NA,NA,NA
11532,"Site1","2024-08-03","Plot1","4","2024-08-02","U12","_0U0279","_0U0279",1,"2024-08-02","euterpe precatoria",417.780028020788,228.65002384223,21,1.3,NA,"AS",NA,NA,NA,NA
8355,"Site1","2024-08-03","Plot1","4","2024-08-02","O20","_0O0465","_0O0465",1,"2024-08-02","hirtella schultesii",284.790016943531,392.000045288354,12.9,1.65,NA,"AS",NA,NA,NA,NA
5744,"Site1","2024-08-03","Plot1","4","2024-08-02","J21","_0J4431","_0J4431",1,"2024-08-02","perebea xanthochyma",191.736884952348,410.766820477322,10.4,1.3,NA,"AS",NA,NA,NA,NA
9248,"Site1","2024-08-03","Plot1","4","2024-08-02","Q1","_0Q0016","_0Q0016",1,"2024-08-02","inga coruscans",337.160010534513,15.4799732137471,30,1.3,NA,"AS",NA,NA,NA,NA
11965,"Site1","2024-08-03","Plot1","4","2024-08-02","V4","_0V0080","_0V0080",1,"2024-08-02","oxandra major",430.160032509011,77.8399765212089,17.4,1.3,NA,"AS",NA,NA,NA,NA
8758,"Site1","2024-08-03","Plot1","4","2024-08-02","P7","_0P0149","_0P0149",1,"2024-08-02","oxandra major",308.800021718547,122.759986933321,18.9,1.3,NA,"AS",NA,NA,NA,NA
490,"Site1","2024-08-03","Plot1","4","2024-08-02","A12","_0A2675","_0A2675",1,"2024-08-02","pouteria williamii",8.50999999063788,232.36999999918,12.4777475384046,1.3,NA,"AS",NA,NA,NA,NA
3490,"Site1","2024-08-03","Plot1","4","2024-08-02","G5","_0G0084","_0G0084",1,"2024-08-02","dacryodes amplectans",124.689957117022,90.570020377636,11.6,1.3,NA,"AS",NA,NA,NA,NA
9704,"Site1","2024-08-03","Plot1","4","2024-08-02","Q13","_0Q2841","_0Q2841",1,"2024-08-02","iryanthera juruensis",325.229979614553,251.329958332703,11.3,1.3,NA,"AS",NA,NA,NA,NA
13953,"Site1","2024-08-03","Plot1","4","2024-08-02","Y24","_0Y0574","_0Y0574",1,"2024-08-02","byrsonima flexipes",482.300038681191,466.520006014034,30.1,2.63,NA,"AS",NA,NA,NA,NA
12749,"Site1","2024-08-03","Plot1","4","2024-08-02","W21","_0W0512","_0W0512",1,"2024-08-02","coccoloba sp.1",454.250025046116,410.599985254928,16.1,1.3,NA,"AS",NA,NA,NA,NA
13515,"Site1","2024-08-03","Plot1","4","2024-08-02","X25","_0X4393","_0X4393",1,"2024-08-02","euterpe precatoria",460.240025912004,491.019972685724,17.9,1.3,NA,"AS",NA,NA,NA,NA
9227,"Site1","2024-08-03","Plot1","4","2024-08-02","P25","_0P5634","_0P5634",1,"2024-08-02","guarea kunthiana",306.01997802098,496.579971281812,13.3,1.8,NA,"AS",NA,NA,NA,NA
589,"Site1","2024-08-03","Plot1","4","2024-08-02","A19","_0A4961","_0A4961",1,"2024-08-02","moquilea jaramilloi",1.13996193889761,364.910013431683,11.2045079936694,1.3,NA,"AS",NA,NA,NA,NA
12223,"Site1","2024-08-03","Plot1","4","2024-08-02","V23","_0V0470","_0V0470",1,"2024-08-02","pachira insignis",437.25000730186,447.780026445165,37.3,1.3,NA,"AS",NA,NA,NA,NA
11877,"Site1","2024-08-03","Plot1","4","2024-08-02","U21","_0U3636","_0U3636",1,"2024-08-02","virola duckei",411.020036515722,411.209962898865,12.7,1.3,NA,"AS",NA,NA,NA,NA
10978,"Site1","2024-08-03","Plot1","4","2024-08-02","T9","_0T0213","_0T0213",1,"2024-08-02","euterpe precatoria",397.530026052438,162.510003408417,10.7,1.3,NA,"AS",NA,NA,NA,NA
10383,"Site1","2024-08-03","Plot1","4","2024-08-02","S3","_0S0067","_0S0067",1,"2024-08-02","eschweilera coriacea",378.32004061318,57.9800048898906,14.8,1.3,NA,"AS",NA,NA,NA,NA
11301,"Site1","2024-08-03","Plot1","4","2024-08-02","T14","_0T2647","_0T2647",1,"2024-08-02","euterpe precatoria",382.72003681201,273.140021366999,10.4,1.3,NA,"AS",NA,NA,NA,NA
14831,"Site1","2024-08-03","Plot1","4","2024-08-02","X2","_2X0034","_2X0034",1,"2024-08-02",NA,473.898418228608,39.4796592891216,13.1,1.3,NA,"AS",NA,NA,NA,NA
10725,"Site1","2024-08-03","Plot1","4","2024-08-02","S6","_0S1606","_0S1606",1,"2024-08-02","tetragastris panamensis",375.510015374864,113.460036342964,10.6,1.3,NA,"AS",NA,NA,NA,NA
6400,"Site1","2024-08-03","Plot1","4","2024-08-02","K25","_0K5306","_0K5306",1,"2024-08-02","warszewiczia coccinea",200.760029762052,495.959975298494,11.4,1.3,NA,"AS",NA,NA,NA,NA
8538,"Site1","2024-08-03","Plot1","4","2024-08-02","O7","_0O1855","_0O1855",1,"2024-08-02","euterpe precatoria",299.17004266585,136.999956458807,16,1.3,NA,"AS",NA,NA,NA,NA
12977,"Site1","2024-08-03","Plot1","4","2024-08-02","X2","_0X0032","_0X0032",1,"2024-08-02","eschweilera coriacea",477.089987043117,33.4999741856009,18.3,1.3,NA,"AS",NA,NA,NA,NA
722,"Site1","2024-08-03","Plot1","4","2024-08-02","B6","_0B0189","_0B0189",1,"2024-08-02","endlicheria pyriformis",36.3599999960279,107.640000000596,11.0771840391959,1.3,NA,"AS",NA,NA,NA,NA
11067,"Site1","2024-08-03","Plot1","4","2024-08-02","T17","_0T0398","_0T0398",1,"2024-08-02","brosimum lactescens",390.570004477049,323.569978142157,32.3,1.3,NA,"AS",NA,NA,NA,NA
9846,"Site1","2024-08-03","Plot1","4","2024-08-02","R3","_0R0054","_0R0054",1,"2024-08-02","iriartea deltoidea",348.759977410955,42.8400240130723,24.9,2.75,NA,"AS",NA,NA,NA,NA
273,"Site1","2024-08-03","Plot1","4","2024-08-02","A18","_0A0399","_0A0399",1,"2024-08-02","aspidosperma rigidum",6.27000881900312,349.36003488861,37.0831017404116,1.3,NA,"AS",NA,NA,NA,NA
13234,"Site1","2024-08-03","Plot1","4","2024-08-02","X17","_0X0389","_0X0389",1,"2024-08-02","matayba elegans",468.829991204257,326.16004903242,22.4,1.3,NA,"AS",NA,NA,NA,NA
8231,"Site1","2024-08-03","Plot1","4","2024-08-02","O11","_0O0266","_0O0266",1,"2024-08-02","otoba glycycarpa",290.069969093718,205.070049501956,37.4,2.5,NA,"AS",NA,NA,NA,NA
10221,"Site1","2024-08-03","Plot1","4","2024-08-02","R10","_0R2216","_0R2216",1,"2024-08-02","parkia multijuga",342.640031982854,194.990045877174,15.9,1.3,NA,"AS",NA,NA,NA,NA
8610,"Site1","2024-08-03","Plot1","4","2024-08-02","O19","_0O3852","_0O3852",1,"2024-08-02","theobroma microcarpum",289.770020714263,363.959998553619,10.3,1.3,NA,"AS",NA,NA,NA,NA
4300,"Site1","2024-08-03","Plot1","4","2024-08-02","H17","_0H0384","_0H0384",1,"2024-08-02","sterculia tessmannii",154.837699291238,321.223732538521,30.9,1.65,NA,"AS",NA,NA,NA,NA
12510,"Site1","2024-08-03","Plot1","4","2024-08-02","W7","_0W0158","_0W0158",1,"2024-08-02","warszewiczia coccinea",455.979994900117,139.360009852797,11.2,1.3,NA,"AS",NA,NA,NA,NA
14307,"Site1","2024-08-03","Plot1","4","2024-08-02","N11","_1N0001","_1N0001",1,"2024-08-02","pseudolmedia laevis",260.549985453894,211.54002295807,14.6,1.3,NA,"AS",NA,NA,NA,NA
2708,"Site1","2024-08-03","Plot1","4","2024-08-02","E24","_0E0555","_0E0555",1,"2024-08-02","astrocaryum ferrugineum",83.4899651990272,479.220044923946,10.2,1.3,NA,"AS",NA,NA,NA,NA
8666,"Site1","2024-08-03","Plot1","4","2024-08-02","P1","_0P0013","_0P0013",1,"2024-08-02","guarea sp.2",307.719989346049,18.8299740683287,14,1.3,NA,"AS",NA,NA,NA,NA
14638,"Site1","2024-08-03","Plot1","4","2024-08-02","P9","_2P0225","_2P0225",1,"2024-08-02",NA,314.619179780653,177.21098013781,18.7,1.3,NA,"AS",NA,NA,NA,NA
4616,"Site1","2024-08-03","Plot1","4","2024-08-02","H24","_0H4943","_0H4943",1,"2024-08-02","tetrorchidium rubrivenium",158.259960576426,461.609969131649,15.3,1.3,NA,"AS",NA,NA,NA,NA
7444,"Site1","2024-08-03","Plot1","4","2024-08-02","M17","_0M3498","_0M3498",1,"2024-08-02","euterpe precatoria",247.73995966342,332.360006337985,10.5,1.3,NA,"AS",NA,NA,NA,NA
8860,"Site1","2024-08-03","Plot1","4","2024-08-02","P14","_0P0303","_0P0303",1,"2024-08-02","erisma laurifolium",305.009994555789,278.500017095357,22.9,1.3,NA,"AS",NA,NA,NA,NA
11191,"Site1","2024-08-03","Plot1","4","2024-08-02","T25","_0T0565","_0T0565",1,"2024-08-02","couma macrocarpa",390.950009072607,481.289988806471,47.3,1.3,NA,"AS",NA,NA,NA,NA
1390,"Site1","2024-08-03","Plot1","4","2024-08-02","C14","_0C0281","_0C0281",1,"2024-08-02","eschweilera rufifolia",43.469963053416,277.260027937591,14.4194378441257,1.3,NA,"AS",NA,NA,NA,NA
6241,"Site1","2024-08-03","Plot1","4","2024-08-02","K4","_0K1319","_0K1319",1,"2024-08-02","virola peruviana",201.599977810867,60.9600032120943,21.8,1.3,NA,"AS",NA,NA,NA,NA
1720,"Site1","2024-08-03","Plot1","4","2024-08-02","C17","_0C3969","_0C3969",1,"2024-08-02","eschweilera gigantea",54.6299999962212,323.599999999627,13.2416912652457,1.3,NA,"AS",NA,NA,NA,NA
9774,"Site1","2024-08-03","Plot1","4","2024-08-02","Q20","_0Q4127","_0Q4127",1,"2024-08-02","angostura simplex",331.622570196574,386.066967504099,10.9,1.3,NA,"AS",NA,NA,NA,NA
9557,"Site1","2024-08-03","Plot1","4","2024-08-02","Q22","_0Q0476","_0Q0476",1,"2024-08-02","virola pavonis",334.45997091633,437.960003383458,56.5,2.48,NA,"AS",NA,NA,NA,NA
14830,"Site1","2024-08-03","Plot1","4","2024-08-02","X2","_2X0028","_2X0028",1,"2024-08-02",NA,465.758010942489,31.1560003459454,15.6,1.3,NA,"AS",NA,NA,NA,NA
9202,"Site1","2024-08-03","Plot1","4","2024-08-02","P21","_0P4563","_0P4563",1,"2024-08-02","guarea purusana",302.240049188375,404.29002074711,11.1,1.3,NA,"AS",NA,NA,NA,NA
10424,"Site1","2024-08-03","Plot1","4","2024-08-02","S6","_0S0129","_0S0129",1,"2024-08-02","theobroma obovatum",367.370034852822,109.130004758015,18.8,1.3,NA,"AS",NA,NA,NA,NA
9826,"Site1","2024-08-03","Plot1","4","2024-08-02","R2","_0R0024","_0R0024",1,"2024-08-02","naucleopsis krukovii",342.689989639039,27.5200386624783,16,1.3,NA,"AS",NA,NA,NA,NA
12606,"Site1","2024-08-03","Plot1","4","2024-08-02","W13","_0W0302","_0W0302",1,"2024-08-02","agonandra brasiliensis",456.150022028422,246.390010034665,20.4,3.5,NA,"AS",NA,NA,NA,NA
2117,"Site1","2024-08-03","Plot1","4","2024-08-02","D22","_0D0473","_0D0473",1,"2024-08-02","hymenopus arachnoideus",73.6399777096813,438.460018374026,20.3,1.3,NA,"AS",NA,NA,NA,NA
1450,"Site1","2024-08-03","Plot1","4","2024-08-02","C17","_0C0358","_0C0358",1,"2024-08-02","iryanthera juruensis",45.129999995057,325.219999998808,19.2895791027377,1.3,NA,"AS",NA,NA,NA,NA
10508,"Site1","2024-08-03","Plot1","4","2024-08-02","S12","_0S0276","_0S0276",1,"2024-08-02","alseis microcarpa",368.970034699421,220.620033323765,40,1.3,NA,"AS",NA,NA,NA,NA
1283,"Site1","2024-08-03","Plot1","4","2024-08-02","C6","_0C0126","_0C0126",1,"2024-08-02","macrolobium limbatum",48.1299999972689,109,16.4247901270836,1.3,NA,"AS",NA,NA,NA,NA
2066,"Site1","2024-08-03","Plot1","4","2024-08-02","D18","_0D0400","_0D0400",1,"2024-08-02","eschweilera coriacea",76.3000212789048,341.099993387237,30.9,1.3,NA,"AS",NA,NA,NA,NA
242,"Site1","2024-08-03","Plot1","4","2024-08-02","A16","_0A0357","_0A0357",1,"2024-08-02","lecythis chartacea",8.14998032228323,300.749975161627,67.7,2.57,NA,"AS",NA,NA,NA,NA
10418,"Site1","2024-08-03","Plot1","4","2024-08-02","S5","_0S0122","_0S0122",1,"2024-08-02","coccoloba densifrons",377.630042448814,86.9799850080162,23.1,1.3,NA,"AS",NA,NA,NA,NA
11183,"Site1","2024-08-03","Plot1","4","2024-08-02","T25","_0T0555","_0T0555",1,"2024-08-02","virola peruviana",382.179968770186,493.239980140701,21.1,1.3,NA,"AS",NA,NA,NA,NA
7560,"Site1","2024-08-03","Plot1","4","2024-08-02","N4","_0N0087","_0N0087",1,"2024-08-02","eschweilera itayensis",268.710039649915,78.2999742794782,24.5,1.3,NA,"AS",NA,NA,NA,NA
7656,"Site1","2024-08-03","Plot1","4","2024-08-02","N11","_0N0220","_0N0220",1,"2024-08-02","scleronema micranthum",268.320022743719,209.559998514131,42.2,1.3,NA,"AS",NA,NA,NA,NA
14578,"Site1","2024-08-03","Plot1","4","2024-08-02","K6","_2K0263","_2K0263",1,"2024-08-02",NA,217.856259643158,110.548789812252,21.1,1.3,NA,"AS",NA,NA,NA,NA
5268,"Site1","2024-08-03","Plot1","4","2024-08-02","J4","_0J0102","_0J0102",1,"2024-08-02","buchenavia tetraphylla",192.228469649737,79.7556796558201,21.3,1.3,NA,"AS",NA,NA,NA,NA
1843,"Site1","2024-08-03","Plot1","4","2024-08-02","D3","_0D0077","_0D0077",1,"2024-08-02","parkia nitida",79.0399999967194,41.4000000003725,20.6264806247096,1.3,NA,"AS",NA,NA,NA,NA
2722,"Site1","2024-08-03","Plot1","4","2024-08-02","E25","_0E0574","_0E0574",1,"2024-08-02","coccoloba densifrons",82.8799546817318,489.240020480007,12.6,1.3,NA,"AS",NA,NA,NA,NA
9493,"Site1","2024-08-03","Plot1","4","2024-08-02","Q18","_0Q0374","_0Q0374",1,"2024-08-02","iriartea deltoidea",333.189964477147,355.520030383021,24.7,1.3,NA,"AS",NA,NA,NA,NA
8372,"Site1","2024-08-03","Plot1","4","2024-08-02","O20","_0O0482","_0O0482",1,"2024-08-02","coccoloba densifrons",297.849996106641,389.910034194589,16.7,1.3,NA,"ABS",NA,NA,NA,NA
14684,"Site1","2024-08-03","Plot1","4","2024-08-02","R17","_2R0773","_2R0773",1,"2024-08-02",NA,355.39223340695,324.507251469418,11,1.3,NA,"AS",NA,NA,NA,NA
3155,"Site1","2024-08-03","Plot1","4","2024-08-02","F19","_0F0440","_0F0440",1,"2024-08-02","virola pavonis",102.360005273891,364.800018941984,45.8,1.3,NA,"AS",NA,NA,NA,NA
13949,"Site1","2024-08-03","Plot1","4","2024-08-02","Y23","_0Y0563","_0Y0563",1,"2024-08-02","minquartia guianensis",490.200040535885,451.479973103851,30.8,1.9,NA,"AS",NA,NA,NA,NA
747,"Site1","2024-08-03","Plot1","4","2024-08-02","B7","_0B0220","_0B0220",1,"2024-08-02","guarea pterorhachis",36.5299999880954,129.240000000224,10.8225361302489,1.3,NA,"AS",NA,NA,NA,NA
3666,"Site1","2024-08-03","Plot1","4","2024-08-02","G15","_0G0341","_0G0341",1,"2024-08-02","protium opacum",133.270035406167,292.310007464141,18.7,1.3,NA,"AS",NA,NA,NA,NA
10008,"Site1","2024-08-03","Plot1","4","2024-08-02","R18","_0R0356","_0R0356",1,"2024-08-02","bixa urucurana",344.489976266865,349.819978268817,29.3,1.3,NA,"AS",NA,NA,NA,NA
938,"Site1","2024-08-03","Plot1","4","2024-08-02","B20","_0B0513","_0B0513",1,"2024-08-02","theobroma microcarpum",24.0299836773775,392.010017232969,17.1250718766879,1.3,NA,"AS",NA,NA,NA,NA
7325,"Site1","2024-08-03","Plot1","4","2024-08-02","M25","_0M0561","_0M0561",1,"2024-08-02","protium nodulosum",251.676168007602,484.849140711129,27.3,1.3,NA,"AS",NA,NA,NA,NA
5538,"Site1","2024-08-03","Plot1","4","2024-08-02","J22","_0J0534","_0J0534",1,"2024-08-02","tetragastris panamensis",189.609986913449,439.190032545477,17.3,1.3,NA,"AS",NA,NA,NA,NA
6934,"Site1","2024-08-03","Plot1","4","2024-08-02","L23","_0L4780","_0L4780",1,"2024-08-02","inga acicularis",237.63000795577,451.479973269626,12.2,1.3,NA,"AS",NA,NA,NA,NA
900,"Site1","2024-08-03","Plot1","4","2024-08-02","B17","_0B0459","_0B0459",1,"2024-08-02","pouteria baehniana",30.2300139663857,321.990044489503,11.841127766037,1.3,NA,"AS",NA,NA,NA,NA
11479,"Site1","2024-08-03","Plot1","4","2024-08-02","U10","_0U0199","_0U0199",1,"2024-08-02","inga tessmannii",400.680013792065,188.23997816816,26.4,1.3,NA,"AS",NA,NA,NA,NA
12177,"Site1","2024-08-03","Plot1","4","2024-08-02","V18","_0V0385","_0V0385",1,"2024-08-02","brosimum guianense",425.969986483047,345.489951351658,19.7,4.1,NA,"AS",NA,NA,NA,NA
236,"Site1","2024-08-03","Plot1","4","2024-08-02","A15","_0A0348","_0A0348",1,"2024-08-02","inga acicularis",15.5000200974173,283.969963194802,12.7005644587332,1.3,NA,"AS",NA,NA,NA,NA
2423,"Site1","2024-08-03","Plot1","4","2024-08-02","E5","_0E0109","_0E0109",1,"2024-08-02","astrocaryum ferrugineum",92.3300016963622,83.4299692586064,15.2,1.3,NA,"AS",NA,NA,NA,NA
3732,"Site1","2024-08-03","Plot1","4","2024-08-02","G19","_0G0428","_0G0428",1,"2024-08-02","caraipa grandifolia",130.619973123306,376.169994685799,17.8,1.3,NA,"AS",NA,NA,NA,NA
4787,"Site1","2024-08-03","Plot1","4","2024-08-02","I10","_0I0231","_0I0231",1,"2024-08-02","iryanthera hostmannii",160.570007910952,194.890000952408,19,1.3,NA,"AS",NA,NA,NA,NA
4391,"Site1","2024-08-03","Plot1","4","2024-08-02","H22","_0H0515","_0H0515",1,"2024-08-02","heisteria ovata",157.860023173213,422.770036302507,43.9,1.3,NA,"AS",NA,NA,NA,NA
2569,"Site1","2024-08-03","Plot1","4","2024-08-02","E14","_0E0332","_0E0332",1,"2024-08-02","euterpe precatoria",99.059959190723,271.579971035942,17.8,1.3,NA,"AS",NA,NA,NA,NA
9023,"Site1","2024-08-03","Plot1","4","2024-08-02","P24","_0P0542","_0P0542",1,"2024-08-02","licania canescens",319.330040719185,462.930022019893,12.9,1.3,NA,"AS",NA,NA,NA,NA
1726,"Site1","2024-08-03","Plot1","4","2024-08-02","C18","_0C4145","_0C4145",1,"2024-08-02","couepia macrophylla",57.7799999908893,358.240000000224,12.7323954473516,1.3,NA,"AS",NA,NA,NA,NA
6675,"Site1","2024-08-03","Plot1","4","2024-08-02","L20","_0L0441","_0L0441",1,"2024-08-02","naucleopsis riparia",222.040023506153,392.920040139928,21.4,1.3,NA,"AS",NA,NA,NA,NA
4117,"Site1","2024-08-03","Plot1","4","2024-08-02","H5","_0H0117","_0H0117",1,"2024-08-02","hymenopus heteromorphus",159.550003665558,81.8999931104481,26.8,1.3,NA,"AS",NA,NA,NA,NA
11243,"Site1","2024-08-03","Plot1","4","2024-08-02","T6","_0T1476","_0T1476",1,"2024-08-02","brosimum guianense",399.08995677653,113.709950411692,12.7,1.3,NA,"AS",NA,NA,NA,NA
1387,"Site1","2024-08-03","Plot1","4","2024-08-02","C14","_0C0275","_0C0275",1,"2024-08-02","aspidosperma excelsum",47.2600005567656,268.739974407479,16.2338041953733,1.3,NA,"AS",NA,NA,NA,NA
959,"Site1","2024-08-03","Plot1","4","2024-08-02","B21","_0B0546","_0B0546",1,"2024-08-02","eschweilera rufifolia",39.3699905200046,413.989992193878,14.6740857530728,1.3,NA,"AS",NA,NA,NA,NA
2540,"Site1","2024-08-03","Plot1","4","2024-08-02","E12","_0E0284","_0E0284",1,"2024-08-02","siparuna decipiens",96.0299792317091,225.319957993925,14.5,1.3,NA,"AS",NA,NA,NA,NA
12241,"Site1","2024-08-03","Plot1","4","2024-08-02","V24","_0V0499","_0V0499",1,"2024-08-02","astrocaryum ferrugineum",437.360044968606,462.090018417686,14.9,1.3,NA,"AS",NA,NA,NA,NA
11106,"Site1","2024-08-03","Plot1","4","2024-08-02","T21","_0T0457","_0T0457",1,"2024-08-02","lindackeria paludosa",386.180019267369,403.989972317591,15.7,1.3,NA,"AS",NA,NA,NA,NA
2420,"Site1","2024-08-03","Plot1","4","2024-08-02","E5","_0E0103","_0E0103",1,"2024-08-02","iriartea deltoidea",85.1299509278615,97.7499964535236,23,1.3,NA,"AS",NA,NA,NA,NA
3975,"Site1","2024-08-03","Plot1","4","2024-08-02","G18","_0G3527","_0G3527",1,"2024-08-02","guarea purusana",123.759974679735,349.199996575713,10.3,1.3,NA,"AS",NA,NA,NA,NA
11953,"Site1","2024-08-03","Plot1","4","2024-08-02","V4","_0V0064","_0V0064",1,"2024-08-02","astrocaryum ferrugineum",420.208757734683,60.2115148250014,12.7,1.3,NA,"AS",NA,NA,NA,NA
12100,"Site1","2024-08-03","Plot1","4","2024-08-02","V13","_0V0273","_0V0273",1,"2024-08-02","euterpe precatoria",427.759981921932,253.960023229942,19.9,1.3,NA,"AS",NA,NA,NA,NA
12205,"Site1","2024-08-03","Plot1","4","2024-08-02","V19","_0V0428","_0V0428",1,"2024-08-02","eugenia sp.9",435.930032817763,369.900014474988,14.4,1.3,NA,"AS",NA,NA,NA,NA
11585,"Site1","2024-08-03","Plot1","4","2024-08-02","U17","_0U0386","_0U0386",1,"2024-08-02","spondias globosa",418.570026577683,336.879962725565,35.9,1.3,NA,"AS",NA,NA,NA,NA
3164,"Site1","2024-08-03","Plot1","4","2024-08-02","F19","_0F0450","_0F0450",1,"2024-08-02","chrysophyllum venezuelanum",112.530014763644,374.649993833154,35.6,1.3,NA,"AS",NA,NA,NA,NA
13649,"Site1","2024-08-03","Plot1","4","2024-08-02","Y6","_0Y0139","_0Y0139",1,"2024-08-02","chimarrhis glabriflora",488.340041859308,117.429954817519,40.3,1.3,NA,"AS",NA,NA,NA,NA
4516,"Site1","2024-08-03","Plot1","4","2024-08-02","H9","_0H2104","_0H2104",1,"2024-08-02","chrysochlamys weberbaueri",146.98004790151,161.270047759637,12.7,1.3,NA,"AS",NA,NA,NA,NA
6841,"Site1","2024-08-03","Plot1","4","2024-08-02","L8","_0L1849","_0L1849",1,"2024-08-02","conceveiba guianensis",238.289998913649,146.839994063601,17.3,1.3,NA,"AS",NA,NA,NA,NA
14939,"Site1","2024-08-03","Plot1","4","2024-08-02",NA,"_3T0599","_3T0599",1,"2024-11-25",NA,396.39523750823,253.628259101883,12.3,1.3,NA,"AS",NA,NA,NA,NA
11931,"Site1","2024-08-03","Plot1","4","2024-08-02","V2","_0V0037","_0V0037",1,"2024-08-02","byrsonima sp.1",434.370031073631,35.089958190918,18.5,1.3,NA,"AS",NA,NA,NA,NA
5786,"Site1","2024-08-03","Plot1","4","2024-08-02","K1","_0K0002","_0K0002",1,"2024-08-02","siparuna decipiens",200.730036548048,6.72997180558741,17.7,1.3,NA,"AS",NA,NA,NA,NA
4153,"Site1","2024-08-03","Plot1","4","2024-08-02","H8","_0H0174","_0H0174",1,"2024-08-02","pouteria torta",159.929978419736,145.310014842078,11.3,1.3,NA,"AS",NA,NA,NA,NA
7893,"Site1","2024-08-03","Plot1","4","2024-08-02","N24","_0N0540","_0N0540",1,"2024-08-02","euterpe precatoria",277.489960025821,476.049977444112,18,1.3,NA,"AS",NA,NA,NA,NA
1256,"Site1","2024-08-03","Plot1","4","2024-08-02","C5","_0C0097","_0C0097",1,"2024-08-02","sorocea pubivena",42.8499999875203,80.9900000002235,15.2152125595852,1.3,NA,"AS",NA,NA,NA,NA
4899,"Site1","2024-08-03","Plot1","4","2024-08-02","I17","_0I0394","_0I0394",1,"2024-08-02","iriartea deltoidea",164.279974155419,326.480011133477,26,1.3,NA,"AS",NA,NA,NA,NA
9914,"Site1","2024-08-03","Plot1","4","2024-08-02","R8","_0R0169","_0R0169",1,"2024-08-02","eschweilera coriacea",354.429956319218,158.069953644648,21.2,1.3,NA,"AS",NA,NA,NA,NA
11277,"Site1","2024-08-03","Plot1","4","2024-08-02","T11","_0T2082","_0T2082",1,"2024-08-02","virola elongata",383.690032982908,200.729964861646,11.7,1.3,NA,"AS",NA,NA,NA,NA
7778,"Site1","2024-08-03","Plot1","4","2024-08-02","N18","_0N0383","_0N0383",1,"2024-08-02","euterpe precatoria",262.320028149174,350.360014872625,18.2,1.3,NA,"AS",NA,NA,NA,NA
11492,"Site1","2024-08-03","Plot1","4","2024-08-02","U10","_0U0216","_0U0216",1,"2024-08-02","eschweilera coriacea",410.970013156941,182.039980951697,18.6,1.3,NA,"AS",NA,NA,NA,NA
4905,"Site1","2024-08-03","Plot1","4","2024-08-02","I17","_0I0408","_0I0408",1,"2024-08-02","pseudolmedia laevis",177.530040368496,336.740014262497,16.7,1.3,NA,"AS",NA,NA,NA,NA
10667,"Site1","2024-08-03","Plot1","4","2024-08-02","S21","_0S0561","_0S0561",1,"2024-08-02","virola sebifera",373.180030892079,402.17998027429,19.8,1.3,NA,"AS",NA,NA,NA,NA
348,"Site1","2024-08-03","Plot1","4","2024-08-02","A22","_0A0503","_0A0503",1,"2024-08-02","eschweilera coriacea",10.610042964865,431.990028651431,28.5205658020676,1.3,NA,"AS",NA,NA,NA,NA
8586,"Site1","2024-08-03","Plot1","4","2024-08-02","O15","_0O3223","_0O3223",1,"2024-08-02","virola sebifera",289.940034048108,295.300028502941,13.1,1.3,NA,"AS",NA,NA,NA,NA
2912,"Site1","2024-08-03","Plot1","4","2024-08-02","F2","_0F0051","_0F0051",1,"2024-08-02","iriartea deltoidea",113.489969332295,28.3900189567357,27.5,3.3,NA,"AS",NA,NA,NA,NA
11374,"Site1","2024-08-03","Plot1","4","2024-08-02","U1","_0U0012","_0U0012",1,"2024-08-02","eschweilera coriacea",407.390018056321,18.7800390776247,22.1,1.3,NA,"AS",NA,NA,NA,NA
10779,"Site1","2024-08-03","Plot1","4","2024-08-02","S13","_0S2687","_0S2687",1,"2024-08-02","theobroma microcarpum",372.269989080087,251.850022338331,15.8,1.3,NA,"AS",NA,NA,NA,NA
12641,"Site1","2024-08-03","Plot1","4","2024-08-02","W15","_0W0348","_0W0348",1,"2024-08-02","inga leiocalycina",446.520029277541,293.140003032982,45,3.55,NA,"AS",NA,NA,NA,NA
14287,"Site1","2024-08-03","Plot1","4","2024-08-02","L2","_1L0097","_1L0097",1,"2024-08-02","unidentified",233.289992573322,34.4600402899086,19,1.3,NA,"AS",NA,NA,NA,NA
5185,"Site1","2024-08-03","Plot1","4","2024-08-02","I22","_0I4327","_0I4327",1,"2024-08-02","protium amazonicum",162.410029244318,435.079962929711,12.1,1.3,NA,"AS",NA,NA,NA,NA
3662,"Site1","2024-08-03","Plot1","4","2024-08-02","G15","_0G0334","_0G0334",1,"2024-08-02","erisma uncinatum",127.509975864494,288.299970014021,41,1.3,NA,"AS",NA,NA,NA,NA
1919,"Site1","2024-08-03","Plot1","4","2024-08-02","D8","_0D0186","_0D0186",1,"2024-08-02","eschweilera coriacea",71.2599911242141,155.999960433692,21.1357764426037,1.3,NA,"AS",NA,NA,NA,NA
13044,"Site1","2024-08-03","Plot1","4","2024-08-02","X6","_0X0118","_0X0118",1,"2024-08-02","sapindaceae sp.3",466.55999011948,112.060010004789,27.2,1.3,NA,"AS",NA,NA,NA,NA
8250,"Site1","2024-08-03","Plot1","4","2024-08-02","O12","_0O0291","_0O0291",1,"2024-08-02","virola multinervia",292.08002806257,227.050001768395,31.7,1.3,NA,"AS",NA,NA,NA,NA
7925,"Site1","2024-08-03","Plot1","4","2024-08-02","N1","_0N0729","_0N0729",1,"2024-08-02","duguetia sp.1",264.899953621498,19.2599642463028,10.9,1.3,NA,"AS",NA,NA,NA,NA
8672,"Site1","2024-08-03","Plot1","4","2024-08-02","P1","_0P0020","_0P0020",1,"2024-08-02","guarea gomma",316.949975947326,14.0600480847061,13,1.3,NA,"AS",NA,NA,NA,NA
10780,"Site1","2024-08-03","Plot1","4","2024-08-02","S13","_0S2696","_0S2696",1,"2024-08-02","socratea exorrhiza",374.319950390083,257.91995520331,11.8,3.4,NA,"AS",NA,NA,NA,NA
9195,"Site1","2024-08-03","Plot1","4","2024-08-02","P20","_0P4325","_0P4325",1,"2024-08-02","helicostylis tomentosa",302.809986478882,389.809979518875,11.6,1.3,NA,"AS",NA,NA,NA,NA
4607,"Site1","2024-08-03","Plot1","4","2024-08-02","H22","_0H4596","_0H4596",1,"2024-08-02","theobroma obovatum",158.760003868083,434.060014480725,13.1,1.45,NA,"AS",NA,NA,NA,NA
13600,"Site1","2024-08-03","Plot1","4","2024-08-02","Y4","_0Y0076","_0Y0076",1,"2024-08-02","sloanea gladysiae",485.070047421788,71.8000146541744,19,1.3,NA,"AS",NA,NA,NA,NA
12649,"Site1","2024-08-03","Plot1","4","2024-08-02","W15","_0W0357","_0W0357",1,"2024-08-02","oxandra xylopioides",456.680012982746,294.450028441846,10.9,1.3,NA,"AS",NA,NA,NA,NA
6302,"Site1","2024-08-03","Plot1","4","2024-08-02","K11","_0K2728","_0K2728",1,"2024-08-02","conceveiba guianensis",213.80002845946,202.839978614822,16,1.3,NA,"AS",NA,NA,NA,NA
2419,"Site1","2024-08-03","Plot1","4","2024-08-02","E5","_0E0101","_0E0101",1,"2024-08-02","iriartea deltoidea",81.8099927679286,92.5000334121287,23.4,1.3,NA,"AS",NA,NA,NA,NA
9893,"Site1","2024-08-03","Plot1","4","2024-08-02","R6","_0R0133","_0R0133",1,"2024-08-02","tapura acreana",354.700048156141,105.390012476593,30,1.3,NA,"AS",NA,NA,NA,NA
757,"Site1","2024-08-03","Plot1","4","2024-08-02","B8","_0B0238","_0B0238",1,"2024-08-02","machaerium floribundum",26.4799999958486,155.969999998808,14.1647899351787,1.3,NA,"AS",NA,NA,NA,NA
4450,"Site1","2024-08-03","Plot1","4","2024-08-02","H25","_0H0604","_0H0604",1,"2024-08-02","bauhinia brachycalyx",153.319988387113,485.460032097995,13.2,1.3,NA,"AS",NA,NA,NA,NA
12777,"Site1","2024-08-03","Plot1","4","2024-08-02","W23","_0W0559","_0W0559",1,"2024-08-02","gustavia augusta",455.120019030001,456.020047010854,11.2,1.3,NA,"AS",NA,NA,NA,NA
6115,"Site1","2024-08-03","Plot1","4","2024-08-02","K20","_0K0467","_0K0467",1,"2024-08-02","scleronema praecox",218.530012847099,384.050043983385,46.2,1.3,NA,"AS",NA,NA,NA,NA
2732,"Site1","2024-08-03","Plot1","4","2024-08-02","E25","_0E0585","_0E0585",1,"2024-08-02","astrocaryum ferrugineum",92.3399724304909,492.480032779276,16.6,1.3,NA,"AS",NA,NA,NA,NA
7714,"Site1","2024-08-03","Plot1","4","2024-08-02","N14","_0N0294","_0N0294",1,"2024-08-02","maytenus amazonica",266.699977433833,265.300038371235,14.6,1.3,NA,"AS",NA,NA,NA,NA
8187,"Site1","2024-08-03","Plot1","4","2024-08-02","O9","_0O0204","_0O0204",1,"2024-08-02","inga stenoptera",280.269985306135,176.459958530962,27.4,1.3,NA,"AS",NA,NA,NA,NA
14695,"Site1","2024-08-03","Plot1","4","2024-08-02","S1","_2S0003","_2S0003",1,"2024-08-02",NA,362.702302561782,4.78399627842009,10.9,1.3,NA,"AS",NA,NA,NA,NA
12925,"Site1","2024-08-03","Plot1","4","2024-08-02","W23","_0W3868","_0W3868",1,"2024-08-02","conceveiba guianensis",454.29001798603,445.630016736686,12.1,1.3,NA,"AS",NA,NA,NA,NA
10524,"Site1","2024-08-03","Plot1","4","2024-08-02","S13","_0S0316","_0S0316",1,"2024-08-02","theobroma obovatum",370.399961939605,246.490011580288,15.8,1.3,NA,"AS",NA,NA,NA,NA
816,"Site1","2024-08-03","Plot1","4","2024-08-02","B12","_0B0324","_0B0324",1,"2024-08-02","otoba glycycarpa",22.2799999903073,234.070000000298,34.7912705598883,1.3,NA,"AS",NA,NA,NA,NA
530,"Site1","2024-08-03","Plot1","4","2024-08-02","A17","_0A3624","_0A3624",1,"2024-08-02","virola duckei",4.0000260763918,325.129962459207,10.5997192099202,1.3,NA,"AS",NA,NA,NA,NA
5270,"Site1","2024-08-03","Plot1","4","2024-08-02","J4","_0J0108","_0J0108",1,"2024-08-02","dicranostyles holostyla",193.289962114475,61.2799865752459,26,1.3,NA,"AS",NA,NA,NA,NA
13978,"Site1","2024-08-03","Plot1","4","2024-08-02","Y25","_0Y0602","_0Y0602",1,"2024-08-02","guarea pubescens",486.880005350162,487.22000878118,23,1.3,NA,"AS",NA,NA,NA,NA
8753,"Site1","2024-08-03","Plot1","4","2024-08-02","P6","_0P0141","_0P0141",1,"2024-08-02","terminalia dichotoma",319.759986853518,109.799967726693,58.2,3.85,NA,"AS",NA,NA,NA,NA
2772,"Site1","2024-08-03","Plot1","4","2024-08-02","E6","_0E1564","_0E1564",1,"2024-08-02","eschweilera coriacea",96.1399659573217,119.80996086821,10.2,1.3,NA,"AS",NA,NA,NA,NA
8222,"Site1","2024-08-03","Plot1","4","2024-08-02","O11","_0O0254","_0O0254",1,"2024-08-02","astrocaryum ferrugineum",288.819998555991,215.280018122867,13.4,1.3,NA,"AS",NA,NA,NA,NA
7752,"Site1","2024-08-03","Plot1","4","2024-08-02","N16","_0N0350","_0N0350",1,"2024-08-02","eschweilera bracteosa",277.300034852873,315.719982044771,32.5,1.3,NA,"AS",NA,NA,NA,NA
7091,"Site1","2024-08-03","Plot1","4","2024-08-02","M10","_0M0211","_0M0211",1,"2024-08-02","casearia sylvestris",244.270010372333,191.31996858865,18,1.3,NA,"AS",NA,NA,NA,NA
9135,"Site1","2024-08-03","Plot1","4","2024-08-02","P14","_0P3154","_0P3154",1,"2024-08-02","theobroma microcarpum",311.910013991001,264.249973723665,12.2,1.3,NA,"ABS",NA,NA,NA,NA
7641,"Site1","2024-08-03","Plot1","4","2024-08-02","N10","_0N0202","_0N0202",1,"2024-08-02","protium opacum",262.559974024945,194.120028717443,14.2,1.3,NA,"AS",NA,NA,NA,NA
10298,"Site1","2024-08-03","Plot1","4","2024-08-02","R20","_0R3918","_0R3918",1,"2024-08-02","minquartia guianensis",351.760032235761,397.509992681444,11,1.3,NA,"AS",NA,NA,NA,NA
12966,"Site1","2024-08-03","Plot1","4","2024-08-02","X2","_0X0017","_0X0017",1,"2024-08-02","gustavia hexapetala",461.258315615531,26.3838770352304,20.5,1.3,NA,"AS",NA,NA,NA,NA
13121,"Site1","2024-08-03","Plot1","4","2024-08-02","X10","_0X0234","_0X0234",1,"2024-08-02","otoba glycycarpa",477.169999763777,182.760021492839,44.3,1.3,NA,"AS",NA,NA,NA,NA
10142,"Site1","2024-08-03","Plot1","4","2024-08-02","R1","_0R0725","_0R0725",1,"2024-08-02","aspidosperma excelsum",347.009972513944,17.6899865027517,12.4,1.3,NA,"AS",NA,NA,NA,NA
12463,"Site1","2024-08-03","Plot1","4","2024-08-02","W4","_0W0074","_0W0074",1,"2024-08-02","virola pavonis",445.189955566952,71.440013423562,29.4,1.3,NA,"AS",NA,NA,NA,NA
1540,"Site1","2024-08-03","Plot1","4","2024-08-02","C22","_0C0474","_0C0474",1,"2024-08-02","unonopsis spectabilis",45.6199926759,432.479967597872,17.634367694582,1.3,NA,"AS",NA,NA,NA,NA
6044,"Site1","2024-08-03","Plot1","4","2024-08-02","K16","_0K0369","_0K0369",1,"2024-08-02","vouarana anomala",218.810007938824,308.390039153397,12.3,1.3,NA,"AS",NA,NA,NA,NA
1065,"Site1","2024-08-03","Plot1","4","2024-08-02","B8","_0B2099","_0B2099",1,"2024-08-02","iryanthera hostmannii",33.1499999880907,152.269999999553,10.1859163578813,1.3,NA,"AS",NA,NA,NA,NA
5473,"Site1","2024-08-03","Plot1","4","2024-08-02","J17","_0J0429","_0J0429",1,"2024-08-02","eschweilera coriacea",185.590020274569,339.239959770814,37.9,3.6,NA,"AS",NA,NA,NA,NA
2758,"Site1","2024-08-03","Plot1","4","2024-08-02","E5","_0E1407","_0E1407",1,"2024-08-02","couepia macrophylla",93.5400338611798,96.5499587394297,12.5,1.3,NA,"AS",NA,NA,NA,NA
910,"Site1","2024-08-03","Plot1","4","2024-08-02","B18","_0B0473","_0B0473",1,"2024-08-02","guarea gomma",20.9399929675274,359.240020632744,48.1284547909891,1.3,NA,"AS",NA,NA,NA,NA
4745,"Site1","2024-08-03","Plot1","4","2024-08-02","I7","_0I0163","_0I0163",1,"2024-08-02","conceveiba guianensis",170.749959484383,131.970043843612,20.5,1.3,NA,"AS",NA,NA,NA,NA
6236,"Site1","2024-08-03","Plot1","4","2024-08-02","K2","_0K1131","_0K1131",1,"2024-08-02","faramea multiflora",215.890013282245,24.8999623265117,10.7,1.3,NA,"AS",NA,NA,NA,NA
415,"Site1","2024-08-03","Plot1","4","2024-08-02","A3","_0A0913","_0A0913",1,"2024-08-02","chimarrhis glabriflora",1.48995526815997,46.070004472509,10.5360572326835,1.3,NA,"AS",NA,NA,NA,NA
14787,"Site1","2024-08-03","Plot1","4","2024-08-02","U19","_2U0883","_2U0883",1,"2024-08-02",NA,415.25982121873,376.031511789188,41.5,1.3,NA,"AS",NA,NA,NA,NA
454,"Site1","2024-08-03","Plot1","4","2024-08-02","A7","_0A1780","_0A1780",1,"2024-08-02","sloanea guianensis",19.6900155947078,137.639950722456,13.6554941172846,1.3,NA,"AS",NA,NA,NA,NA
14689,"Site1","2024-08-03","Plot1","4","2024-08-02","R19","_2R0872","_2R0872",1,"2024-08-02",NA,342.291625295242,362.016924891621,21.3,1.3,NA,"AS",NA,NA,NA,NA
4593,"Site1","2024-08-03","Plot1","4","2024-08-02","H19","_0H4063","_0H4063",1,"2024-08-02","conceveiba guianensis",156.019989891618,376.510025922209,10.8,1.3,NA,"AS",NA,NA,NA,NA
6411,"Site1","2024-08-03","Plot1","4","2024-08-02",NA,"_0K5480","_0K5480",1,"2025-02-26",NA,216.29149706423,360.434257900342,13.9,1.3,NA,"AS",NA,NA,NA,NA
10683,"Site1","2024-08-03","Plot1","4","2024-08-02","S2","_0S0907","_0S0907",1,"2024-08-02","brosimum lactescens",366.199966475368,34.9200438763946,10.4,1.3,NA,"AS",NA,NA,NA,NA
4041,"Site1","2024-08-03","Plot1","4","2024-08-02","H1","_0H0020","_0H0020",1,"2024-08-02","maquira calophylla",156.867060996185,4.02423608116806,16.1,1.3,NA,"AS",NA,NA,NA,NA
9067,"Site1","2024-08-03","Plot1","4","2024-08-02","P3","_0P1209","_0P1209",1,"2024-08-02","virola duckei",315.280018246442,50.2299717683345,12.6,1.36,NA,"AS",NA,NA,NA,NA
7827,"Site1","2024-08-03","Plot1","4","2024-08-02","N21","_0N0453","_0N0453",1,"2024-08-02","iryanthera juruensis",261.039997395186,413.929981773719,17.9,1.5,NA,"AS",NA,NA,NA,NA
8097,"Site1","2024-08-03","Plot1","4","2024-08-02","O3","_0O0056","_0O0056",1,"2024-08-02","eschweilera coriacea",282.96395427984,43.652446448803,47.8,2.15,NA,"AS",NA,NA,NA,NA
3435,"Site1","2024-08-03","Plot1","4","2024-08-02","G1","_0G0001","_0G0001",1,"2024-08-02","pleurothyrium vasquezii",124.24002763984,4.719955323264,12.4,1.3,NA,"AS",NA,NA,NA,NA
10097,"Site1","2024-08-03","Plot1","4","2024-08-02","R24","_0R0486","_0R0486",1,"2024-08-02","iryanthera laevis",341.979992180888,475.140008663759,26.5,1.3,NA,"AS",NA,NA,NA,NA
11761,"Site1","2024-08-03","Plot1","4","2024-08-02","U3","_0U1159","_0U1159",1,"2024-08-02","trichilia pallida",415.150040521286,54.2399511057884,11.7,1.3,NA,"AS",NA,NA,NA,NA
10536,"Site1","2024-08-03","Plot1","4","2024-08-02","S14","_0S0335","_0S0335",1,"2024-08-02","theobroma obovatum",378.89998988877,278.129977371544,22.6,1.3,NA,"AS",NA,NA,NA,NA
10699,"Site1","2024-08-03","Plot1","4","2024-08-02","S4","_0S1163","_0S1163",1,"2024-08-02","euterpe precatoria",365.129989751207,69.0000329595059,11.6,1.3,NA,"AS",NA,NA,NA,NA
1778,"Site1","2024-08-03","Plot1","4","2024-08-02","C24","_0C4947","_0C4947",1,"2024-08-02","myrtaceae sp.15",56.8000083026127,479.379955595359,29.8,1.3,NA,"AS",NA,NA,NA,NA
4321,"Site1","2024-08-03","Plot1","4","2024-08-02","H19","_0H0417","_0H0417",1,"2024-08-02","virola peruviana",144.421806733473,362.531609293073,16.6,1.3,NA,"AS",NA,NA,NA,NA
4919,"Site1","2024-08-03","Plot1","4","2024-08-02","I19","_0I0435","_0I0435",1,"2024-08-02","dendrobangia multinervia",167.889971669123,365.989976905286,32.2,2.6,NA,"AS",NA,NA,NA,NA
9894,"Site1","2024-08-03","Plot1","4","2024-08-02","R6","_0R0134","_0R0134",1,"2024-08-02","euterpe precatoria",354.670019351179,106.069994583726,16.7,1.3,NA,"AS",NA,NA,NA,NA
4642,"Site1","2024-08-03","Plot1","4","2024-08-02","I1","_0I0015","_0I0015",1,"2024-08-02","conceveiba guianensis",175.280033438816,16.7199582587928,19.6,1.3,NA,"AS",NA,NA,NA,NA
12526,"Site1","2024-08-03","Plot1","4","2024-08-02","W8","_0W0182","_0W0182",1,"2024-08-02","euterpe precatoria",450.389968460018,152.419976137578,18.2,1.3,NA,"AS",NA,NA,NA,NA
1765,"Site1","2024-08-03","Plot1","4","2024-08-02","C23","_0C4804","_0C4804",1,"2024-08-02","cupania latifolia",51.1500084046857,442.600029105321,18.3346494441863,1.3,NA,"AS",NA,NA,NA,NA
13313,"Site1","2024-08-03","Plot1","4","2024-08-02","X21","_0X0510","_0X0510",1,"2024-08-02","iryanthera juruensis",469.460036907753,414.84998498112,20,1.3,NA,"AS",NA,NA,NA,NA
10078,"Site1","2024-08-03","Plot1","4","2024-08-02","R23","_0R0460","_0R0460",1,"2024-08-02","moquilea jaramilloi",341.490039943659,451.039994198829,24.8,1.3,NA,"AS",NA,NA,NA,NA
12857,"Site1","2024-08-03","Plot1","4","2024-08-02","W10","_0W1977","_0W1977",1,"2024-08-02","swartzia oraria",444.54001263401,184.640016268939,13.9,1.3,NA,"AS",NA,NA,NA,NA
6967,"Site1","2024-08-03","Plot1","4","2024-08-02","M1","_0M0018","_0M0018",1,"2024-08-02","iryanthera hostmannii",253.510027646727,11.7399726323783,12.8,1.3,NA,"AS",NA,NA,NA,NA
5010,"Site1","2024-08-03","Plot1","4","2024-08-02","I23","_0I0548","_0I0548",1,"2024-08-02","guarea gomma",175.499959051667,458.009960310534,12.9,1.3,NA,"AS",NA,NA,NA,NA
3900,"Site1","2024-08-03","Plot1","4","2024-08-02","G8","_0G2007","_0G2007",1,"2024-08-02","inga capitata",135.329999244481,152.200018638745,12.7,1.35,NA,"AS",NA,NA,NA,NA
11972,"Site1","2024-08-03","Plot1","4","2024-08-02","V5","_0V0091","_0V0091",1,"2024-08-02","theobroma obovatum",420.600022084545,81.3200397919863,20.1,1.3,NA,"AS",NA,NA,NA,NA
3023,"Site1","2024-08-03","Plot1","4","2024-08-02","F10","_0F0227","_0F0227",1,"2024-08-02","otoba glycycarpa",111.799969878455,180.709952371195,11.5,1.3,NA,"AS",NA,NA,NA,NA
8263,"Site1","2024-08-03","Plot1","4","2024-08-02","O13","_0O0306","_0O0306",1,"2024-08-02","eschweilera coriacea",286.590049460297,248.130028191954,32.3,1.3,NA,"AS",NA,NA,NA,NA
13966,"Site1","2024-08-03","Plot1","4","2024-08-02","Y24","_0Y0589","_0Y0589",1,"2024-08-02","iryanthera hostmannii",493.99001982616,474.050033377483,14.9,2.5,NA,"AS",NA,NA,NA,NA
8202,"Site1","2024-08-03","Plot1","4","2024-08-02","O10","_0O0229","_0O0229",1,"2024-08-02","eschweilera coriacea",283.229952934489,191.809995641932,16.4,1.3,NA,"AS",NA,NA,NA,NA
11747,"Site1","2024-08-03","Plot1","4","2024-08-02","U2","_0U0909","_0U0909",1,"2024-08-02","eschweilera itayensis",408.589982967766,23.5500034801662,11.3,1.3,NA,"AS",NA,NA,NA,NA
1991,"Site1","2024-08-03","Plot1","4","2024-08-02","D13","_0D0287","_0D0287",1,"2024-08-02","eschweilera coriacea",77.3454026071704,255.141589965671,16.1701422181366,1.3,NA,"AS",NA,NA,NA,NA
13381,"Site1","2024-08-03","Plot1","4","2024-08-02","X4","_0X0722","_0X0722",1,"2024-08-02","inga umbratica",471.800018749491,70.2799956016243,11.8,1.3,NA,"AS",NA,NA,NA,NA
2904,"Site1","2024-08-03","Plot1","4","2024-08-02","F2","_0F0035","_0F0035",1,"2024-08-02","virola sebifera",103.759990525898,36.2500344906002,22,1.3,NA,"AS",NA,NA,NA,NA
8981,"Site1","2024-08-03","Plot1","4","2024-08-02","P23","_0P0496","_0P0496",1,"2024-08-02","brosimum acutifolium",303.169988931273,452.120023617521,15.2,1.3,NA,"AS",NA,NA,NA,NA
8255,"Site1","2024-08-03","Plot1","4","2024-08-02","O12","_0O0297","_0O0297",1,"2024-08-02","iriartea deltoidea",298.700013080204,228.849959880114,14.2,1.3,NA,"AS",NA,NA,NA,NA
1266,"Site1","2024-08-03","Plot1","4","2024-08-02","C5","_0C0109","_0C0109",1,"2024-08-02","astrocaryum ferrugineum",47.859999993525,92.4900000002235,30.0484532557498,1.3,NA,"AS",NA,NA,NA,NA
8681,"Site1","2024-08-03","Plot1","4","2024-08-02","P2","_0P0038","_0P0038",1,"2024-08-02","eschweilera coriacea",314.889993411722,30.1299900338054,23.3,1.3,NA,"AS",NA,NA,NA,NA
35,"Site1","2024-08-03","Plot1","4","2024-08-02","A2","_0A0053","_0A0053",1,"2024-08-02","apeiba tibourbou",12.1500250902609,22.4899880904704,43.6,2.47,NA,"AS",NA,NA,NA,NA
6403,"Site1","2024-08-03","Plot1","4","2024-08-02","K25","_0K5358","_0K5358",1,"2024-08-02","micropholis mensalis",211.219955909939,494.740025186911,13,1.3,NA,"AS",NA,NA,NA,NA
4297,"Site1","2024-08-03","Plot1","4","2024-08-02","H17","_0H0378","_0H0378",1,"2024-08-02","humiriastrum piraparanense",154.710048857436,331.250046113506,18.6,1.3,NA,"AS",NA,NA,NA,NA
7104,"Site1","2024-08-03","Plot1","4","2024-08-02","M11","_0M0228","_0M0228",1,"2024-08-02","diospyros artanthifolia",249.229981818236,209.110022913665,25.5,1.3,NA,"AS",NA,NA,NA,NA
7679,"Site1","2024-08-03","Plot1","4","2024-08-02","N12","_0N0250","_0N0250",1,"2024-08-02","oxandra xylopioides",269.809998549696,235.690013067797,11.8,1.3,NA,"AS",NA,NA,NA,NA
9005,"Site1","2024-08-03","Plot1","4","2024-08-02","P24","_0P0522","_0P0522",1,"2024-08-02","eschweilera gigantea",300.820033994911,472.999963339418,50.8,3.35,NA,"AS",NA,NA,NA,NA
3163,"Site1","2024-08-03","Plot1","4","2024-08-02","F19","_0F0449","_0F0449",1,"2024-08-02","eschweilera coriacea",110.260007598728,370.940000189468,21.4,1.3,NA,"AS",NA,NA,NA,NA
3869,"Site1","2024-08-03","Plot1","4","2024-08-02","G4","_0G1173","_0G1173",1,"2024-08-02","chrysochlamys weberbaueri",128.769977435877,69.2299992479384,10.4,1.3,NA,"AS",NA,NA,NA,NA
487,"Site1","2024-08-03","Plot1","4","2024-08-02","A11","_0A2546","_0A2546",1,"2024-08-02","symphonia globulifera",14.5199840531568,200.48999353312,10.7270431643937,1.3,NA,"AS",NA,NA,NA,NA
6442,"Site1","2024-08-03","Plot1","4","2024-08-02","L2","_0L0050","_0L0050",1,"2024-08-02","sloanea durissima",234.140000255953,20.5900285057724,40.4,3.3,NA,"AS",NA,NA,NA,NA
4113,"Site1","2024-08-03","Plot1","4","2024-08-02","H5","_0H0112","_0H0112",1,"2024-08-02","eschweilera coriacea",156.789968714176,94.0800286252052,26.2,1.3,NA,"AS",NA,NA,NA,NA
4578,"Site1","2024-08-03","Plot1","4","2024-08-02","H17","_0H3742","_0H3742",1,"2024-08-02","vochysia sp.1",154.839984834252,325.920013029128,14.4,1.3,NA,"AS",NA,NA,NA,NA
2580,"Site1","2024-08-03","Plot1","4","2024-08-02","E15","_0E0355","_0E0355",1,"2024-08-02","anacardium sp.1",94.1800107956515,292.110006995499,27.1,1.3,NA,"AS",NA,NA,NA,NA
1457,"Site1","2024-08-03","Plot1","4","2024-08-02","C17","_0C0367","_0C0367",1,"2024-08-02","faramea anisocalyx",40.9799999889219,339.689999999478,13.1143673107722,1.3,NA,"AS",NA,NA,NA,NA
14758,"Site1","2024-08-03","Plot1","4","2024-08-02","U5","_2U0217","_2U0217",1,"2024-08-02",NA,400.484583528421,92.9470208398998,12.2,1.3,NA,"AS",NA,NA,NA,NA
4056,"Site1","2024-08-03","Plot1","4","2024-08-02","H2","_0H0039","_0H0039",1,"2024-08-02","iryanthera hostmannii",155.119971690001,22.5000031311065,11.7,1.3,NA,"AS",NA,NA,NA,NA
11238,"Site1","2024-08-03","Plot1","4","2024-08-02","T5","_0T1324","_0T1324",1,"2024-08-02","euterpe precatoria",392.359950525686,86.8599671181291,16.6,1.3,NA,"AS",NA,NA,NA,NA
14409,"Site1","2024-08-03","Plot1","4","2024-08-02","U18","_1U0318","_1U0318",1,"2024-08-02","unidentified",403.620004049619,347.959993295372,12.9,1.3,NA,"AS",NA,NA,NA,NA
9942,"Site1","2024-08-03","Plot1","4","2024-08-02","R10","_0R0211","_0R0211",1,"2024-08-02","sapindaceae sp.2",350.810043978796,181.019953617826,11.9,1.3,NA,"AS",NA,NA,NA,NA
12766,"Site1","2024-08-03","Plot1","4","2024-08-02","W22","_0W0541","_0W0541",1,"2024-08-02","apeiba membranacea",459.220010496385,431.539978438988,35.6,1.3,NA,"AS",NA,NA,NA,NA
10931,"Site1","2024-08-03","Plot1","4","2024-08-02","T5","_0T0117","_0T0117",1,"2024-08-02","caraipa grandifolia",398.299994577304,88.0000039730221,13.9,1.3,NA,"AS",NA,NA,NA,NA
5578,"Site1","2024-08-03","Plot1","4","2024-08-02","J24","_0J0587","_0J0587",1,"2024-08-02","iriartea deltoidea",183.639992075216,476.539959777147,25.7,1.3,NA,"AS",NA,NA,NA,NA
7280,"Site1","2024-08-03","Plot1","4","2024-08-02","M22","_0M0485","_0M0485",1,"2024-08-02","endlicheria sp.7",255.439963814395,431.070045977831,11,1.3,NA,"AS",NA,NA,NA,NA
14348,"Site1","2024-08-03","Plot1","4","2024-08-02","R2","_1R0069","_1R0069",1,"2024-08-02","unidentified",353.859995322884,29.5600484348834,26.6,1.3,NA,"AS",NA,NA,NA,NA
3178,"Site1","2024-08-03","Plot1","4","2024-08-02","F20","_0F0468","_0F0468",1,"2024-08-02","eschweilera coriacea",107.300001730793,389.670037876815,37.9,2.7,NA,"AS",NA,NA,NA,NA
3207,"Site1","2024-08-03","Plot1","4","2024-08-02","F22","_0F0509","_0F0509",1,"2024-08-02","unonopsis spectabilis",100.189969873405,428.50003089197,27.8,1.3,NA,"AS",NA,NA,NA,NA
7705,"Site1","2024-08-03","Plot1","4","2024-08-02","N13","_0N0282","_0N0282",1,"2024-08-02","leonia glycycarpa",270.339972868271,253.360004996881,14.1,1.3,NA,"AS",NA,NA,NA,NA
2584,"Site1","2024-08-03","Plot1","4","2024-08-02","E15","_0E0359","_0E0359",1,"2024-08-02","iryanthera elliptica",95.8999618265661,290.279965089634,19,1.3,NA,"AS",NA,NA,NA,NA
5887,"Site1","2024-08-03","Plot1","4","2024-08-02","K7","_0K0147","_0K0147",1,"2024-08-02","eschweilera itayensis",207.640008301416,126.580022785813,35.3,1.5,NA,"AS",NA,NA,NA,NA
3906,"Site1","2024-08-03","Plot1","4","2024-08-02","G9","_0G2109","_0G2109",1,"2024-08-02","tontelea mauritioides",121.389979457774,174.349995525554,15.6,1.3,NA,"AS",NA,NA,NA,NA
8484,"Site1","2024-08-03","Plot1","4","2024-08-02","O2","_0O0934","_0O0934",1,"2024-08-02","micropholis guyanensis",283.290016821527,22.4200061205775,14.4,1.3,NA,"AS",NA,NA,NA,NA
8116,"Site1","2024-08-03","Plot1","4","2024-08-02","O4","_0O0086","_0O0086",1,"2024-08-02","himatanthus sucuuba",291.240019402059,78.9799587801099,29.3,0.95,NA,"ABS",NA,NA,NA,NA
3055,"Site1","2024-08-03","Plot1","4","2024-08-02","F12","_0F0278","_0F0278",1,"2024-08-02","diplotropis martiusii",116.939952420245,222.50995054096,22.4,1.3,NA,"AS",NA,NA,NA,NA
10385,"Site1","2024-08-03","Plot1","4","2024-08-02","S3","_0S0070","_0S0070",1,"2024-08-02","brosimum guianense",374.660014611844,42.0199982114136,17.6,1.3,NA,"AS",NA,NA,NA,NA
11173,"Site1","2024-08-03","Plot1","4","2024-08-02","T24","_0T0542","_0T0542",1,"2024-08-02","chimarrhis glabriflora",396.929956271604,477.749953303486,56.6,1.3,NA,"AS",NA,NA,NA,NA
2801,"Site1","2024-08-03","Plot1","4","2024-08-02","E12","_0E2475","_0E2475",1,"2024-08-02","faramea multiflora",81.3100201189518,226.85996349901,10.2,1.3,NA,"AS",NA,NA,NA,NA
9361,"Site1","2024-08-03","Plot1","4","2024-08-02","Q9","_0Q0184","_0Q0184",1,"2024-08-02","vitex orinocensis",329.829988188168,178.850010115653,38.6,3.4,NA,"AS",NA,NA,NA,NA
7248,"Site1","2024-08-03","Plot1","4","2024-08-02","M20","_0M0446","_0M0446",1,"2024-08-02","iryanthera juruensis",256.769992492627,390.279997466132,20.5,1.3,NA,"AS",NA,NA,NA,NA
14186,"Site1","2024-08-03","Plot1","4","2024-08-02","D18","_1D0705","_1D0705",1,"2024-08-02","",71.8299792485777,348.740033322945,14.3,1.8,NA,"AS",NA,NA,NA,NA
12282,"Site1","2024-08-03","Plot1","4","2024-08-02","V6","_0V1408","_0V1408",1,"2024-08-02","mollia gracilis",421.649950831779,108.749951068312,12.2,1.3,NA,"AS",NA,NA,NA,NA
8884,"Site1","2024-08-03","Plot1","4","2024-08-02","P16","_0P0336","_0P0336",1,"2024-08-02","hymenopus heteromorphus",309.809973350202,304.720026344061,42.7,1.3,NA,"AS",NA,NA,NA,NA
5630,"Site1","2024-08-03","Plot1","4","2024-08-02","J2","_0J1076","_0J1076",1,"2024-08-02","cordiera longicaudata",193.040045117319,23.3699987754226,11.1,1.3,NA,"AS",NA,NA,NA,NA
12774,"Site1","2024-08-03","Plot1","4","2024-08-02","W23","_0W0553","_0W0553",1,"2024-08-02","pachira insignis",441.279970500967,452.390042614192,14.4,1.3,NA,"AS",NA,NA,NA,NA
6339,"Site1","2024-08-03","Plot1","4","2024-08-02","K17","_0K3769","_0K3769",1,"2024-08-02","myrtaceae sp.8",209.850007586472,331.280021874234,13.8,1.3,NA,"AS",NA,NA,NA,NA
7822,"Site1","2024-08-03","Plot1","4","2024-08-02","N21","_0N0447","_0N0447",1,"2024-08-02","eschweilera coriacea",260.649960731156,402.739958362654,31.4,2.7,NA,"AS",NA,NA,NA,NA
8137,"Site1","2024-08-03","Plot1","4","2024-08-02","O5","_0O0125","_0O0125",1,"2024-08-02","virola peruviana",299.280028316716,88.1399985831231,17.6,1.3,NA,"AS",NA,NA,NA,NA
12972,"Site1","2024-08-03","Plot1","4","2024-08-02","X2","_0X0024","_0X0024",1,"2024-08-02","neea ovalifolia",465.619957380404,33.3879302479327,21.5,1.3,NA,"AS",NA,NA,NA,NA
5815,"Site1","2024-08-03","Plot1","4","2024-08-02","K2","_0K0038","_0K0038",1,"2024-08-02","rinorea lindeniana",216.639968182833,31.409967912361,15.1,1.3,NA,"AS",NA,NA,NA,NA
6089,"Site1","2024-08-03","Plot1","4","2024-08-02","K19","_0K0437","_0K0437",1,"2024-08-02","anaxagorea brevipes",218.779976941762,366.74001240544,13.1,1.3,NA,"AS",NA,NA,NA,NA
750,"Site1","2024-08-03","Plot1","4","2024-08-02","B8","_0B0230","_0B0230",1,"2024-08-02","xylopia calophylla",25.7699999929173,148.109999999404,26.7380304394384,1.3,NA,"AS",NA,NA,NA,NA
4675,"Site1","2024-08-03","Plot1","4","2024-08-02","I3","_0I0064","_0I0064",1,"2024-08-02","virola calophylla",170.343645916379,53.9512226786464,26.9,1.3,NA,"AS",NA,NA,NA,NA
13476,"Site1","2024-08-03","Plot1","4","2024-08-02","X20","_0X0469","_0X3798",1,"2024-08-02","licaria sp.3",464.330043520138,390.219951793551,11.2,1.3,NA,"AS",NA,NA,NA,NA
7459,"Site1","2024-08-03","Plot1","4","2024-08-02","M19","_0M3945","_0M3945",1,"2024-08-02","pachira insignis",258.509762518981,365.476778116077,10.7,1.3,NA,"AS",NA,NA,NA,NA
12327,"Site1","2024-08-03","Plot1","4","2024-08-02","V12","_0V2369","_0V2369",1,"2024-08-02","sorocea steinbachii",425.709999408515,232.31002416648,12.6,1.3,NA,"AS",NA,NA,NA,NA
1505,"Site1","2024-08-03","Plot1","4","2024-08-02","C20","_0C0427","_0C0427",1,"2024-08-02","inga stenoptera",44.5099944722024,389.209980005398,21.7,3.31,NA,"AS",NA,NA,NA,NA
4796,"Site1","2024-08-03","Plot1","4","2024-08-02","I10","_0I0241","_0I0241",1,"2024-08-02","inga sp.8",174.479952432041,197.569979915395,44.4,1.3,NA,"AS",NA,NA,NA,NA
9464,"Site1","2024-08-03","Plot1","4","2024-08-02","Q16","_0Q0330","_0Q0330",1,"2024-08-02","conceveiba sp.1",334.210007750371,305.739965129644,30.9,3.64,NA,"AS",NA,NA,NA,NA
1829,"Site1","2024-08-03","Plot1","4","2024-08-02","D2","_0D0045","_0D0045",1,"2024-08-02","eschweilera coriacea",77.7600322827348,35.1900066956878,23.7459175093108,1.3,NA,"AS",NA,NA,NA,NA
1878,"Site1","2024-08-03","Plot1","4","2024-08-02","D5","_0D0123","_0D0123",1,"2024-08-02","conceveiba martiana",72.6799999955692,83.2999999988824,39.9160597274474,1.3,NA,"AS",NA,NA,NA,NA
2436,"Site1","2024-08-03","Plot1","4","2024-08-02","E7","_0E0145","_0E0145",1,"2024-08-02","warszewiczia coccinea",88.5499827223248,132.32995647192,12.6,1.3,NA,"AS",NA,NA,NA,NA
2333,"Site1","2024-08-03","Plot1","4","2024-08-02","D23","_0D4997","_0D4997",1,"2024-08-02",NA,76.1249807807035,459.566869929433,17,1.3,NA,"AS",NA,NA,NA,NA
9691,"Site1","2024-08-03","Plot1","4","2024-08-02","Q11","_0Q2430","_0Q2430",1,"2024-08-02","guarea gomma",323.99995859171,207.249972848222,10.2,1.3,NA,"AS",NA,NA,NA,NA
8584,"Site1","2024-08-03","Plot1","4","2024-08-02","O15","_0O3181","_0O3181",1,"2024-08-02","calliandra trinervia",288.160012816952,281.629973793402,10.6,1.3,NA,"AS",NA,NA,NA,NA
3372,"Site1","2024-08-03","Plot1","4","2024-08-02","F15","_0F3432","_0F3432",1,"2024-08-02","pseudolmedia laevis",117.019966516586,292.830013744533,13.5,1.3,NA,"AS",NA,NA,NA,NA
7468,"Site1","2024-08-03","Plot1","4","2024-08-02","M23","_0M4548","_0M4548",1,"2024-08-02","lecythis chartacea",243.090007879946,448.400002811104,15.1,1.3,NA,"AS",NA,NA,NA,NA
12812,"Site1","2024-08-03","Plot1","4","2024-08-02","W3","_0W1006","_0W1006",1,"2024-08-02","euterpe precatoria",446.189950334083,43.4300140887499,16,1.3,NA,"AS",NA,NA,NA,NA
9327,"Site1","2024-08-03","Plot1","4","2024-08-02","Q6","_0Q0139","_0Q0139",1,"2024-08-02","fusaea longifolia",338.150012626196,110.82002373971,11.4,1.3,NA,"AS",NA,NA,NA,NA
9304,"Site1","2024-08-03","Plot1","4","2024-08-02","Q5","_0Q0100","_0Q0100",1,"2024-08-02","eugenia florida",327.819993238489,87.0999861545861,16,1.3,NA,"AS",NA,NA,NA,NA
7875,"Site1","2024-08-03","Plot1","4","2024-08-02","N23","_0N0513","_0N0513",1,"2024-08-02","pouteria bilocularis",275.030025465938,441.079988056794,28.5,1.3,NA,"AS",NA,NA,NA,NA
4227,"Site1","2024-08-03","Plot1","4","2024-08-02","H13","_0H0280","_0H0280",1,"2024-08-02","caryocar glabrum",147.819954907289,254.170033408329,16.9,1.3,NA,"AS",NA,NA,NA,NA
2714,"Site1","2024-08-03","Plot1","4","2024-08-02","E24","_0E0562","_0E0562",1,"2024-08-02","pterocarpus amazonum",90.1425765383174,470.836670318618,18,1.3,NA,"AS",NA,NA,NA,NA
13056,"Site1","2024-08-03","Plot1","4","2024-08-02","X7","_0X0137","_0X0137",1,"2024-08-02","chimarrhis glabriflora",469.569996996492,124.05000161007,24.9,1.3,NA,"AS",NA,NA,NA,NA
11675,"Site1","2024-08-03","Plot1","4","2024-08-02","U23","_0U0514","_0U0514",1,"2024-08-02","mimosaceae sp.3",404.010035416577,458.940022194758,51.3,3.4,NA,"AS",NA,NA,NA,NA
10711,"Site1","2024-08-03","Plot1","4","2024-08-02","S6","_0S1469","_0S1469",1,"2024-08-02","theobroma microcarpum",362.299973874295,100.279951740056,10.1,1.3,NA,"AS",NA,NA,NA,NA
2988,"Site1","2024-08-03","Plot1","4","2024-08-02","F8","_0F0169","_0F0169",1,"2024-08-02","caryodaphnopsis sp.",108.013114856149,144.547599837184,20.5,1.3,NA,"ABS",NA,NA,NA,NA
8941,"Site1","2024-08-03","Plot1","4","2024-08-02","P20","_0P0439","_0P0439",1,"2024-08-02","angostura simplex",310.960020348721,382.399986723438,13,1.3,NA,"AS",NA,NA,NA,NA
6577,"Site1","2024-08-03","Plot1","4","2024-08-02","L13","_0L0283","_0L0283",1,"2024-08-02","himatanthus sucuuba",239.099992524832,255.969971567392,37.3,1.3,NA,"AS",NA,NA,NA,NA
10464,"Site1","2024-08-03","Plot1","4","2024-08-02","S9","_0S0197","_0S0197",1,"2024-08-02","eschweilera coriacea",363.250022574619,169.83004151471,28.5,1.3,NA,"AS",NA,NA,NA,NA
7471,"Site1","2024-08-03","Plot1","4","2024-08-02","M23","_0M4590","_0M4590",1,"2024-08-02","brosimum parinarioides",240.779951447446,450.769977394491,11,1.3,NA,"AS",NA,NA,NA,NA
13283,"Site1","2024-08-03","Plot1","4","2024-08-02","X19","_0X0453","_0X0453",1,"2024-08-02","osteophloeum platyspermum",473.349982802582,368.659966599196,15.3,1.3,NA,"AS",NA,NA,NA,NA
1627,"Site1","2024-08-03","Plot1","4","2024-08-02","C6","_0C1713","_0C1713",1,"2024-08-02","hirtella schultesii",54.2899999896181,119.199999999255,13.2098602766273,1.3,NA,"AS",NA,NA,NA,NA
12845,"Site1","2024-08-03","Plot1","4","2024-08-02","W8","_0W1789","_0W1789",1,"2024-08-02","theobroma obovatum",450.209971876873,155.769996214658,10.2,1.3,NA,"AS",NA,NA,NA,NA
2195,"Site1","2024-08-03","Plot1","4","2024-08-02","D6","_0D1573","_0D1573",1,"2024-08-02","hirtella racemosa",66.2100379055482,118.200002912432,10.7588741530121,1.3,NA,"AS",NA,NA,NA,NA
12866,"Site1","2024-08-03","Plot1","4","2024-08-02","W10","_0W2071","_0W2071",1,"2024-08-02","eugenia florida",458.45002484764,181.139956174418,14.3,1.3,NA,"AS",NA,NA,NA,NA
2966,"Site1","2024-08-03","Plot1","4","2024-08-02","F6","_0F0129","_0F0129",1,"2024-08-02","guarea gomma",107.290007490839,113.990021565929,55.2,2.7,NA,"AS",NA,NA,NA,NA
10917,"Site1","2024-08-03","Plot1","4","2024-08-02","T5","_0T0097","_0T0097",1,"2024-08-02","astrocaryum ferrugineum",382.120033367246,86.5999781936407,12.8,1.3,NA,"AS",NA,NA,NA,NA
2153,"Site1","2024-08-03","Plot1","4","2024-08-02","D25","_0D0539","_0D0539",1,"2024-08-02","theobroma microcarpum",68.7199900057749,497.950012512505,24.4,1.3,NA,"AS",NA,NA,NA,NA
1789,"Site1","2024-08-03","Plot1","4","2024-08-02","C25","_0C5093","_0C5093",1,"2024-08-02","nealchornea yapurensis",56.7999524733168,490.629974415526,11.7456348001819,1.3,NA,"AS",NA,NA,NA,NA
1714,"Site1","2024-08-03","Plot1","4","2024-08-02","C17","_0C3833","_0C3833",1,"2024-08-02","iryanthera macrophylla",48.0699999965727,325.11999999918,11.0135220619592,1.3,NA,"AS",NA,NA,NA,NA
14382,"Site1","2024-08-03","Plot1","4","2024-08-02","T6","_1T0120","_1T0120",1,"2024-08-02","euterpe precatoria",393.709984841465,108.220034658909,16.3,1.3,NA,"AS",NA,NA,NA,NA
324,"Site1","2024-08-03","Plot1","4","2024-08-02","A21","_0A0466","_0A0466",1,"2024-08-02","astrocaryum ferrugineum",7.80001798592275,409.729959331453,58.027892251305,2.9,NA,"AS",NA,NA,NA,NA
2130,"Site1","2024-08-03","Plot1","4","2024-08-02","D23","_0D0490","_0D0490",1,"2024-08-02","pouteria williamii",62.1100153740845,448.749961908907,20.9,1.3,NA,"AS",NA,NA,NA,NA
5694,"Site1","2024-08-03","Plot1","4","2024-08-02","J13","_0J2851","_0J2851",1,"2024-08-02","rinorea lindeniana",187.059954674856,242.100011350587,12.3,1.3,NA,"AS",NA,NA,NA,NA
10853,"Site1","2024-08-03","Plot1","4","2024-08-02","S25","_0S4620","_0S4620",1,"2024-08-02","eriotheca macrophylla",371.629959978804,484.11003963463,15.3,1.3,NA,"AS",NA,NA,NA,NA
4195,"Site1","2024-08-03","Plot1","4","2024-08-02","H12","_0H0239","_0H0239",1,"2024-08-02","apeiba membranacea",140.749970602512,223.119992228225,16.2,1.3,NA,"AS",NA,NA,NA,NA
3882,"Site1","2024-08-03","Plot1","4","2024-08-02","G6","_0G1625","_0G1625",1,"2024-08-02","sloanea gladysiae",125.910026334983,119.750031197444,10.3,1.3,NA,"AS",NA,NA,NA,NA
11320,"Site1","2024-08-03","Plot1","4","2024-08-02","T18","_0T3164","_0T3164",1,"2024-08-02","vitex orinocensis",388.45996619697,348.829983817413,15.5,1.3,NA,"AS",NA,NA,NA,NA
8345,"Site1","2024-08-03","Plot1","4","2024-08-02","O18","_0O0441","_0O0441",1,"2024-08-02","rinorea lindeniana",297.960002583626,342.640017101541,12.5,1.3,NA,"AS",NA,NA,NA,NA
4775,"Site1","2024-08-03","Plot1","4","2024-08-02","I9","_0I0211","_0I0211",1,"2024-08-02","eschweilera coriacea",172.050022370997,171.979970812798,18.7,1.3,NA,"AS",NA,NA,NA,NA
12302,"Site1","2024-08-03","Plot1","4","2024-08-02","V8","_0V1814","_0V1814",1,"2024-08-02","euterpe precatoria",437.429986930743,153.290014501661,13.7,1.3,NA,"AS",NA,NA,NA,NA
9277,"Site1","2024-08-03","Plot1","4","2024-08-02","Q3","_0Q0053","_0Q0053",1,"2024-08-02","warszewiczia coccinea",320.882207300805,44.8062088862062,15.3,1.3,NA,"AS",NA,NA,NA,NA
3931,"Site1","2024-08-03","Plot1","4","2024-08-02","G12","_0G2633","_0G2633",1,"2024-08-02","oxandra riedeliana",135.710035871656,230.720040872693,10.5,1.3,NA,"AS",NA,NA,NA,NA
14962,"Site1","2024-08-03","Plot1","4","2024-08-02",NA,"_3Y0394","_3Y0394",1,"2024-09-05",NA,491.610025945876,220.494201291353,14.49,1.3,NA,"AS",NA,NA,NA,NA
1536,"Site1","2024-08-03","Plot1","4","2024-08-02","C22","_0C0469","_0C0469",1,"2024-08-02","virola multicostata",45.9900085426634,421.959978705272,70.8,4.29,NA,"AS",NA,NA,NA,NA
8087,"Site1","2024-08-03","Plot1","4","2024-08-02","O2","_0O0040","_0O0040",1,"2024-08-02","salacia sp.1",289.44998389791,37.7400306556374,13.2,1.3,NA,"AS",NA,NA,NA,NA
7754,"Site1","2024-08-03","Plot1","4","2024-08-02","N16","_0N0353","_0N0353",1,"2024-08-02","parkia multijuga",279.520044865145,310.529973937199,86.5,3.6,NA,"AS",NA,NA,NA,NA
7061,"Site1","2024-08-03","Plot1","4","2024-08-02","M7","_0M0162","_0M0162",1,"2024-08-02","theobroma microcarpum",258.470010839112,128.900036657229,10.6,1.3,NA,"ABS",NA,NA,NA,NA
11945,"Site1","2024-08-03","Plot1","4","2024-08-02","V3","_0V0054","_0V0054",1,"2024-08-02","agonandra silvatica",425.209967946343,52.2600090745836,13.6,1.3,NA,"AS",NA,NA,NA,NA
4166,"Site1","2024-08-03","Plot1","4","2024-08-02","H10","_0H0197","_0H0197",1,"2024-08-02","eschweilera coriacea",145.389966851624,183.229952406138,39.9,1.5,NA,"AS",NA,NA,NA,NA
7092,"Site1","2024-08-03","Plot1","4","2024-08-02","M10","_0M0212","_0M0212",1,"2024-08-02","iriartea deltoidea",243.589955932286,199.379996573552,22.5,1.6,NA,"AS",NA,NA,NA,NA
4508,"Site1","2024-08-03","Plot1","4","2024-08-02","H7","_0H1848","_0H1848",1,"2024-08-02","macrolobium angustifolium",157.230021193449,130.299972923473,10.5,1.3,NA,"AS",NA,NA,NA,NA
2824,"Site1","2024-08-03","Plot1","4","2024-08-02","E16","_0E3434","_0E3434",1,"2024-08-02","rinorea viridifolia",96.7600381762604,305.500003326684,15.3,1.3,NA,"AS",NA,NA,NA,NA
3743,"Site1","2024-08-03","Plot1","4","2024-08-02","G20","_0G0443","_0G0443",1,"2024-08-02","spondias globosa",121.920018515957,391.799964437261,57.8,1.3,NA,"AS",NA,NA,NA,NA
10330,"Site1","2024-08-03","Plot1","4","2024-08-02","R10","_0R5084","_0R5084",1,"2024-08-02",NA,355.187538948085,190.279075467959,15,1.3,NA,"AS",NA,NA,NA,NA
14235,"Site1","2024-08-03","Plot1","4","2024-08-02","H20","_1H0593","_1H0593",1,"2024-08-02","iriartea deltoidea",150.22000890359,384.810012169182,18,1.3,NA,"AS",NA,NA,NA,NA
2341,"Site1","2024-08-03","Plot1","4","2024-08-02","E1","_0E0003","_0E0003",1,"2024-08-02","conceveiba guianensis",86.310008846398,0.229980621486902,22.6,1.3,NA,"AS",NA,NA,NA,NA
6458,"Site1","2024-08-03","Plot1","4","2024-08-02","L4","_0L0087","_0L0087",1,"2024-08-02","trichilia pallida",222.700039719697,78.2800161987543,13.1,1.3,NA,"AS",NA,NA,NA,NA
5459,"Site1","2024-08-03","Plot1","4","2024-08-02","J16","_0J0406","_0J0406",1,"2024-08-02","parkia multijuga",194.200013101159,310.120001051575,18.2,1.3,NA,"AS",NA,NA,NA,NA
2644,"Site1","2024-08-03","Plot1","4","2024-08-02","E19","_0E0458","_0E0458",1,"2024-08-02","hevea brasiliensis",93.9200030256761,365.91004132852,50.2,1.3,NA,"AS",NA,NA,NA,NA
2059,"Site1","2024-08-03","Plot1","4","2024-08-02","D18","_0D0387","_0D0387",1,"2024-08-02","scleronema micranthum",64.7399617366609,345.260009136051,14.4,1.3,NA,"AS",NA,NA,NA,NA
1883,"Site1","2024-08-03","Plot1","4","2024-08-02","D6","_0D0130","_0D0130",1,"2024-08-02","maytenus amazonica",62.5099660480046,108.609972469509,10.918029096104,1.3,NA,"AS",NA,NA,NA,NA
3825,"Site1","2024-08-03","Plot1","4","2024-08-02","G25","_0G0564","_0G0564",1,"2024-08-02","theobroma subincanum",139.230002131604,493.740037254989,18.2,1.3,NA,"AS",NA,NA,NA,NA
13639,"Site1","2024-08-03","Plot1","4","2024-08-02","Y6","_0Y0124","_0Y0124",1,"2024-08-02","otoba glycycarpa",484.380048175401,100.96003572084,16.93,1.3,NA,"AS",NA,NA,NA,NA
1464,"Site1","2024-08-03","Plot1","4","2024-08-02","C17","_0C0375","_0C0375",1,"2024-08-02","carapa guianensis",55.3699999892269,331.390000000596,16.9022549563593,1.3,NA,"AS",NA,NA,NA,NA
13484,"Site1","2024-08-03","Plot1","4","2024-08-02","X21","_0X3980","_0X3980",1,"2024-08-02","anacardium sp.1",475.21996507229,411.669956849888,13.3,1.3,NA,"AS",NA,NA,NA,NA
374,"Site1","2024-08-03","Plot1","4","2024-08-02","A25","_0A0554","_0A0554",1,"2024-08-02","couepia obovata",1.69998049264541,482.039970930666,30.4304251191704,1.3,NA,"AS",NA,NA,NA,NA
6303,"Site1","2024-08-03","Plot1","4","2024-08-02","K11","_0K2729","_0K2729",1,"2024-08-02","cedrelinga cateniformis",213.929950422083,200.170007301494,15.6,1.35,NA,"AS",NA,NA,NA,NA
2228,"Site1","2024-08-03","Plot1","4","2024-08-02","D10","_0D2467","_0D2467",1,"2024-08-02","tapirira retusa",73.7800250645378,184.819991637021,24.4143682702967,1.3,NA,"AS",NA,NA,NA,NA
14886,"Site1","2024-08-03","Plot1","4","2024-08-02",NA,"_3M0237","_3M0237",1,"2025-01-10",NA,240.517510545149,155.846927823499,18.5,1.4,NA,"AS",NA,NA,NA,NA
8381,"Site1","2024-08-03","Plot1","4","2024-08-02","O21","_0O0495","_0O0495",1,"2024-08-02","naucleopsis sp.1",280.950020400633,415.149967046455,32.5,1.3,NA,"AS",NA,NA,NA,NA
1981,"Site1","2024-08-03","Plot1","4","2024-08-02","D12","_0D0269","_0D0269",1,"2024-08-02","siparuna decipiens",79.0399900350603,224.799996456131,12.0639446863657,1.3,NA,"ABS",NA,NA,NA,NA
65,"Site1","2024-08-03","Plot1","4","2024-08-02","A4","_0A0098","_0A0098",1,"2024-08-02","iriartea deltoidea",9.95004393946147,77.6299519762397,21.1039454539853,1.3,NA,"AS",NA,NA,NA,NA
12720,"Site1","2024-08-03","Plot1","4","2024-08-02","W18","_0W0458","_0W0458",1,"2024-08-02","sterculia peruviana",457.898217392096,347.807999588549,22.3,1.3,NA,"AS",NA,NA,NA,NA
12288,"Site1","2024-08-03","Plot1","4","2024-08-02","V6","_0V1451","_0V1451",1,"2024-08-02","pera tomentosa",429.030021686747,113.759979614988,10.6,1.3,NA,"AS",NA,NA,NA,NA
13178,"Site1","2024-08-03","Plot1","4","2024-08-02","X14","_0X0314","_0X0314",1,"2024-08-02","astrocaryum ferrugineum",466.020021602162,273.420029968023,15.4,1.3,NA,"AS",NA,NA,NA,NA
11525,"Site1","2024-08-03","Plot1","4","2024-08-02","U12","_0U0269","_0U0269",1,"2024-08-02","hirtella schultesii",412.109980814101,235.719960741699,11.7,1.3,NA,"AS",NA,NA,NA,NA
1553,"Site1","2024-08-03","Plot1","4","2024-08-02","C23","_0C0500","_0C0500",1,"2024-08-02","macrolobium angustifolium",59.5499517354765,451.180018020794,30.5259180850255,1.3,NA,"AS",NA,NA,NA,NA
5163,"Site1","2024-08-03","Plot1","4","2024-08-02","I17","_0I3577","_0I3577",1,"2024-08-02","neea sp.2",176.779964671878,337.650044299662,13.2,1.3,NA,"AS",NA,NA,NA,NA
10689,"Site1","2024-08-03","Plot1","4","2024-08-02","S3","_0S0999","_0S0999",1,"2024-08-02","tachigali formicarum",364.340017158713,47.3200052380562,12.5,1.3,NA,"AS",NA,NA,NA,NA
7128,"Site1","2024-08-03","Plot1","4","2024-08-02","M12","_0M0267","_0M0267",1,"2024-08-02","iryanthera macrophylla",256.455040223547,224.784536046907,42.1,1.3,NA,"AS",NA,NA,NA,NA
6689,"Site1","2024-08-03","Plot1","4","2024-08-02","L21","_0L0464","_0L0464",1,"2024-08-02","theobroma obovatum",221.029968804505,411.779985489324,24.3,1.3,NA,"AS",NA,NA,NA,NA
594,"Site1","2024-08-03","Plot1","4","2024-08-02","A19","_0A4970","_0A4970",1,"2024-08-02",NA,14.7188109174022,365.962194938213,13.3053532424825,1.3,NA,"AS",NA,NA,NA,NA
3582,"Site1","2024-08-03","Plot1","4","2024-08-02","G11","_0G0216","_0G0216",1,"2024-08-02","nealchornea yapurensis",120.870039733301,203.740046821535,15.7,1.3,NA,"AS",NA,NA,NA,NA
69,"Site1","2024-08-03","Plot1","4","2024-08-02","A4","_0A0108","_0A0108",1,"2024-08-02","aniba williamsii",13.4299702676944,60.5200384240597,13.1143673107722,1.3,NA,"AS",NA,NA,NA,NA
12071,"Site1","2024-08-03","Plot1","4","2024-08-02","V12","_0V0235","_0V0235",1,"2024-08-02","anacardium sp.1",428.919982047111,229.699963802472,11,1.3,NA,"AS",NA,NA,NA,NA
720,"Site1","2024-08-03","Plot1","4","2024-08-02","B6","_0B0186","_0B0186",1,"2024-08-02","guarea pterorhachis",32.2699999892502,109,11.1726770050511,1.3,NA,"AS",NA,NA,NA,NA
5389,"Site1","2024-08-03","Plot1","4","2024-08-02","J13","_0J0306","_0J0306",1,"2024-08-02","tetragastris panamensis",183.750008033996,241.780013816431,15.6,1.3,NA,"AS",NA,NA,NA,NA
10529,"Site1","2024-08-03","Plot1","4","2024-08-02","S14","_0S0324","_0S0324",1,"2024-08-02","theobroma subincanum",369.030025944521,267.97000435926,17.7,1.3,NA,"AS",NA,NA,NA,NA
1400,"Site1","2024-08-03","Plot1","4","2024-08-02","C14","_0C0295","_0C0295",1,"2024-08-02","matisia bracteolosa",56.630049160507,260.880002168939,10.7907051416305,1.3,NA,"AS",NA,NA,NA,NA
12031,"Site1","2024-08-03","Plot1","4","2024-08-02","V9","_0V0183","_0V0183",1,"2024-08-02","virola duckei",436.870038003137,175.189966998994,18.6,1.3,NA,"AS",NA,NA,NA,NA
5363,"Site1","2024-08-03","Plot1","4","2024-08-02","J12","_0J0278","_0J0278",1,"2024-08-02","oxandra riedeliana",180.877044113993,223.169088698924,29.4,1.3,NA,"AS",NA,NA,NA,NA
12978,"Site1","2024-08-03","Plot1","4","2024-08-02","X2","_0X0033","_0X0033",1,"2024-08-02","theobroma microcarpum",478.015483025345,30.1128975525498,17.6,1.3,NA,"AS",NA,NA,NA,NA
2698,"Site1","2024-08-03","Plot1","4","2024-08-02","E23","_0E0541","_0E0541",1,"2024-08-02","vitex orinocensis",98.4399716130574,451.749957827851,72.4,5.2,NA,"AS",NA,NA,NA,NA
6762,"Site1","2024-08-03","Plot1","4","2024-08-02","L25","_0L0574","_0L0574",1,"2024-08-02","guarea kunthiana",239.220023133792,498.800015164539,17.8,1.3,NA,"AS",NA,NA,NA,NA
7415,"Site1","2024-08-03","Plot1","4","2024-08-02","M11","_0M2434","_0M2434",1,"2024-08-02","guarea gomma",250.898139093595,208.375262277201,12.1,1.3,NA,"AS",NA,NA,NA,NA
10338,"Site1","2024-08-03","Plot1","4","2024-08-02","S1","_0S0005","_0S0005",1,"2024-08-02","trichilia quadrijuga",362.600015123782,13.5100136622787,12.4,1.3,NA,"AS",NA,NA,NA,NA
14725,"Site1","2024-08-03","Plot1","4","2024-08-02","T6","_2T0288","_2T0288",1,"2024-08-02",NA,396.829571503273,107.043828178197,15.6,1.3,NA,"AS",NA,NA,NA,NA
4732,"Site1","2024-08-03","Plot1","4","2024-08-02","I6","_0I0146","_0I0146",1,"2024-08-02","eschweilera coriacea",177.320010704279,117.559992412105,14.3,1.3,NA,"AS",NA,NA,NA,NA
12265,"Site1","2024-08-03","Plot1","4","2024-08-02","V1","_0V0795","_0V0795",1,"2024-08-02","calliandra trinervia",437.670028450375,14.1499740984291,10.7,1.3,NA,"AS",NA,NA,NA,NA
6737,"Site1","2024-08-03","Plot1","4","2024-08-02","L24","_0L0538","_0L0538",1,"2024-08-02","virola pavonis",229.830002357019,472.589963965118,12,1.3,NA,"AS",NA,NA,NA,NA
7682,"Site1","2024-08-03","Plot1","4","2024-08-02","N12","_0N0254","_0N0254",1,"2024-08-02","guarea kunthiana",271.260027472454,237.840043080971,13.3,1.3,NA,"AS",NA,NA,NA,NA
5839,"Site1","2024-08-03","Plot1","4","2024-08-02","K4","_0K0074","_0K0074",1,"2024-08-02","iryanthera hostmannii",209.649998775742,61.1199765503407,15.4,1.3,NA,"AS",NA,NA,NA,NA
855,"Site1","2024-08-03","Plot1","4","2024-08-02","B14","_0B0389","_0B0389",1,"2024-08-02","sterculia apeibophylla",38.5299999897252,268.469999998808,42.3352148624442,1.3,NA,"AS",NA,NA,NA,NA
11355,"Site1","2024-08-03","Plot1","4","2024-08-02","T2","_0T4270","_0T4270",1,"2024-08-02",NA,388.703125799948,31.6308079101145,15.3,1.3,NA,"AS",NA,NA,NA,NA
8064,"Site1","2024-08-03","Plot1","4","2024-08-02","O1","_0O0005","_0O0005",1,"2024-08-02","iryanthera juruensis",284.379980263475,5.53998322784901,20.2,1.3,NA,"AS",NA,NA,NA,NA
14696,"Site1","2024-08-03","Plot1","4","2024-08-02","S1","_2S0058","_2S0058",1,"2024-08-02",NA,363.769978297933,13.3619891982526,15.1,1.3,NA,"AS",NA,NA,NA,NA
2362,"Site1","2024-08-03","Plot1","4","2024-08-02","E2","_0E0029","_0E0029",1,"2024-08-02","scleronema micranthum",84.8999992621248,21.4300170298666,11.5,1.3,NA,"AS",NA,NA,NA,NA
13093,"Site1","2024-08-03","Plot1","4","2024-08-02","X9","_0X0183","_0X0183",1,"2024-08-02","ampelocera edentula",464.910005910264,162.290036240593,29.7,3.4,NA,"AS",NA,NA,NA,NA
9953,"Site1","2024-08-03","Plot1","4","2024-08-02","R12","_0R0237","_0R0237",1,"2024-08-02","vataireopsis iglesiasii",345.760012763843,220.970021964982,93.2,4.1,NA,"AS",NA,NA,NA,NA
9987,"Site1","2024-08-03","Plot1","4","2024-08-02","R16","_0R0316","_0R0316",1,"2024-08-02","pachira insignis",344.490000422869,315.090003626421,18.7,1.3,NA,"AS",NA,NA,NA,NA
14765,"Site1","2024-08-03","Plot1","4","2024-08-02","U6","_2U0323","_2U0323",1,"2024-08-02",NA,411.080099138548,104.276730172336,13.1,1.5,NA,"AS",NA,NA,NA,NA
12518,"Site1","2024-08-03","Plot1","4","2024-08-02","W7","_0W0170","_0W0170",1,"2024-08-02","astrocaryum ferrugineum",459.099997792218,126.120027871802,15.2,1.3,NA,"AS",NA,NA,NA,NA
5392,"Site1","2024-08-03","Plot1","4","2024-08-02","J13","_0J0312","_0J0312",1,"2024-08-02","astrocaryum ferrugineum",183.989956045407,251.559998370707,13.1,1.3,NA,"AS",NA,NA,NA,NA
6218,"Site1","2024-08-03","Plot1","4","2024-08-02","K1","_0K0821","_0K0821",1,"2024-08-02","iryanthera macrophylla",218.030036840588,11.5400312114507,10.2,1.3,NA,"AS",NA,NA,NA,NA
12315,"Site1","2024-08-03","Plot1","4","2024-08-02","V10","_0V2067","_0V2067",1,"2024-08-02","inga spectabilis",427.079968887614,199.770046427846,14.9,1.3,NA,"AS",NA,NA,NA,NA
11208,"Site1","2024-08-03","Plot1","4","2024-08-02","T1","_0T0778","_0T0778",1,"2024-08-02","garcinia sp.1",390.240008301393,8.76995541527867,15.8,1.3,NA,"ABS",NA,NA,NA,NA
983,"Site1","2024-08-03","Plot1","4","2024-08-02","B24","_0B0597","_0B0597",1,"2024-08-02","conceveiba guianensis",27.2799557583639,461.020012542605,27.7,3.4,NA,"AS",NA,NA,NA,NA
7414,"Site1","2024-08-03","Plot1","4","2024-08-02","M11","_0M2432","_0M2432",1,"2024-08-02","couepia macrophylla",252.359982212773,206.280045645311,10.7,1.3,NA,"AS",NA,NA,NA,NA
6409,"Site1","2024-08-03","Plot1","4","2024-08-02","K23","_0K5457","_0K5457",1,"2024-08-02",NA,218.703057893727,456.86341124028,11.6,1.3,NA,"AS",NA,NA,NA,NA
12899,"Site1","2024-08-03","Plot1","4","2024-08-02","W19","_0W3388","_0W3388",1,"2024-08-02","theobroma microcarpum",445.770005281258,360.360046127811,10.1,1.3,NA,"AS",NA,NA,NA,NA
9954,"Site1","2024-08-03","Plot1","4","2024-08-02","R12","_0R0239","_0R0239",1,"2024-08-02","eschweilera coriacea",350.479999675241,234.520003711805,33,1.3,NA,"AS",NA,NA,NA,NA
11942,"Site1","2024-08-03","Plot1","4","2024-08-02","V3","_0V0051","_0V0051",1,"2024-08-02","virola surinamensis",420.540008809476,52.5000220686197,27.8,1.3,NA,"AS",NA,NA,NA,NA
10722,"Site1","2024-08-03","Plot1","4","2024-08-02","S6","_0S1581","_0S1581",1,"2024-08-02","theobroma subincanum",374.360042704153,113.990023311228,12.3,1.3,NA,"AS",NA,NA,NA,NA
11952,"Site1","2024-08-03","Plot1","4","2024-08-02","V3","_0V0063","_0V0063",1,"2024-08-02","neea ovalifolia",438.469972159364,41.2199629303068,13,1.3,NA,"AS",NA,NA,NA,NA
5790,"Site1","2024-08-03","Plot1","4","2024-08-02","K1","_0K0006","_0K0006",1,"2024-08-02","rudgea viburnoides",209.937575144519,0.0634422227740288,13.2,1.3,NA,"AS",NA,NA,NA,NA
10969,"Site1","2024-08-03","Plot1","4","2024-08-02","T8","_0T0190","_0T0190",1,"2024-08-02","pourouma bicolor",396.640025476401,144.469963632524,28.7,1.3,NA,"AS",NA,NA,NA,NA
3166,"Site1","2024-08-03","Plot1","4","2024-08-02","F19","_0F0452","_0F0452",1,"2024-08-02","caraipa grandifolia",114.179969063436,372.590032523498,16.3,1.3,NA,"AS",NA,NA,NA,NA
201,"Site1","2024-08-03","Plot1","4","2024-08-02","A13","_0A0301","_0A0301",1,"2024-08-02","maquira calophylla",18.1100398030831,251.749960917979,18.1436635124761,1.3,NA,"AS",NA,NA,NA,NA
293,"Site1","2024-08-03","Plot1","4","2024-08-02","A19","_0A0427","_0A0427",1,"2024-08-02","minquartia guianensis",2.89997874764958,378.660043310374,15.5016914571506,1.3,NA,"AS",NA,NA,NA,NA
10961,"Site1","2024-08-03","Plot1","4","2024-08-02","T8","_0T0169","_0T0169",1,"2024-08-02","eschweilera coriacea",380.23999087949,149.25000849925,17.3,1.3,NA,"ABS",NA,NA,NA,NA
12524,"Site1","2024-08-03","Plot1","4","2024-08-02","W8","_0W0178","_0W0178",1,"2024-08-02","alseis microcarpa",444.809959186998,154.830045420676,20.5,2.55,NA,"AS",NA,NA,NA,NA
3428,"Site1","2024-08-03","Plot1","4","2024-08-02","F25","_0F5063","_0F5063",1,"2024-08-02","eschweilera coriacea",101.92000451393,498.169991211966,20.7,1.7,NA,"AS",NA,NA,NA,NA
8678,"Site1","2024-08-03","Plot1","4","2024-08-02","P2","_0P0031","_0P0031",1,"2024-08-02","theobroma glaucum",304.244098233932,31.119247244671,16.1,1.3,NA,"AS",NA,NA,NA,NA
3682,"Site1","2024-08-03","Plot1","4","2024-08-02","G16","_0G0369","_0G0369",1,"2024-08-02","eschweilera gigantea",138.759979548631,307.839988863096,38.5,1.3,NA,"AS",NA,NA,NA,NA
3139,"Site1","2024-08-03","Plot1","4","2024-08-02","F17","_0F0402","_0F0402",1,"2024-08-02","virola pavonis",117.489981527731,321.899973502383,44,4.1,NA,"AS",NA,NA,NA,NA
3570,"Site1","2024-08-03","Plot1","4","2024-08-02","G10","_0G0203","_0G0203",1,"2024-08-02","theobroma obovatum",131.04998420045,199.200041219592,24.4,1.3,NA,"AS",NA,NA,NA,NA
9982,"Site1","2024-08-03","Plot1","4","2024-08-02","R15","_0R0303","_0R0303",1,"2024-08-02","couepia macrophylla",358.729950159031,294.990008296445,19.3,1.3,NA,"AS",NA,NA,NA,NA
1809,"Site1","2024-08-03","Plot1","4","2024-08-02","D1","_0D0018","_0D0018",1,"2024-08-02","perebea guianensis",76.8999999935622,0.990000000223517,27.4383121890428,1.3,NA,"AS",NA,NA,NA,NA
6488,"Site1","2024-08-03","Plot1","4","2024-08-02","L7","_0L0146","_0L0146",1,"2024-08-02","eschweilera coriacea",226.88999577408,129.520043838769,29.1,1.3,NA,"AS",NA,NA,NA,NA
2034,"Site1","2024-08-03","Plot1","4","2024-08-02","D15","_0D0341","_0D0341",1,"2024-08-02","astrocaryum ferrugineum",75.5300485152402,286.469958424568,15.9,1.3,NA,"AS",NA,NA,NA,NA
9981,"Site1","2024-08-03","Plot1","4","2024-08-02","R15","_0R0297","_0R0297",1,"2024-08-02","caryocar glabrum",344.659992622503,295.629988647997,136.7,3.75,NA,"AS",NA,NA,NA,NA
6347,"Site1","2024-08-03","Plot1","4","2024-08-02","K18","_0K3918","_0K3918",1,"2024-08-02","quararibea guianensis",203.789977439912,358.190019374713,11.2,1.3,NA,"AS",NA,NA,NA,NA
4104,"Site1","2024-08-03","Plot1","4","2024-08-02","H5","_0H0099","_0H0099",1,"2024-08-02","eschweilera coriacea",142.769957818964,89.3900290559977,21.1,1.3,NA,"AS",NA,NA,NA,NA
5173,"Site1","2024-08-03","Plot1","4","2024-08-02","I19","_0I3828","_0I3828",1,"2024-08-02","iryanthera macrophylla",170.290004982555,378.110035955906,12.3,1.3,NA,"AS",NA,NA,NA,NA
7060,"Site1","2024-08-03","Plot1","4","2024-08-02","M7","_0M0159","_0M0159",1,"2024-08-02","inga pruriens",254.269999117416,125.359955633059,20.7,1.3,NA,"ABS",NA,NA,NA,NA
14938,"Site1","2024-08-03","Plot1","4","2024-08-02",NA,"_3T0554","_3T0554",1,"2024-11-21",NA,397.250053542026,204.868946598843,11.1,1.8,NA,"AS",NA,NA,NA,NA
7926,"Site1","2024-08-03","Plot1","4","2024-08-02","N1","_0N0783","_0N0783",1,"2024-08-02","iryanthera macrophylla",271.280019904603,2.8199802543968,12.1,1.3,NA,"AS",NA,NA,NA,NA
5053,"Site1","2024-08-03","Plot1","4","2024-08-02","I25","_0I0607","_0I0607",1,"2024-08-02","chrysophyllum manaosense",176.849980888132,487.869996579364,29,3.4,NA,"AS",NA,NA,NA,NA
3223,"Site1","2024-08-03","Plot1","4","2024-08-02","F22","_0F0527","_0F0527",1,"2024-08-02","chrysochlamys weberbaueri",115.129983333696,429.310009438545,10.5,1.3,NA,"AS",NA,NA,NA,NA
1848,"Site1","2024-08-03","Plot1","4","2024-08-02","D4","_0D0085","_0D0085",1,"2024-08-02","eschweilera coriacea",66.3900200423668,64.2899641320109,27,4.3,NA,"AS",NA,NA,NA,NA
417,"Site1","2024-08-03","Plot1","4","2024-08-02","A3","_0A0919","_0A0919",1,"2024-08-02","inga fastuosa",3.40929775853874,46.4377139415592,11.7138038115635,1.3,NA,"AS",NA,NA,NA,NA
444,"Site1","2024-08-03","Plot1","4","2024-08-02","A6","_0A1578","_0A1578",1,"2024-08-02","warszewiczia coccinea",7.73999766656198,111.999971466139,10.40873327821,1.3,NA,"AS",NA,NA,NA,NA
5240,"Site1","2024-08-03","Plot1","4","2024-08-02","J3","_0J0060","_0J0060",1,"2024-08-02","couma macrocarpa",182.679975309817,52.6199884153903,61.1,1.3,NA,"AS",NA,NA,NA,NA
1555,"Site1","2024-08-03","Plot1","4","2024-08-02","C23","_0C0506","_0C0506",1,"2024-08-02","otoba glycycarpa",59.2799844070105,442.279979355633,11.2681699709062,1.3,NA,"AS",NA,NA,NA,NA
9040,"Site1","2024-08-03","Plot1","4","2024-08-02","P6","_0P0563","_0P0563",1,"2024-08-02","tachigali formicarum",313.690021604416,104.79997690022,10.5,1.3,NA,"AS",NA,NA,NA,NA
5364,"Site1","2024-08-03","Plot1","4","2024-08-02","J12","_0J0279","_0J0279",1,"2024-08-02","trigynaea cinnamomea",180.439031057816,223.945988016203,11.8,1.3,NA,"AS",NA,NA,NA,NA
6578,"Site1","2024-08-03","Plot1","4","2024-08-02","L13","_0L0284","_0L0284",1,"2024-08-02","naucleopsis ulei",237.360004143731,250.720048712566,11.6,1.3,NA,"AS",NA,NA,NA,NA
6005,"Site1","2024-08-03","Plot1","4","2024-08-02","K14","_0K0310","_0K0310",1,"2024-08-02","pouteria torta",204.43999328831,275.750017637387,21.2,1.3,NA,"AS",NA,NA,NA,NA
9994,"Site1","2024-08-03","Plot1","4","2024-08-02","R16","_0R0331","_0R0331",1,"2024-08-02","virola pavonis",358.000028400158,301.209970958531,23.6,2.15,NA,"AS",NA,NA,NA,NA
1482,"Site1","2024-08-03","Plot1","4","2024-08-02","C18","_0C0397","_0C0397",1,"2024-08-02","eschweilera coriacea",58.7999999952735,359.459999999031,22.249861044247,1.3,NA,"AS",NA,NA,NA,NA
13203,"Site1","2024-08-03","Plot1","4","2024-08-02","X15","_0X0344","_0X0344",1,"2024-08-02","virola calophylla",468.453789152147,280.305524017662,18.1,1.3,NA,"AS",NA,NA,NA,NA
1014,"Site1","2024-08-03","Plot1","4","2024-08-02","B1","_0B0010","_0B0694",1,"2024-08-02","neea spruceana",20.2999999896274,10.480000000447,11.6501418343267,1.3,NA,"AS",NA,NA,NA,NA
5197,"Site1","2024-08-03","Plot1","4","2024-08-02","I24","_0I4805","_0I4805",1,"2024-08-02","xylopia calophylla",173.290042109671,468.080008152872,13.9,1.3,NA,"AS",NA,NA,NA,NA
10071,"Site1","2024-08-03","Plot1","4","2024-08-02","R22","_0R0450","_0R0450",1,"2024-08-02","oxandra riedeliana",354.699986380816,424.69997237809,15,1.3,NA,"AS",NA,NA,NA,NA
3180,"Site1","2024-08-03","Plot1","4","2024-08-02","F20","_0F0473","_0F0473",1,"2024-08-02","guarea gomma",117.669973499898,397.189955106005,23.7,1.3,NA,"AS",NA,NA,NA,NA
12200,"Site1","2024-08-03","Plot1","4","2024-08-02","V19","_0V0422","_0V0422",1,"2024-08-02","theobroma obovatum",434.609972679464,375.11998514086,30.5,1.3,NA,"AS",NA,NA,NA,NA
309,"Site1","2024-08-03","Plot1","4","2024-08-02","A20","_0A0446","_0A0446",1,"2024-08-02","otoba parvifolia",5.5099932703306,383.789959769696,24.2233823385865,1.3,NA,"AS",NA,NA,NA,NA
118,"Site1","2024-08-03","Plot1","4","2024-08-02","A7","_0A0173","_0A0173",1,"2024-08-02","conceveiba guianensis",2.68003450223478,137.289997711778,17.6661986832004,1.3,NA,"AS",NA,NA,NA,NA
5415,"Site1","2024-08-03","Plot1","4","2024-08-02","J14","_0J0342","_0J0342",1,"2024-08-02","sterculia colombiana",189.780047015345,260.869969461113,35.6,1.3,NA,"AS",NA,NA,NA,NA
3772,"Site1","2024-08-03","Plot1","4","2024-08-02","G21","_0G0481","_0G0481",1,"2024-08-02","astrocaryum ferrugineum",135.150045675749,403.619992015883,17,1.3,NA,"AS",NA,NA,NA,NA
11431,"Site1","2024-08-03","Plot1","4","2024-08-02","U6","_0U0125","_0U0125",1,"2024-08-02","ficus sp.1",413.770023923134,114.039968196303,35,2.8,NA,"AS",NA,NA,NA,NA
2725,"Site1","2024-08-03","Plot1","4","2024-08-02","E25","_0E0577","_0E0577",1,"2024-08-02","socratea exorrhiza",87.3899760997156,488.280011771247,15.4,4.1,NA,"AS",NA,NA,NA,NA
9409,"Site1","2024-08-03","Plot1","4","2024-08-02","Q12","_0Q0255","_0Q0255",1,"2024-08-02","eschweilera coriacea",330.40001943364,230.85001123324,32.5,1.3,NA,"AS",NA,NA,NA,NA
3251,"Site1","2024-08-03","Plot1","4","2024-08-02","F24","_0F0569","_0F0569",1,"2024-08-02","apeiba membranacea",104.61996564985,473.9699811358,23.5,1.3,NA,"AS",NA,NA,NA,NA
14515,"Site1","2024-08-03","Plot1","4","2024-08-02","E7","_2E0184","_2E0184",1,"2024-08-02",NA,85.7579782330431,133.397130087018,11.3,1.3,NA,"AS",NA,NA,NA,NA
11371,"Site1","2024-08-03","Plot1","4","2024-08-02","U1","_0U0009","_0U0009",1,"2024-08-02","eschweilera coriacea",401.270046371734,17.6100083272904,23.2,1.3,NA,"AS",NA,NA,NA,NA
11746,"Site1","2024-08-03","Plot1","4","2024-08-02","U2","_0U0898","_0U0898",1,"2024-08-02","eschweilera coriacea",403.880032859568,25.8899884931743,10.2,1.3,NA,"AS",NA,NA,NA,NA
10406,"Site1","2024-08-03","Plot1","4","2024-08-02","S4","_0S0099","_0S0099",1,"2024-08-02","euterpe precatoria",374.20996217319,65.500046050176,15,2.2,NA,"AS",NA,NA,NA,NA
4661,"Site1","2024-08-03","Plot1","4","2024-08-02","I2","_0I0040","_0I0040",1,"2024-08-02","brosimum utile",167.400009841018,37.6899932585657,55.8,1.3,NA,"AS",NA,NA,NA,NA
14060,"Site1","2024-08-03","Plot1","4","2024-08-02","Y15","_0Y2653","_0Y2653",1,"2024-08-02","ampelocera edentula",480.350044860505,289.070045422763,10.7,1.3,NA,"AS",NA,NA,NA,NA
6205,"Site1","2024-08-03","Plot1","4","2024-08-02","K8","_0K0593","_0K0593",1,"2024-08-02","sterculia apeibophylla",204.330003342417,147.779966998845,15.2,1.3,NA,"AS",NA,NA,NA,NA
11020,"Site1","2024-08-03","Plot1","4","2024-08-02","T13","_0T0291","_0T0291",1,"2024-08-02","annona amazonica",383.63996914454,255.579979700968,41.5,1.3,NA,"AS",NA,NA,NA,NA
6645,"Site1","2024-08-03","Plot1","4","2024-08-02","L18","_0L0385","_0L0385",1,"2024-08-02","mollia gracilis",225.169972468342,347.279985863715,20.1,1.3,NA,"AS",NA,NA,NA,NA
262,"Site1","2024-08-03","Plot1","4","2024-08-02","A17","_0A0386","_0A0386",1,"2024-08-02","theobroma microcarpum",16.0299650402158,330.489953929558,22.6318329076675,1.3,NA,"AS",NA,NA,NA,NA
12673,"Site1","2024-08-03","Plot1","4","2024-08-02","W16","_0W0385","_0W0385",1,"2024-08-02","perebea mollis",459.749958363886,310.890036797151,27.2,1.3,NA,"AS",NA,NA,NA,NA
12859,"Site1","2024-08-03","Plot1","4","2024-08-02","W10","_0W2034","_0W2034",1,"2024-08-02","brosimum lactescens",455.490042815334,199.830005768687,13,2.5,NA,"AS",NA,NA,NA,NA
13855,"Site1","2024-08-03","Plot1","4","2024-08-02","Y17","_0Y0432","_0Y0432",1,"2024-08-02","alchorneopsis floribunda",496.399969858583,330.719995493069,43.7,3.95,NA,"AS",NA,NA,NA,NA
11832,"Site1","2024-08-03","Plot1","4","2024-08-02","U13","_0U2591","_0U2591",1,"2024-08-02","eschweilera coriacea",407.419951324351,256.049978230149,11.8,1.3,NA,"AS",NA,NA,NA,NA
5018,"Site1","2024-08-03","Plot1","4","2024-08-02","I23","_0I0557","_0I0557",1,"2024-08-02","socratea exorrhiza",172.259975165653,449.709982829168,19.1,1.3,NA,"AS",NA,NA,NA,NA
6713,"Site1","2024-08-03","Plot1","4","2024-08-02","L23","_0L0502","_0L0502",1,"2024-08-02","eschweilera coriacea",228.809964796994,443.700023520738,59.7,3.75,NA,"AS",NA,NA,NA,NA
2556,"Site1","2024-08-03","Plot1","4","2024-08-02","E13","_0E0304","_0E0304",1,"2024-08-02","eschweilera gigantea",98.8500299254665,252.030001848936,17.4,1.3,NA,"AS",NA,NA,NA,NA
7507,"Site1","2024-08-03","Plot1","4","2024-08-02","N1","_0N0020","_0N0020",1,"2024-08-02","neea parviflora",277.440022316703,15.189988270402,18.5,1.3,NA,"AS",NA,NA,NA,NA
2174,"Site1","2024-08-03","Plot1","4","2024-08-02","D2","_0D0822","_0D0822",1,"2024-08-02","chrysochlamys weberbaueri",69.3099665055634,20.900009682402,10.4405642668283,1.3,NA,"AS",NA,NA,NA,NA
696,"Site1","2024-08-03","Plot1","4","2024-08-02","B5","_0B0155","_0B0155",1,"2024-08-02","siparuna decipiens",34.5199999927427,83.6999999992549,11.9047897432738,1.3,NA,"AS",NA,NA,NA,NA
14110,"Site1","2024-08-03","Plot1","4","2024-08-02","Y22","_0Y4167","_0Y4167",1,"2024-08-02","cordia lasseri",482.030030060094,430.769965386018,10.2,1.3,NA,"AS",NA,NA,NA,NA
10243,"Site1","2024-08-03","Plot1","4","2024-08-02","R13","_0R2764","_0R2764",1,"2024-08-02","theobroma microcarpum",355.269960285921,255.939951855689,10.8,1.3,NA,"AS",NA,NA,NA,NA
8595,"Site1","2024-08-03","Plot1","4","2024-08-02","O16","_0O3463","_0O3463",1,"2024-08-02","tachigali sp.1",297.350048312044,310.380017969757,28,1.6,NA,"AS",NA,NA,NA,NA
3573,"Site1","2024-08-03","Plot1","4","2024-08-02","G10","_0G0207","_0G0207",1,"2024-08-02","trichilia solitudinis",139.060034010326,193.91002795659,26.1,1.3,NA,"AS",NA,NA,NA,NA
14003,"Site1","2024-08-03","Plot1","4","2024-08-02","Y4","_0Y0848","_0Y0848",1,"2024-08-02","stryphnodendron porcatum",484.870003868069,62.8900190964341,12.2,1.3,NA,"AS",NA,NA,NA,NA
5753,"Site1","2024-08-03","Plot1","4","2024-08-02","J23","_0J4837","_0J4837",1,"2024-08-02","pouteria bilocularis",188.600007266097,456.83996940963,13.6,1.3,NA,"AS",NA,NA,NA,NA
1330,"Site1","2024-08-03","Plot1","4","2024-08-02","C10","_0C0190","_0C0190",1,"2024-08-02","astrocaryum ferrugineum",42.0499999946333,185.009999999776,19.0667621824091,1.3,NA,"AS",NA,NA,NA,NA
84,"Site1","2024-08-03","Plot1","4","2024-08-02","A5","_0A0124","_0A0124",1,"2024-08-02","virola elongata",5.50996903603664,92.9800199661404,27.2791572459509,1.3,NA,"AS",NA,NA,NA,NA
13535,"Site1","2024-08-03","Plot1","4","2024-08-02","X3","_0X4787","_0X4787",1,"2024-08-02","duguetia spixiana",463.719967538433,45.1400124300271,11.3,1.35,NA,"AS",NA,NA,NA,NA
3086,"Site1","2024-08-03","Plot1","4","2024-08-02","F14","_0F0318","_0F0318",1,"2024-08-02","inga capitata",109.869979528186,274.819981845096,14.2,1.3,NA,"AS",NA,NA,NA,NA
8802,"Site1","2024-08-03","Plot1","4","2024-08-02","P10","_0P0227","_0P0227",1,"2024-08-02","eschweilera itayensis",313.319981061097,186.840045625344,20.9,1.3,NA,"AS",NA,NA,NA,NA
6497,"Site1","2024-08-03","Plot1","4","2024-08-02","L7","_0L0163","_0L0163",1,"2024-08-02","brosimum acutifolium",239.800044606265,128.009971277788,32.5,1.3,NA,"AS",NA,NA,NA,NA
7158,"Site1","2024-08-03","Plot1","4","2024-08-02","M14","_0M0308","_0M0308",1,"2024-08-02","eschweilera gigantea",247.399975938315,271.340046944097,14.3,1.3,NA,"AS",NA,NA,NA,NA
11670,"Site1","2024-08-03","Plot1","4","2024-08-02","U23","_0U0508","_0U0508",1,"2024-08-02","virola multinervia",406.909965017636,446.989960096776,11.7,1.3,NA,"AS",NA,NA,NA,NA
7598,"Site1","2024-08-03","Plot1","4","2024-08-02","N7","_0N0150","_0N0150",1,"2024-08-02","attalea butyracea",278.73996782687,129.479982322082,36.5,1.9,NA,"AS",NA,NA,NA,NA
3335,"Site1","2024-08-03","Plot1","4","2024-08-02","F11","_0F0254","_0F2645",1,"2024-08-02","dacryodes amplectans",119.040040240681,201.499968264252,11.7,1.3,NA,"ABS",NA,NA,NA,NA
5158,"Site1","2024-08-03","Plot1","4","2024-08-02","I16","_0I3427","_0I3427",1,"2024-08-02","erisma laurifolium",179.539978356624,318.070037906989,12.1,1.3,NA,"AS",NA,NA,NA,NA
8812,"Site1","2024-08-03","Plot1","4","2024-08-02","P11","_0P0240","_0P0240",1,"2024-08-02","oxandra riedeliana",300.329994864936,219.519964421168,15.7,2.15,NA,"AS",NA,NA,NA,NA
9460,"Site1","2024-08-03","Plot1","4","2024-08-02","Q16","_0Q0325","_0Q0325",1,"2024-08-02","eschweilera coriacea",330.349983446707,310.979993218556,42.3,4,NA,"AS",NA,NA,NA,NA
8138,"Site1","2024-08-03","Plot1","4","2024-08-02","O6","_0O0128","_0O0128",1,"2024-08-02","neea ovalifolia",281.449971073132,107.18995346874,12,1.3,NA,"AS",NA,NA,NA,NA
14108,"Site1","2024-08-03","Plot1","4","2024-08-02","Y21","_0Y4104","_0Y4104",1,"2024-08-02","eschweilera coriacea",495.369994299312,414.060031088069,19.1,1.3,NA,"AS",NA,NA,NA,NA
4377,"Site1","2024-08-03","Plot1","4","2024-08-02","H22","_0H0494","_0H0494",1,"2024-08-02","vataireopsis iglesiasii",149.290021539957,421.909951698035,78.6,2.1,NA,"AS",NA,NA,NA,NA
1438,"Site1","2024-08-03","Plot1","4","2024-08-02","C16","_0C0341","_0C0341",1,"2024-08-02","eschweilera coriacea",47.4999999955762,314.719999998808,20.6901426019464,1.3,NA,"AS",NA,NA,NA,NA
5019,"Site1","2024-08-03","Plot1","4","2024-08-02","I23","_0I0558","_0I0558",1,"2024-08-02","otoba glycycarpa",175.200000990066,445.879991160706,15.1,1.3,NA,"AS",NA,NA,NA,NA
8851,"Site1","2024-08-03","Plot1","4","2024-08-02","P13","_0P0293","_0P0293",1,"2024-08-02","erisma laurifolium",312.804250334331,248.914796363562,14.9,1.3,NA,"AS",NA,NA,NA,NA
5290,"Site1","2024-08-03","Plot1","4","2024-08-02","J6","_0J0158","_0J0158",1,"2024-08-02","pachira insignis",194.379981644975,101.790029613301,28.5,1.3,NA,"AS",NA,NA,NA,NA
6461,"Site1","2024-08-03","Plot1","4","2024-08-02","L4","_0L0090","_0L0090",1,"2024-08-02","neea spruceana",228.150001964357,76.2500183172524,24.2,1.3,NA,"AS",NA,NA,NA,NA
5321,"Site1","2024-08-03","Plot1","4","2024-08-02","J9","_0J0222","_0J0222",1,"2024-08-02","pera sp.1",198.800047778641,162.639980075881,11,1.3,NA,"AS",NA,NA,NA,NA
406,"Site1","2024-08-03","Plot1","4","2024-08-02","A2","_0A0820","_0A0820",1,"2024-08-02","matayba sp.1",9.279985672154,38.7700330801308,11.9366207318922,1.3,NA,"AS",NA,NA,NA,NA
1115,"Site1","2024-08-03","Plot1","4","2024-08-02","B15","_0B3496","_0B3496",1,"2024-08-02","erisma laurifolium",26.2399999898043,292.36999999918,10.1222543806445,1.3,NA,"AS",NA,NA,NA,NA
1608,"Site1","2024-08-03","Plot1","4","2024-08-02","C4","_0C1205","_0C1205",1,"2024-08-02","siparuna decipiens",40.8499999929336,61.7400000002235,11.0453530505775,1.3,NA,"AS",NA,NA,NA,NA
12755,"Site1","2024-08-03","Plot1","4","2024-08-02","W21","_0W0522","_0W0522",1,"2024-08-02","annona cuspidata",453.740034477087,408.139959014952,14.5,1.3,NA,"AS",NA,NA,NA,NA
9543,"Site1","2024-08-03","Plot1","4","2024-08-02","Q22","_0Q0458","_0Q0458",1,"2024-08-02","sloanea sp.1",324.683581435937,425.272291554138,59,1.3,NA,"AS",NA,NA,NA,NA
11226,"Site1","2024-08-03","Plot1","4","2024-08-02","T3","_0T1012","_0T1012",1,"2024-08-02","vochysia lomatophylla",388.500003172492,53.1999673657119,11.07,1.3,NA,"AS",NA,NA,NA,NA
1399,"Site1","2024-08-03","Plot1","4","2024-08-02","C14","_0C0294","_0C0294",1,"2024-08-02","hymenopus intrapetiolaris",58.1699606987531,267.989953763783,63.2800053733376,4.3,NA,"AS",NA,NA,NA,NA
1040,"Site1","2024-08-03","Plot1","4","2024-08-02","B4","_0B1188","_0B1188",1,"2024-08-02","rinorea lindeniana",27.6799532289733,64.1799516286701,10.1222543806445,1.3,NA,"AS",NA,NA,NA,NA
1096,"Site1","2024-08-03","Plot1","4","2024-08-02","B12","_0B2935","_0B2935",1,"2024-08-02","iryanthera laevis",30.9999999984284,227.400000000373,12.8278884132068,1.3,NA,"AS",NA,NA,NA,NA
5783,"Site1","2024-08-03","Plot1","4","2024-08-02",NA,"_0J5384","_0J5384",1,"2025-02-14",NA,195.262844232435,199.767019966617,12.6,1.3,NA,"AS",NA,NA,NA,NA
12501,"Site1","2024-08-03","Plot1","4","2024-08-02","W7","_0W0145","_0W0145",1,"2024-08-02","eschweilera itayensis",443.439951513603,127.209976812825,17.6,1.3,NA,"AS",NA,NA,NA,NA
11324,"Site1","2024-08-03","Plot1","4","2024-08-02","T20","_0T3319","_0T3319",1,"2024-08-02","erythroxylum gracilipes",384.52004769363,395.800049269572,14,1.3,NA,"ABS",NA,NA,NA,NA
6864,"Site1","2024-08-03","Plot1","4","2024-08-02","L11","_0L2548","_0L2548",1,"2024-08-02","eschweilera coriacea",231.100536848826,208.145932536572,21.9,1.3,NA,"AS",NA,NA,NA,NA
7157,"Site1","2024-08-03","Plot1","4","2024-08-02","M14","_0M0307","_0M0307",1,"2024-08-02","cordia toqueve",249.369969431951,278.939980560914,20.2,1.3,NA,"AS",NA,NA,NA,NA
11646,"Site1","2024-08-03","Plot1","4","2024-08-02","U21","_0U0474","_0U0474",1,"2024-08-02","dendrobangia multinervia",413.330047263182,405.87004185468,11.8,1.3,NA,"AS",NA,NA,NA,NA
5469,"Site1","2024-08-03","Plot1","4","2024-08-02","J17","_0J0422","_0J0422",1,"2024-08-02","moquilea jaramilloi",185.770033341891,323.509990127757,30.2,1.3,NA,"AS",NA,NA,NA,NA
14691,"Site1","2024-08-03","Plot1","4","2024-08-02","R19","_2R0897","_2R0897",1,"2024-08-02",NA,340.115035175753,376.451992193237,17.6,1.3,NA,"AS",NA,NA,NA,NA
4281,"Site1","2024-08-03","Plot1","4","2024-08-02","H16","_0H0349","_0H0349",1,"2024-08-02","leonia racemosa",140.210014195472,313.179971255362,10.6,1.3,NA,"AS",NA,NA,NA,NA
586,"Site1","2024-08-03","Plot1","4","2024-08-02","A15","_0A4958","_0A4958",1,"2024-08-02","guarea kunthiana",18.2300401433604,294.470014946535,20.1808467840523,1.3,NA,"AS",NA,NA,NA,NA
980,"Site1","2024-08-03","Plot1","4","2024-08-02","B23","_0B0587","_0B0587",1,"2024-08-02","couepia macrophylla",30.310024778184,440.989957876503,16.3292971612285,1.3,NA,"AS",NA,NA,NA,NA
896,"Site1","2024-08-03","Plot1","4","2024-08-02","B17","_0B0451","_0B0451",1,"2024-08-02","astrocaryum ferrugineum",29.2100471163285,335.480005936697,10.4405642668283,1.3,NA,"AS",NA,NA,NA,NA
1170,"Site1","2024-08-03","Plot1","4","2024-08-02","B24","_0B4983","_0B4983",1,"2024-08-02","hieronyma alchorneoides",29.4000248663942,468.799959251657,15.4380294799138,1.3,NA,"AS",NA,NA,NA,NA
12304,"Site1","2024-08-03","Plot1","4","2024-08-02","V8","_0V1848","_0V1848",1,"2024-08-02","sorocea steinbachii",434.019985700317,145.410012155771,11.8,1.3,NA,"AS",NA,NA,NA,NA
3784,"Site1","2024-08-03","Plot1","4","2024-08-02","G23","_0G0506","_0G0506",1,"2024-08-02","iryanthera hostmannii",125.850036175747,447.300034180284,11.7,1.3,NA,"AS",NA,NA,NA,NA
11861,"Site1","2024-08-03","Plot1","4","2024-08-02","U18","_0U3271","_0U3271",1,"2024-08-02","eugenia florida",406.500038045167,346.049987182021,11.6,1.3,NA,"AS",NA,NA,NA,NA
7269,"Site1","2024-08-03","Plot1","4","2024-08-02","M21","_0M0471","_0M0471",1,"2024-08-02","brosimum guianense",255.760013438179,403.3100489676,24,1.3,NA,"AS",NA,NA,NA,NA
7319,"Site1","2024-08-03","Plot1","4","2024-08-02","M25","_0M0553","_0M0553",1,"2024-08-02","nectandra pulverulenta",241.989986535918,494.329976314679,21,1.3,NA,"AS",NA,NA,NA,NA
4346,"Site1","2024-08-03","Plot1","4","2024-08-02","H20","_0H0454","_0H0454",1,"2024-08-02","myrcia aliena",151.390020720719,386.74002947472,19.3,1.3,NA,"AS",NA,NA,NA,NA
14058,"Site1","2024-08-03","Plot1","4","2024-08-02","Y14","_0Y2598","_0Y2598",1,"2024-08-02","siparuna cristata",493.880009852757,269.049971509725,11.1,1.3,NA,"AS",NA,NA,NA,NA
11778,"Site1","2024-08-03","Plot1","4","2024-08-02","U5","_0U1439","_0U1439",1,"2024-08-02","brosimum guianense",405.670046463434,93.9900219030678,12.6,1.3,NA,"AS",NA,NA,NA,NA
11904,"Site1","2024-08-03","Plot1","4","2024-08-02","U5","_0U4449","_0U4449",1,"2024-08-02",NA,412.726642672962,97.8662669006735,16.1,1.3,NA,"AS",NA,NA,NA,NA
6903,"Site1","2024-08-03","Plot1","4","2024-08-02","L18","_0L3753","_0L3753",1,"2024-08-02","vochysia lomatophylla",220.289977516339,348.819985404611,17.6,1.3,NA,"AS",NA,NA,NA,NA
2529,"Site1","2024-08-03","Plot1","4","2024-08-02","E12","_0E0271","_0E0271",1,"2024-08-02","aniba sp.1",85.2499979339191,226.900039376691,29.6,1.3,NA,"AS",NA,NA,NA,NA
2975,"Site1","2024-08-03","Plot1","4","2024-08-02","F7","_0F0144","_0F0144",1,"2024-08-02","trichilia quadrijuga",102.100045283907,128.300025036559,14.3,1.3,NA,"AS",NA,NA,NA,NA
7132,"Site1","2024-08-03","Plot1","4","2024-08-02","M13","_0M0274","_0M0274",1,"2024-08-02","chrysophyllum bombycinum",245.96643295564,245.982987891883,22.1,1.3,NA,"AS",NA,NA,NA,NA
10986,"Site1","2024-08-03","Plot1","4","2024-08-02","T10","_0T0226","_0T0226",1,"2024-08-02","theobroma subincanum",392.040016012092,194.110010955483,11.9,1.3,NA,"AS",NA,NA,NA,NA
6326,"Site1","2024-08-03","Plot1","4","2024-08-02","K16","_0K3593","_0K3593",1,"2024-08-02","bauhinia sp.1",202.119977597846,319.039968797937,10.5,1.3,NA,"AS",NA,NA,NA,NA
14158,"Site1","2024-08-03","Plot1","4","2024-08-02","A23","_1A0608","_1A0608",1,"2024-08-02","vochysia lomatophylla",12.8300350868376,445.91000665538,15.4380294799138,1.3,NA,"AS",NA,NA,NA,NA
73,"Site1","2024-08-03","Plot1","4","2024-08-02","A4","_0A0112","_0A0112",1,"2024-08-02","guarea kunthiana",17.570016863232,60.1899763364345,14.865071684783,1.3,NA,"AS",NA,NA,NA,NA
4897,"Site1","2024-08-03","Plot1","4","2024-08-02","I16","_0I0390","_0I0390",1,"2024-08-02","warszewiczia coccinea",178.790009654651,300.960019817576,14.9,1.3,NA,"AS",NA,NA,NA,NA
6033,"Site1","2024-08-03","Plot1","4","2024-08-02","K16","_0K0348","_0K0348",1,"2024-08-02","caraipa grandifolia",209.040039166051,303.790025752038,23.3,1.3,NA,"AS",NA,NA,NA,NA
8582,"Site1","2024-08-03","Plot1","4","2024-08-02","O15","_0O3153","_0O3153",1,"2024-08-02","euterpe precatoria",284.789999639732,288.730041302741,19.6,1.3,NA,"AS",NA,NA,NA,NA
12172,"Site1","2024-08-03","Plot1","4","2024-08-02","V17","_0V0378","_0V0378",1,"2024-08-02","astrocaryum ferrugineum",439.690023224917,325.809960948303,16.8,3.63,NA,"AS",NA,NA,NA,"No corresponde a la especie asignada"
1747,"Site1","2024-08-03","Plot1","4","2024-08-02","C21","_0C4527","_0C4527",1,"2024-08-02","conceveiba guianensis",48.1899865925661,406.099961491302,11.0453530505775,1.3,NA,"AS",NA,NA,NA,NA
3745,"Site1","2024-08-03","Plot1","4","2024-08-02","G20","_0G0446","_0G0446",1,"2024-08-02","eschweilera coriacea",123.920034909563,399.470020800829,31.1,1.3,NA,"AS",NA,NA,NA,NA
8843,"Site1","2024-08-03","Plot1","4","2024-08-02","P13","_0P0279","_0P0279",1,"2024-08-02","phyllanthus attenuatus",303.520044391393,241.729976685718,61.6,3.35,NA,"AS",NA,NA,NA,NA
9692,"Site1","2024-08-03","Plot1","4","2024-08-02","Q11","_0Q2472","_0Q2472",1,"2024-08-02","pouteria williamii",320.669959868013,216.660024480894,13.1,1.3,NA,"AS",NA,NA,NA,NA
4416,"Site1","2024-08-03","Plot1","4","2024-08-02","H23","_0H0554","_0H0554",1,"2024-08-02","erisma laurifolium",158.28694759385,448.792521392927,46.7,2,NA,"AS",NA,NA,NA,NA
14693,"Site1","2024-08-03","Plot1","4","2024-08-02","R19","_2R0909","_2R0909",1,"2024-08-02",NA,352.845998776786,379.864745171741,17.6,4.2,NA,"AS",NA,NA,NA,NA
2139,"Site1","2024-08-03","Plot1","4","2024-08-02","D23","_0D0505","_0D0505",1,"2024-08-02","caraipa grandifolia",71.2900155634852,446.330021679401,14.6,1.3,NA,"AS",NA,NA,NA,NA
11452,"Site1","2024-08-03","Plot1","4","2024-08-02","U8","_0U0161","_0U0161",1,"2024-08-02","eschweilera coriacea",403.010049095785,153.650043563917,49.65,6.4,NA,"AS",NA,NA,NA,NA
7219,"Site1","2024-08-03","Plot1","4","2024-08-02","M18","_0M0401","_0M0401",1,"2024-08-02","otoba parvifolia",254.83996222011,355.630015201867,25.8,1.3,NA,"AS",NA,NA,NA,NA
4533,"Site1","2024-08-03","Plot1","4","2024-08-02","H12","_0H2823","_0H2823",1,"2024-08-02","virola duckei",149.54003163561,235.060036871582,11.1,1.3,NA,"AS",NA,NA,NA,NA
7255,"Site1","2024-08-03","Plot1","4","2024-08-02","M21","_0M0456","_0M0456",1,"2024-08-02","otoba glycycarpa",243.940013494517,410.640035992488,22,1.3,NA,"AS",NA,NA,NA,NA
12456,"Site1","2024-08-03","Plot1","4","2024-08-02","W4","_0W0066","_0W0066",1,"2024-08-02","pera sp.1",441.930042584543,78.1699876245111,15.8,1.3,NA,"AS",NA,NA,NA,NA
7989,"Site1","2024-08-03","Plot1","4","2024-08-02","N16","_0N3259","_0N3259",1,"2024-08-02","unonopsis floribunda",267.360005101014,310.82004606165,10.1,1.3,NA,"AS",NA,NA,NA,NA
7379,"Site1","2024-08-03","Plot1","4","2024-08-02","M7","_0M1772","_0M1772",1,"2024-08-02","gustavia augusta",259.610032743833,123.729960141703,10.1,1.3,NA,"AS",NA,NA,NA,NA
13958,"Site1","2024-08-03","Plot1","4","2024-08-02","Y24","_0Y0580","_0Y0580",1,"2024-08-02","protium nodulosum",488.259968196624,463.019974142313,21.3,1.3,NA,"AS",NA,NA,NA,NA
1327,"Site1","2024-08-03","Plot1","4","2024-08-02","C9","_0C0184","_0C0184",1,"2024-08-02","eschweilera coriacea",58.2899999949732,173.459999999031,22.4090159873389,1.3,NA,"AS",NA,NA,NA,NA
5409,"Site1","2024-08-03","Plot1","4","2024-08-02","J14","_0J0335","_0J0335",1,"2024-08-02","guarea gomma",187.390000663698,269.139966482297,13.6,1.3,NA,"AS",NA,NA,NA,NA
5528,"Site1","2024-08-03","Plot1","4","2024-08-02","J21","_0J0522","_0J0522",1,"2024-08-02","otoba glycycarpa",195.590000311204,407.660019038245,58.8,1.3,NA,"AS",NA,NA,NA,NA
3656,"Site1","2024-08-03","Plot1","4","2024-08-02","G14","_0G0324","_0G0324",1,"2024-08-02","hirtella hispidula",130.149968403566,264.110035834834,19,1.3,NA,"AS",NA,NA,NA,NA
9222,"Site1","2024-08-03","Plot1","4","2024-08-02","P24","_0P5397","_0P5397",1,"2024-08-02","guarea kunthiana",304.920038935263,474.200036618859,10.8,1.3,NA,"AS",NA,NA,NA,NA
1378,"Site1","2024-08-03","Plot1","4","2024-08-02","C13","_0C0264","_0C0264",1,"2024-08-02","iryanthera laevis",50.269999995653,256.820000000298,10.3769022895916,1.3,NA,"AS",NA,NA,NA,NA
929,"Site1","2024-08-03","Plot1","4","2024-08-02","B19","_0B0501","_0B0501",1,"2024-08-02","iryanthera laevis",36.0399999925285,365.980000000447,29.8892983126579,1.3,NA,"AS",NA,NA,NA,NA
1758,"Site1","2024-08-03","Plot1","4","2024-08-02","C22","_0C4666","_0C4666",1,"2024-08-02","ocotea sp.7",48.500022799999,431.940034786239,10.1222543806445,1.3,NA,"AS",NA,NA,NA,NA
14050,"Site1","2024-08-03","Plot1","4","2024-08-02","Y13","_0Y2269","_0Y2269",1,"2024-08-02","pseudolmedia laevis",486.960045954154,246.119998205453,10.9,1.3,NA,"AS",NA,NA,NA,NA
101,"Site1","2024-08-03","Plot1","4","2024-08-02","A6","_0A0150","_0A0150",1,"2024-08-02","inga stenoptera",8.70001757587306,112.490046823397,16.2974661726101,1.3,NA,"AS",NA,NA,NA,NA
4351,"Site1","2024-08-03","Plot1","4","2024-08-02","H21","_0H0459","_0H0459",1,"2024-08-02","iriartea deltoidea",148.760016211309,405.89995637536,26.5,2.1,NA,"AS",NA,NA,NA,NA
12965,"Site1","2024-08-03","Plot1","4","2024-08-02","X2","_0X0016","_0X0016",1,"2024-08-02","virola loretensis",461.589981609781,20.770041629672,11.3,1.3,NA,"AS",NA,NA,NA,NA
7595,"Site1","2024-08-03","Plot1","4","2024-08-02","N7","_0N0144","_0N0144",1,"2024-08-02","brosimum lactescens",264.129992849834,120.809961361811,21.4,1.3,NA,"AS",NA,NA,NA,NA
3291,"Site1","2024-08-03","Plot1","4","2024-08-02","F3","_0F1125","_0F1125",1,"2024-08-02","eschweilera coriacea",113.829967511992,54.0599739700556,11.7,1.3,NA,"AS",NA,NA,NA,NA
10011,"Site1","2024-08-03","Plot1","4","2024-08-02","R18","_0R0363","_0R0363",1,"2024-08-02","spondias globosa",346.189989974664,354.510024417192,55.2,1.3,NA,"AS",NA,NA,NA,NA
4785,"Site1","2024-08-03","Plot1","4","2024-08-02","I10","_0I0229","_0I0229",1,"2024-08-02","iryanthera macrophylla",160.95003298833,190.799990044907,12.6,1.3,NA,"AS",NA,NA,NA,NA
14057,"Site1","2024-08-03","Plot1","4","2024-08-02","Y14","_0Y2586","_0Y2586",1,"2024-08-02","siparuna decipiens",492.960034928867,263.489983839914,11.25,1.3,NA,"AS",NA,NA,NA,NA
8017,"Site1","2024-08-03","Plot1","4","2024-08-02","N20","_0N4063","_0N4063",1,"2024-08-02","virola elongata",270.280043321487,382.660043887794,14.8,1.3,NA,"AS",NA,NA,NA,NA
11383,"Site1","2024-08-03","Plot1","4","2024-08-02","U2","_0U0035","_0U0035",1,"2024-08-02","virola loretensis",408.489986913104,33.0299788080156,16.3,1.3,NA,"AS",NA,NA,NA,NA
10266,"Site1","2024-08-03","Plot1","4","2024-08-02","R16","_0R3179","_0R3179",1,"2024-08-02","theobroma obovatum",341.289973937033,306.14000669308,12.2,1.3,NA,"AS",NA,NA,NA,NA
13816,"Site1","2024-08-03","Plot1","4","2024-08-02","Y15","_0Y0386","_0Y0386",1,"2024-08-02","sloanea guianensis",499.819975659309,298.390013916418,27.9,2.2,NA,"AS",NA,NA,NA,NA
825,"Site1","2024-08-03","Plot1","4","2024-08-02","B12","_0B0339","_0B0339",1,"2024-08-02","iriartea deltoidea",39.3599999941071,232.339999999851,24.35070629306,3.15,NA,"AS",NA,NA,NA,NA
6528,"Site1","2024-08-03","Plot1","4","2024-08-02","L9","_0L0204","_0L0204",1,"2024-08-02","eschweilera rufifolia",230.189965472382,169.809980712831,18.8,1.3,NA,"AS",NA,NA,NA,NA
7417,"Site1","2024-08-03","Plot1","4","2024-08-02","M12","_0M2460","_0M2460",1,"2025-01-16","leptobalanus octandrus",241.72876003565,224.724480222911,13.3,1.3,NA,"AS",NA,NA,NA,NA
2843,"Site1","2024-08-03","Plot1","4","2024-08-02","E19","_0E3877","_0E3877",1,"2024-08-02","pseudolmedia laevis",89.5499632559367,367.74996910058,10.4,1.3,NA,"AS",NA,NA,NA,NA
8659,"Site1","2024-08-03","Plot1","4","2024-08-02","P1","_0P0003","_0P0003",1,"2024-08-02","eschweilera coriacea",303.710036044591,8.49002009816468,41,4,NA,"AS",NA,NA,NA,NA
13645,"Site1","2024-08-03","Plot1","4","2024-08-02","Y6","_0Y0132","_0Y0132",1,"2024-08-02","mollia gracilis",488.760021355411,105.330034093931,12.45,1.3,NA,"AS",NA,NA,NA,NA
14430,"Site1","2024-08-03","Plot1","4","2024-08-02","W18","_1W0351","_1W0351",1,"2024-08-02","endlicheria metallica",444.150027209078,345.91000922583,13,1.4,NA,"AS",NA,NA,NA,NA
9347,"Site1","2024-08-03","Plot1","4","2024-08-02","Q8","_0Q0166","_0Q0166",1,"2024-08-02","patinoa ichthyotoxica",325.720023001602,158.599960312247,18,1.3,NA,"AS",NA,NA,NA,NA
6001,"Site1","2024-08-03","Plot1","4","2024-08-02","K13","_0K0306","_0K0306",1,"2024-08-02","theobroma glaucum",218.849952798744,241.999994978309,13.7,1.3,NA,"AS",NA,NA,NA,NA
13762,"Site1","2024-08-03","Plot1","4","2024-08-02","Y12","_0Y0301","_0Y0301",1,"2024-08-02","astrocaryum ferrugineum",481.609965506359,236.559976391494,14.5,1.3,NA,"AS",NA,NA,NA,NA
13525,"Site1","2024-08-03","Plot1","4","2024-08-02","X1","_0X4608","_0X4608",1,"2024-08-02","theobroma microcarpum",469.750042939966,16.0900046881288,26.4,1.3,NA,"AS",NA,NA,NA,NA
13642,"Site1","2024-08-03","Plot1","4","2024-08-02","Y6","_0Y0129","_0Y0129",1,"2024-08-02","chimarrhis glabriflora",485.260035701969,105.210049338639,19.62,1.3,NA,"AS",NA,NA,NA,NA
1697,"Site1","2024-08-03","Plot1","4","2024-08-02","C14","_0C3316","_0C3316",1,"2024-08-02","otoba parvifolia",58.2900061922846,273.879973370582,10.5360572326835,1.3,NA,"AS",NA,NA,NA,NA
2990,"Site1","2024-08-03","Plot1","4","2024-08-02","F8","_0F0171","_0F0171",1,"2024-08-02","iryanthera hostmannii",108.594894220412,155.382706223056,11.4,1.3,NA,"AS",NA,NA,NA,NA
11885,"Site1","2024-08-03","Plot1","4","2024-08-02","U23","_0U4051","_0U4051",1,"2024-08-02","otoba glycycarpa",411.279981046275,458.580033589154,16.2,1.3,NA,"AS",NA,NA,NA,NA
1479,"Site1","2024-08-03","Plot1","4","2024-08-02","C18","_0C0393","_0C0393",1,"2024-08-02","theobroma obovatum",51.0399999907822,350.279999999329,17.7935226376739,1.9,NA,"AS",NA,NA,NA,NA
7912,"Site1","2024-08-03","Plot1","4","2024-08-02","N25","_0N0567","_0N0567",1,"2024-08-02","tachigali poeppigiana",270.700033836591,483.52004497312,32.8,1.9,NA,"AS",NA,NA,NA,NA
4132,"Site1","2024-08-03","Plot1","4","2024-08-02","H8","_0H0151","_0H0151",1,"2024-08-02","dendrobangia multinervia",142.119974135654,149.17999489978,11.8,1.3,NA,"AS",NA,NA,NA,NA
10766,"Site1","2024-08-03","Plot1","4","2024-08-02","S12","_0S2466","_0S2466",1,"2024-08-02","eschweilera coriacea",369.360003088892,227.639985302463,10.2,1.3,NA,"AS",NA,NA,NA,NA
10821,"Site1","2024-08-03","Plot1","4","2024-08-02","S20","_0S3452","_0S3452",1,"2024-08-02","eschweilera coriacea",360.150007211196,395.53997829929,11.5,1.3,NA,"AS",NA,NA,NA,NA
3769,"Site1","2024-08-03","Plot1","4","2024-08-02","G21","_0G0477","_0G0477",1,"2024-08-02","pseudolmedia laevis",137.75002432667,418.720011122525,34.3,1.3,NA,"AS",NA,NA,NA,NA
6740,"Site1","2024-08-03","Plot1","4","2024-08-02","L24","_0L0541","_0L0541",1,"2024-08-02","bauhinia brachycalyx",232.030043685052,477.209994558245,23.9,1.3,NA,"AS",NA,NA,NA,NA
11507,"Site1","2024-08-03","Plot1","4","2024-08-02","U11","_0U0241","_0U0241",1,"2024-08-02","socratea exorrhiza",413.30004346749,217.500017525628,17.9,3.8,NA,"AS",NA,NA,NA,NA
1239,"Site1","2024-08-03","Plot1","4","2024-08-02","C3","_0C0070","_0C0070",1,"2024-08-02","sterculia tessmannii",52.1099999953876,48.019999999553,13.2416912652457,1.3,NA,"AS",NA,NA,NA,NA
13614,"Site1","2024-08-03","Plot1","4","2024-08-02","Y4","_0Y0091","_0Y0091",1,"2024-08-02","pseudolmedia laevigata",494.920035493153,65.9600027929991,43.89,1.3,NA,"AS",NA,NA,NA,NA
7955,"Site1","2024-08-03","Plot1","4","2024-08-02","N7","_0N1715","_0N1715",1,"2024-08-02","cedrela odorata",265.60002014885,139.110004873946,21.9,1.3,NA,"ABS",NA,NA,NA,NA
4783,"Site1","2024-08-03","Plot1","4","2024-08-02","I10","_0I0226","_0I0226",1,"2024-08-02","otoba parvifolia",169.830036692845,188.769972134382,14.1,1.3,NA,"AS",NA,NA,NA,NA
8441,"Site1","2024-08-03","Plot1","4","2024-08-02","O24","_0O0581","_0O0581",1,"2024-08-02","iryanthera lancifolia",281.138105750491,476.447565784678,15.1,1.3,NA,"AS",NA,NA,NA,NA
11715,"Site1","2024-08-03","Plot1","4","2024-08-02","U25","_0U0559","_0U0559",1,"2024-08-02","casearia ulmifolia",400.180048151582,484.269986683503,22.6,1.3,NA,"AS",NA,NA,NA,NA
6082,"Site1","2024-08-03","Plot1","4","2024-08-02","K19","_0K0428","_0K0428",1,"2024-08-02","sapium marmieri",218.57996447786,377.949979133904,47.3,1.3,NA,"AS",NA,NA,NA,NA
7270,"Site1","2024-08-03","Plot1","4","2024-08-02","M21","_0M0472","_0M0472",1,"2024-08-02","pouteria glomerata",257.759963027842,402.120008416474,18.4,1.3,NA,"AS",NA,NA,NA,NA
7102,"Site1","2024-08-03","Plot1","4","2024-08-02","M11","_0M0226","_0M0226",1,"2024-08-02","astrocaryum ferrugineum",241.080046739022,203.74000270851,13.9,1.3,NA,"AS",NA,NA,NA,NA
6759,"Site1","2024-08-03","Plot1","4","2024-08-02","L25","_0L0569","_0L0569",1,"2024-08-02","richeria sp.1",228.000028390263,494.070035498589,27.5,1.3,NA,"AS",NA,NA,NA,NA
14187,"Site1","2024-08-03","Plot1","4","2024-08-02","D18","_1D0720","_1D0720",1,"2024-08-02","cordia chamissoniana",79.069982042769,348.390037892386,10.5,1.3,NA,"AS",NA,NA,NA,NA
8557,"Site1","2024-08-03","Plot1","4","2024-08-02","O9","_0O2142","_0O2142",1,"2024-08-02","symphonia globulifera",294.4000161562,172.740042645484,15.6,1.3,NA,"AS",NA,NA,NA,NA
14640,"Site1","2024-08-03","Plot1","4","2024-08-02","P9","_2P0229","_2P0229",1,"2024-08-02",NA,319.530254456913,179.845333278179,26.1,1.3,NA,"AS",NA,NA,NA,NA
11306,"Site1","2024-08-03","Plot1","4","2024-08-02","T14","_0T2733","_0T2733",1,"2024-08-02","myrcia sp.1",394.439980678202,264.149958020076,12.5,1.3,NA,"AS",NA,NA,NA,NA
13980,"Site1","2024-08-03","Plot1","4","2024-08-02","Y25","_0Y0606","_0Y0606",1,"2024-08-02","garcinia sp.1",486.389996354526,496.939973369241,27.35,1.3,NA,"AS",NA,NA,NA,NA
14023,"Site1","2024-08-03","Plot1","4","2024-08-02","Y9","_0Y1782","_0Y1782",1,"2024-08-02","iryanthera macrophylla",491.109957028064,172.299988316372,11.9,1.3,NA,"AS",NA,NA,NA,NA
9273,"Site1","2024-08-03","Plot1","4","2024-08-02","Q2","_0Q0045","_0Q0045",1,"2024-08-02","astrocaryum ferrugineum",332.463105854345,20.2147304993123,10.5,1.3,NA,"AS",NA,NA,NA,NA
12788,"Site1","2024-08-03","Plot1","4","2024-08-02","W24","_0W0585","_0W0585",1,"2024-08-02","virola pavonis",457.422051532078,464.849615016952,40.3,1.3,NA,"AS",NA,NA,NA,NA
1458,"Site1","2024-08-03","Plot1","4","2024-08-02","C17","_0C0369","_0C0369",1,"2024-08-02","iriartea deltoidea",47.5199749316671,339.519981367514,27.8,2.05,NA,"AS",NA,NA,NA,NA
3690,"Site1","2024-08-03","Plot1","4","2024-08-02","G17","_0G0378","_0G0378",1,"2024-08-02","chrysophyllum superbum",120.460027697554,331.260024145246,42.6,1.3,NA,"AS",NA,NA,NA,NA
10664,"Site1","2024-08-03","Plot1","4","2024-08-02","S25","_0S0551","_0S0551",1,"2024-08-02","eschweilera coriacea",377.920042885642,481.139990713447,39.4,2.4,NA,"AS",NA,NA,NA,NA
7575,"Site1","2024-08-03","Plot1","4","2024-08-02","N5","_0N0115","_0N0115",1,"2024-08-02","vochysia lomatophylla",270.349970750802,95.4399926029146,54.7,1.3,NA,"AS",NA,NA,NA,NA
9408,"Site1","2024-08-03","Plot1","4","2024-08-02","Q12","_0Q0254","_0Q0254",1,"2024-08-02","xylopia calophylla",326.919952629367,232.450038129464,19,1.3,NA,"AS",NA,NA,NA,NA
8333,"Site1","2024-08-03","Plot1","4","2024-08-02","O18","_0O0423","_0O0423",1,"2024-08-02","pachira insignis",286.889982889174,346.4100215137,64.2,3.6,NA,"AS",NA,NA,NA,NA
360,"Site1","2024-08-03","Plot1","4","2024-08-02","A23","_0A0527","_0A0527",1,"2024-08-02","parkia multijuga",18.6799643426784,451.230002546683,88.9,3.78,NA,"AS",NA,NA,NA,NA
6772,"Site1","2024-08-03","Plot1","4","2024-08-02","L13","_0L0588","_0L0588",1,"2024-08-02","neea ovalifolia",225.430006280134,246.809977635741,12.1,1.3,NA,"AS",NA,NA,NA,NA
3749,"Site1","2024-08-03","Plot1","4","2024-08-02","G20","_0G0451","_0G0451",1,"2024-08-02","pseudolmedia laevis",133.880015970499,390.849999370053,35,1.3,NA,"AS",NA,NA,NA,NA
1361,"Site1","2024-08-03","Plot1","4","2024-08-02","C12","_0C0236","_0C0236",1,"2024-08-02","virola sebifera",51.2799999956624,234.779999999329,33.4543690379164,1.3,NA,"AS",NA,NA,NA,NA
5769,"Site1","2024-08-03","Plot1","4","2024-08-02","J24","_0J5100","_0J5100",1,"2024-08-02","eugenia schunkei",199.370037929097,474.639983488247,11.6,1.3,NA,"AS",NA,NA,NA,NA
424,"Site1","2024-08-03","Plot1","4","2024-08-02","A3","_0A1031","_0A1031",1,"2024-08-02","casearia sylvestris",17.740037688578,50.2000192198902,10.7270431643937,1.3,NA,"AS",NA,NA,NA,NA
5523,"Site1","2024-08-03","Plot1","4","2024-08-02","J21","_0J0516","_0J0516",1,"2024-08-02","pouteria multiflora",196.600826273614,413.235913421959,13,1.3,NA,"AS",NA,NA,NA,NA
14839,"Site1","2024-08-03","Plot1","4","2024-08-02","X11","_2X0445","_2X0445",1,"2024-08-02",NA,469.530320462945,205.612069834024,17.4,3.6,NA,"AS",NA,NA,NA,NA
353,"Site1","2024-08-03","Plot1","4","2024-08-02","A22","_0A0509","_0A0509",1,"2024-08-02","guarea trunciflora",16.0100173138198,432.970039397478,47,3.8,NA,"AS",NA,NA,NA,NA
1420,"Site1","2024-08-03","Plot1","4","2024-08-02","C15","_0C0319","_0C0319",1,"2024-08-02","otoba glycycarpa",53.2400103606051,280.919992670417,70.8,3.6,NA,"AS",NA,NA,NA,NA
11777,"Site1","2024-08-03","Plot1","4","2024-08-02","U5","_0U1430","_0U1430",1,"2024-08-02","aniba taubertiana",407.370038948953,95.8999956231564,13.3,1.3,NA,"AS",NA,NA,NA,NA
13523,"Site1","2024-08-03","Plot1","4","2024-08-02","X1","_0X4601","_0X4601",1,"2024-08-02","euterpe precatoria",467.339953394781,16.2700061071664,52.1,1.3,NA,"AS",NA,NA,NA,NA
1133,"Site1","2024-08-03","Plot1","4","2024-08-02","B17","_0B4027","_0B4027",1,"2024-08-02","hymenopus arachnoideus",37.9699535252876,329.509970946237,15.4061984912955,1.3,NA,"AS",NA,NA,NA,NA
13704,"Site1","2024-08-03","Plot1","4","2024-08-02","Y8","_0Y0210","_0Y0210",1,"2024-08-02","osteophloeum platyspermum",489.799969909654,153.889991566539,45.78,1.3,NA,"AS",NA,NA,NA,NA
4133,"Site1","2024-08-03","Plot1","4","2024-08-02","H8","_0H0152","_0H0152",1,"2024-08-02","protium subserratum",144.810032140405,149.189990270883,16.4,1.3,NA,"AS",NA,NA,NA,NA
2455,"Site1","2024-08-03","Plot1","4","2024-08-02","E8","_0E0169","_0E0169",1,"2024-08-02","sloanea durissima",91.050035555556,150.439968079329,12.1,1.3,NA,"AS",NA,NA,NA,NA
13375,"Site1","2024-08-03","Plot1","4","2024-08-02","X25","_0X0615","_0X0615",1,"2024-08-02","iryanthera hostmannii",479.059962839179,485.460030801594,19.5,1.3,NA,"AS",NA,NA,NA,NA
795,"Site1","2024-08-03","Plot1","4","2024-08-02","B11","_0B0296","_0B0296",1,"2024-08-02","erisma laurifolium",21.269999988901,202.480000000447,40.1707076363944,3.73,NA,"AS",NA,NA,NA,NA
5023,"Site1","2024-08-03","Plot1","4","2024-08-02","I23","_0I0563","_0I0563",1,"2024-08-02","plinia duplipilosa",178.399983609852,442.479982491583,10.7,1.3,NA,"AS",NA,NA,NA,NA
12365,"Site1","2024-08-03","Plot1","4","2024-08-02","V17","_0V3084","_0V3084",1,"2024-08-02","eugenia sp.7",433.879979923193,330.239962888882,11.3,1.3,NA,"AS",NA,NA,NA,NA
13827,"Site1","2024-08-03","Plot1","4","2024-08-02","Y16","_0Y0399","_0Y0399",1,"2024-08-02","brosimum acutifolium",486.010034239094,308.349999114871,43.5,2.66,NA,"AS",NA,NA,NA,NA
12910,"Site1","2024-08-03","Plot1","4","2024-08-02","W21","_0W3665","_0W3665",1,"2024-08-02","theobroma obovatum",459.670018211007,413.78003142029,11.3,1.3,NA,"AS",NA,NA,NA,NA
9270,"Site1","2024-08-03","Plot1","4","2024-08-02","Q2","_0Q0041","_0Q0041",1,"2024-08-02","sterculia apeibophylla",333.100872033858,34.0429202243686,59.6,1.3,NA,"AS",NA,NA,NA,NA
10292,"Site1","2024-08-03","Plot1","4","2024-08-02","R20","_0R3773","_0R3773",1,"2024-08-02","hieronyma alchorneoides",342.18998084811,381.610046489164,22.6,1.3,NA,"AS",NA,NA,NA,NA
14026,"Site1","2024-08-03","Plot1","4","2024-08-02","Y9","_0Y1799","_0Y1799",1,"2024-08-02","trichilia micrantha",494.38004110608,179.329998817295,10.56,1.3,NA,"AS",NA,NA,NA,NA
14781,"Site1","2024-08-03","Plot1","4","2024-08-02","U15","_2U0751","_2U0751",1,"2024-08-02",NA,413.611161029956,290.795436911285,21.7,1.3,NA,"AS",NA,NA,NA,"no hay informacion para verificar"
9451,"Site1","2024-08-03","Plot1","4","2024-08-02","Q15","_0Q0311","_0Q0311",1,"2024-08-02","aspidosperma excelsum",337.510043136659,291.520018044859,38.2,1.3,NA,"AS",NA,NA,NA,NA
3534,"Site1","2024-08-03","Plot1","4","2024-08-02","G7","_0G0145","_0G0145",1,"2024-08-02","phragmotheca mammosa",135.239989140129,132.64995476231,11.8,1.3,NA,"AS",NA,NA,NA,NA
13442,"Site1","2024-08-03","Plot1","4","2024-08-02","X15","_0X2810","_0X2810",1,"2024-08-02","pourouma guianensis",470.429999708023,298.58997024782,16.9,1.3,NA,"AS",NA,NA,NA,NA
1678,"Site1","2024-08-03","Plot1","4","2024-08-02","C11","_0C2754","_0C2754",1,"2024-08-02","chrysochlamys weberbaueri",54.169999996142,208.709999999031,10.1540853692629,1.3,NA,"AS",NA,NA,NA,NA
11192,"Site1","2024-08-03","Plot1","4","2024-08-02","T25","_0T0566","_0T0566",1,"2024-08-02","anaueria brasiliensis",394.050047994882,483.249983534217,15.8,1.3,NA,"AS",NA,NA,NA,NA
7646,"Site1","2024-08-03","Plot1","4","2024-08-02","N10","_0N0209","_0N0209",1,"2024-08-02","tetragastris panamensis",268.320008651644,194.879957228899,39.3,2.15,NA,"AS",NA,NA,NA,NA
13002,"Site1","2024-08-03","Plot1","4","2024-08-02","X4","_0X0067","_0X0067",1,"2024-08-02","casearia ulmifolia",462.399977433379,75.9099782593548,19.7,1.3,NA,"AS",NA,NA,NA,NA
4546,"Site1","2024-08-03","Plot1","4","2024-08-02","H13","_0H3043","_0H3043",1,"2024-08-02","dialium guianense",154.690034521453,255.439983488992,11.4,1.3,NA,"AS",NA,NA,NA,NA
2229,"Site1","2024-08-03","Plot1","4","2024-08-02","D10","_0D2474","_0D2474",1,"2024-08-02","miconia napoana",70.8899554683012,188.259982533753,14.1966209237971,1.3,NA,"AS",NA,NA,NA,NA
746,"Site1","2024-08-03","Plot1","4","2024-08-02","B7","_0B0218","_0B0218",1,"2024-08-02","otoba parvifolia",30.5399999974179,127.480000000447,13.7509870831398,1.3,NA,"AS",NA,NA,NA,NA
14752,"Site1","2024-08-03","Plot1","4","2024-08-02","T18","_2T0978","_2T0978",1,"2024-08-02",NA,383.595372685872,352.799165440723,20.7,1.3,NA,"AS",NA,NA,NA,NA
7491,"Site1","2024-08-03","Plot1","4","2024-08-02","M25","_0M5077","_0M5077",1,"2024-08-02",NA,257.492215060047,496.819817123935,13,1.3,NA,"AS",NA,NA,NA,NA
312,"Site1","2024-08-03","Plot1","4","2024-08-02","A20","_0A0450","_0A0450",1,"2024-08-02","couepia macrophylla",4.72004720492987,398.459963601083,12.6687334701149,1.3,NA,"AS",NA,NA,NA,NA
13908,"Site1","2024-08-03","Plot1","4","2024-08-02","Y20","_0Y0492","_0Y0492",1,"2024-08-02","socratea exorrhiza",483.519958844699,391.020042235032,15.7,3.43,NA,"AS",NA,NA,NA,NA
7580,"Site1","2024-08-03","Plot1","4","2024-08-02","N6","_0N0122","_0N0122",1,"2024-08-02","taralea oppositifolia",263.760031117767,104.650020934641,93.45,5.3,NA,"AS",NA,NA,NA,NA
13890,"Site1","2024-08-03","Plot1","4","2024-08-02","Y19","_0Y0470","_0Y0470",1,"2024-08-02","angostura simplex",488.680004915979,377.680044934154,11.7,1.3,NA,"AS",NA,NA,NA,NA
6620,"Site1","2024-08-03","Plot1","4","2024-08-02","L16","_0L0349","_0L0349",1,"2024-08-02","euterpe precatoria",225.250041019928,318.95002803579,17.2,1.3,NA,"AS",NA,NA,NA,NA
4288,"Site1","2024-08-03","Plot1","4","2024-08-02","H16","_0H0361","_0H0361",1,"2024-08-02","perebea xanthochyma",155.953182959172,302.527967557311,22.9,1.3,NA,"AS",NA,NA,NA,NA
14543,"Site1","2024-08-03","Plot1","4","2024-08-02","I17","_2I0666","_2I0666",1,"2024-08-02",NA,178.020480369567,331.102208413184,15.2,1.3,NA,"AS",NA,NA,NA,NA
14626,"Site1","2024-08-03","Plot1","4","2024-08-02","O3","_2O0078","_2O0078",1,"2024-08-02",NA,282.697482592834,51.4704704638571,29.1,1.3,NA,"AS",NA,NA,NA,NA
13273,"Site1","2024-08-03","Plot1","4","2024-08-02","X19","_0X0440","_0X0440",1,"2024-08-02","brosimum guianense",467.989956338832,374.470011940226,25.9,1.3,NA,"AS",NA,NA,NA,NA
10131,"Site1","2024-08-03","Plot1","4","2024-08-02","R15","_0R0528","_0R0528",1,"2024-08-02","aspidosperma rigidum",353.480035655724,282.029981011525,46.05,4.4,NA,"AS",NA,NA,NA,NA
11282,"Site1","2024-08-03","Plot1","4","2024-08-02","T11","_0T2116","_0T2116",1,"2024-08-02","mollia gracilis",384.409972486319,213.98004675284,11.5,1.3,NA,"AS",NA,NA,NA,NA
2998,"Site1","2024-08-03","Plot1","4","2024-08-02","F8","_0F0183","_0F0183",1,"2024-08-02","inga acreana",116.14999107836,142.50004671514,62.7,1.3,NA,"AS",NA,NA,NA,NA
3026,"Site1","2024-08-03","Plot1","4","2024-08-02","F10","_0F0232","_0F0232",1,"2024-08-02","astrocaryum ferrugineum",117.700043582416,185.500015763566,15,1.3,NA,"AS",NA,NA,NA,NA
1417,"Site1","2024-08-03","Plot1","4","2024-08-02","C15","_0C0315","_0C0315",1,"2024-08-02","eschweilera gigantea",57.8499999887426,299.209999999031,28.1067629500287,1.3,NA,"AS",NA,NA,NA,NA
4221,"Site1","2024-08-03","Plot1","4","2024-08-02","H13","_0H0273","_0H0273",1,"2024-08-02","neea spruceana",145.689983650169,241.379968881607,24,1.3,NA,"AS",NA,NA,NA,NA
5448,"Site1","2024-08-03","Plot1","4","2024-08-02","J15","_0J0388","_0J0388",1,"2024-08-02","virola pavonis",191.529959548905,282.470007037744,13.2,1.3,NA,"AS",NA,NA,NA,NA
9257,"Site1","2024-08-03","Plot1","4","2024-08-02","Q2","_0Q0026","_0Q0026",1,"2024-08-02","tetragastris panamensis",322.509952406748,21.3599981386214,15.2,1.3,NA,"AS",NA,NA,NA,NA
3848,"Site1","2024-08-03","Plot1","4","2024-08-02","G1","_0G0760","_0G0760",1,"2024-08-02","warszewiczia coccinea",134.429987584183,13.1799524836242,10.1,1.3,NA,"AS",NA,NA,NA,NA
13027,"Site1","2024-08-03","Plot1","4","2024-08-02","X5","_0X0098","_0X0098",1,"2024-08-02","protium opacum",474.290027732088,85.9600096587092,16,1.3,NA,"AS",NA,NA,NA,NA
12680,"Site1","2024-08-03","Plot1","4","2024-08-02","W16","_0W0393","_0W0393",1,"2024-08-02","eschweilera bracteosa",455.719997683249,304.240043625236,14.5,1.3,NA,"AS",NA,NA,NA,NA
11082,"Site1","2024-08-03","Plot1","4","2024-08-02","T19","_0T0426","_0T0426",1,"2024-08-02","pouteria torta",396.999984653143,378.999977327883,33.8,1.3,NA,"AS",NA,NA,NA,NA
11170,"Site1","2024-08-03","Plot1","4","2024-08-02","T24","_0T0539","_0T0539",1,"2024-08-02","theobroma subincanum",391.240007516986,477.830017024651,20.9,1.3,NA,"AS",NA,NA,NA,NA
8395,"Site1","2024-08-03","Plot1","4","2024-08-02","O21","_0O0513","_0O0513",1,"2024-08-02","conceveiba guianensis",298.490021743404,405.269979901612,20.8,2.25,NA,"AS",NA,NA,NA,NA
12394,"Site1","2024-08-03","Plot1","4","2024-08-02","V24","_0V3750","_0V3750",1,"2024-08-02","tachigali formicarum",427.980002538941,477.339959785342,13,1.3,NA,"AS",NA,NA,NA,NA
1200,"Site1","2024-08-03","Plot1","4","2024-08-02","C1","_0C0007","_0C0007",1,"2024-08-02","casearia sylvestris",43.2499999886495,15.4399999994785,21.8042272035897,1.3,NA,"AS",NA,NA,NA,NA
10900,"Site1","2024-08-03","Plot1","4","2024-08-02","T3","_0T0066","_0T0066",1,"2024-08-02","eschweilera itayensis",398.249968687247,40.2599825952202,30,1.7,NA,"AS",NA,NA,NA,NA
1986,"Site1","2024-08-03","Plot1","4","2024-08-02","D13","_0D0278","_0D0278",1,"2024-08-02","otoba glycycarpa",67.5299621793092,259.430018972605,40.393524556723,1.3,NA,"AS",NA,NA,NA,NA
11487,"Site1","2024-08-03","Plot1","4","2024-08-02","U10","_0U0209","_0U0209",1,"2024-08-02","brosimum guianense",409.129976908735,192.84001494199,33.5,1.3,NA,"AS",NA,NA,NA,NA
5721,"Site1","2024-08-03","Plot1","4","2024-08-02","J17","_0J3634","_0J3634",1,"2024-08-02","scleronema micranthum",199.220012403151,338.949972268194,16.1,1.3,NA,"AS",NA,NA,NA,NA
9930,"Site1","2024-08-03","Plot1","4","2024-08-02","R9","_0R0191","_0R0191",1,"2024-08-02","conceveiba guianensis",353.73995211377,178.910042302683,17.9,1.3,NA,"AS",NA,NA,NA,NA
10870,"Site1","2024-08-03","Plot1","4","2024-08-02","T1","_0T0017","_0T0017",1,"2024-08-02","astrocaryum ferrugineum",385.750026918773,13.159950600937,15.35,1.3,NA,"AS",NA,NA,NA,NA
4462,"Site1","2024-08-03","Plot1","4","2024-08-02","H1","_0H0737","_0H0737",1,"2024-08-02","miconia napoana",142.760015242675,16.3500191066414,11.7,1.3,NA,"AS",NA,NA,NA,NA
11379,"Site1","2024-08-03","Plot1","4","2024-08-02","U2","_0U0027","_0U0027",1,"2024-08-02","euterpe precatoria",405.290043333953,26.5499819256365,16.7,1.3,NA,"AS",NA,NA,NA,NA
8224,"Site1","2024-08-03","Plot1","4","2024-08-02","O11","_0O0256","_0O0256",1,"2024-08-02","carapa guianensis",287.479961417441,213.98003539443,17.2,1.3,NA,"AS",NA,NA,NA,NA
8804,"Site1","2024-08-03","Plot1","4","2024-08-02","P10","_0P0229","_0P0229",1,"2024-08-02","aptandra tubicina",315.810003568127,187.329982914031,47.7,2.8,NA,"AS",NA,NA,NA,NA
4656,"Site1","2024-08-03","Plot1","4","2024-08-02","I2","_0I0034","_0I0034",1,"2024-08-02","euterpe precatoria",169.429958304099,24.2899600304663,18.6,1.3,NA,"AS",NA,NA,NA,NA
14455,"Site1","2024-08-03","Plot1","4","2024-08-02","Y11","_1Y0138","_1Y0138",1,"2024-08-02","unidentified",483.380027319945,200.509959381074,38.5,3.36,NA,"AS",NA,NA,NA,NA
9561,"Site1","2024-08-03","Plot1","4","2024-08-02","Q22","_0Q0480","_0Q0480",1,"2024-08-02","inga sp.2",334.730024499295,421.970018494874,38.8,1.3,NA,"AS",NA,NA,NA,NA
10251,"Site1","2024-08-03","Plot1","4","2024-08-02","R14","_0R2891","_0R2891",1,"2024-08-02","socratea exorrhiza",352.770027363673,272.009983023629,16.6,2.7,NA,"AS",NA,NA,NA,NA
3818,"Site1","2024-08-03","Plot1","4","2024-08-02","G25","_0G0555","_0G0555",1,"2024-08-02","guatteria ramiflora",123.259988257254,497.220013218,42.3,2,NA,"AS",NA,NA,NA,NA
10466,"Site1","2024-08-03","Plot1","4","2024-08-02","S9","_0S0200","_0S0200",1,"2024-08-02","xylopia sp.1",366.220034456637,160.77999414131,19.2,1.9,NA,"AS",NA,NA,NA,NA
19,"Site1","2024-08-03","Plot1","4","2024-08-02","A1","_0A0027","_0A0027",1,"2024-08-02","iriartea deltoidea",12.0200299581629,7.97001593187451,26.8971853825303,2.44,NA,"AS",NA,NA,NA,NA
12351,"Site1","2024-08-03","Plot1","4","2024-08-02","V16","_0V2881","_0V2881",1,"2024-08-02","anaueria brasiliensis",429.640049674024,301.839980561286,12.1,1.3,NA,"AS",NA,NA,NA,NA
7127,"Site1","2024-08-03","Plot1","4","2024-08-02","M12","_0M0266","_0M0266",1,"2024-08-02","iriartea deltoidea",251.790041344357,228.980046557263,28.2,1.3,NA,"AS",NA,NA,NA,NA
7542,"Site1","2024-08-03","Plot1","4","2024-08-02","N3","_0N0065","_0N0065",1,"2024-08-02","naucleopsis ulei",276.6500209269,57.1100139208138,14.2,1.3,NA,"AS",NA,NA,NA,NA
1844,"Site1","2024-08-03","Plot1","4","2024-08-02","D4","_0D0079","_0D0079",1,"2024-08-02","eschweilera bracteosa",60.9799999908428,65.0600000005215,23.1411287255616,1.3,NA,"AS",NA,NA,NA,NA
10367,"Site1","2024-08-03","Plot1","4","2024-08-02","S2","_0S0047","_0S0047",1,"2024-08-02","apeiba membranacea",375.819973165344,39.1699915733188,51.6,1.3,NA,"AS",NA,NA,NA,NA
1851,"Site1","2024-08-03","Plot1","4","2024-08-02","D4","_0D0089","_0D0089",1,"2024-08-02","pouteria sp.6",74.8399999946123,71.3100000005215,19.5123960230664,1.3,NA,"AS",NA,NA,NA,NA
13547,"Site1","2024-08-03","Plot1","4","2024-08-02","X23","_0X4995","_0X4995",1,"2024-08-02",NA,467.64844242984,453.113435335457,14.9,1.3,NA,"AS",NA,NA,NA,NA
298,"Site1","2024-08-03","Plot1","4","2024-08-02","A19","_0A0432","_0A0432",1,"2024-08-02","iryanthera laevis",13.3800276948023,376.440025217831,22.4408469759572,1.3,NA,"AS",NA,NA,NA,NA
7872,"Site1","2024-08-03","Plot1","4","2024-08-02","N23","_0N0510","_0N0510",1,"2024-08-02","pouteria williamii",272.01002023113,448.770032841712,11.9,1.3,NA,"AS",NA,NA,NA,NA
2949,"Site1","2024-08-03","Plot1","4","2024-08-02","F5","_0F0109","_0F0109",1,"2024-08-02","theobroma obovatum",104.510039259039,91.7199682537466,12.1,1.3,NA,"AS",NA,NA,NA,NA
11373,"Site1","2024-08-03","Plot1","4","2024-08-02","U1","_0U0011","_0U0011",1,"2024-08-02","guarea gomma",406.310048984305,18.7199865560979,12.9,1.3,NA,"AS",NA,NA,NA,NA
8149,"Site1","2024-08-03","Plot1","4","2024-08-02","O6","_0O0141","_0O0141",1,"2024-08-02","eschweilera itayensis",293.059962296451,119.220025518909,21.2,1.3,NA,"AS",NA,NA,NA,NA
9642,"Site1","2024-08-03","Plot1","4","2024-08-02","Q3","_0Q1188","_0Q1188",1,"2024-08-02","minquartia guianensis",323.164061041083,51.4542270600796,10.9,1.3,NA,"AS",NA,NA,NA,NA
4538,"Site1","2024-08-03","Plot1","4","2024-08-02","H13","_0H2950","_0H2950",1,"2024-08-02","tapirira retusa",145.759984443954,249.829974750057,24.8,1.3,NA,"AS",NA,NA,NA,NA
6711,"Site1","2024-08-03","Plot1","4","2024-08-02","L23","_0L0500","_0L0500",1,"2024-08-02","aspidosperma rigidum",226.960024117841,440.969960929826,54.5,1.3,NA,"AS",NA,NA,NA,NA
12771,"Site1","2024-08-03","Plot1","4","2024-08-02","W22","_0W0547","_0W0547",1,"2024-08-02","aptandra tubicina",455.840025383688,420.589965615422,31.5,1.3,NA,"AS",NA,NA,NA,NA
4206,"Site1","2024-08-03","Plot1","4","2024-08-02","H12","_0H0253","_0H0253",1,"2024-08-02","prunus rotunda",144.180044467037,239.469968501478,30.3,1.3,NA,"AS",NA,NA,NA,NA
9674,"Site1","2024-08-03","Plot1","4","2024-08-02","Q7","_0Q1911","_0Q1911",1,"2024-08-02","carapa guianensis",326.969161285262,135.418358968571,11.9,1.3,NA,"AS",NA,NA,NA,NA
14261,"Site1","2024-08-03","Plot1","4","2024-08-02","J7","_1J0250","_1J0250",1,"2024-08-02","siparuna cuspidata",197.150024192757,120.36996012181,12.3,1.3,NA,"AS",NA,NA,NA,NA
5212,"Site1","2024-08-03","Plot1","4","2024-08-02","J1","_0J0010","_0J0010",1,"2024-08-02","eschweilera coriacea",189.449984364619,8.77003523521125,30.3,1.45,NA,"AS",NA,NA,NA,NA
12438,"Site1","2024-08-03","Plot1","4","2024-08-02","W2","_0W0040","_0W0040",1,"2024-08-02","duguetia spixiana",457.519991943904,23.2700224053115,20,1.3,NA,"AS",NA,NA,NA,NA
1274,"Site1","2024-08-03","Plot1","4","2024-08-02","C5","_0C0117","_0C0117",1,"2024-08-02","aspidosperma excelsum",54.869999989809,82.7599999997765,28.2659178931206,1.3,NA,"AS",NA,NA,NA,NA
9285,"Site1","2024-08-03","Plot1","4","2024-08-02","Q3","_0Q0069","_0Q0069",1,"2024-08-02","trichilia pallida",335.139994995843,56.199965544045,12.4,1.3,NA,"AS",NA,NA,NA,NA
216,"Site1","2024-08-03","Plot1","4","2024-08-02","A14","_0A0324","_0A0324",1,"2024-08-02","guatteria sp.2",10.759985611483,279.200026245788,11.7456348001819,1.3,NA,"AS",NA,NA,NA,NA
716,"Site1","2024-08-03","Plot1","4","2024-08-02","B6","_0B0181","_0B0181",1,"2024-08-02","eschweilera coriacea",39.2499999943539,114.820000000298,31.1943688460115,1.3,NA,"AS",NA,NA,NA,NA
11663,"Site1","2024-08-03","Plot1","4","2024-08-02","U22","_0U0498","_0U0498",1,"2024-08-02","neea ovalifolia",413.500015911646,421.830042311922,15.4,1.3,NA,"AS",NA,NA,NA,NA
7450,"Site1","2024-08-03","Plot1","4","2024-08-02","M18","_0M3769","_0M3769",1,"2024-08-02","virola duckei",255.519992482557,343.229964079335,10.3,1.3,NA,"AS",NA,NA,NA,NA
2406,"Site1","2024-08-03","Plot1","4","2024-08-02","E4","_0E0087","_0E0087",1,"2024-08-02","astrocaryum ferrugineum",90.220046975126,78.3499583154917,14.5,1.3,NA,"AS",NA,NA,NA,NA
2977,"Site1","2024-08-03","Plot1","4","2024-08-02","F7","_0F0146","_0F0146",1,"2024-08-02","dendropanax cuneatus",107.209855490248,121.4883341901,24.1,1.3,NA,"AS",NA,NA,NA,NA
1372,"Site1","2024-08-03","Plot1","4","2024-08-02","C13","_0C0255","_0C0255",1,"2024-08-02","perebea guianensis",43.1599999955506,252.980000000447,23.3639456458902,1.3,NA,"AS",NA,NA,NA,NA
9879,"Site1","2024-08-03","Plot1","4","2024-08-02","R5","_0R0112","_0R0112",1,"2024-08-02","taralea oppositifolia",356.110033411009,80.7600143495947,26.3,1.3,NA,"AS",NA,NA,NA,NA
3693,"Site1","2024-08-03","Plot1","4","2024-08-02","G17","_0G0381","_0G0381",1,"2024-08-02","inga leiocalycina",129.510037990927,335.419975852594,36.7,1.3,NA,"AS",NA,NA,NA,NA
297,"Site1","2024-08-03","Plot1","4","2024-08-02","A19","_0A0431","_0A0431",1,"2024-08-02","sapindaceae sp.3",14.6399565361789,379.300038756803,16.5202830929387,1.3,NA,"AS",NA,NA,NA,NA
10574,"Site1","2024-08-03","Plot1","4","2024-08-02","S21","_0S0436","_0S0436",1,"2024-08-02","pouteria williamii",363.729950623296,410.479979233816,21.3,1.3,NA,"AS",NA,NA,NA,NA
1036,"Site1","2024-08-03","Plot1","4","2024-08-02","B3","_0B1149","_0B1149",1,"2024-08-02","endlicheria sp.7",39.9000173116219,41.2300230804831,12.509578527023,1.3,NA,"AS",NA,NA,NA,NA
9362,"Site1","2024-08-03","Plot1","4","2024-08-02","Q9","_0Q0186","_0Q0186",1,"2024-08-02","theobroma obovatum",332.500021994172,171.220026407391,15.6,1.3,NA,"AS",NA,NA,NA,NA
5639,"Site1","2024-08-03","Plot1","4","2024-08-02","J3","_0J1215","_0J1215",1,"2024-08-02","virola peruviana",197.829960648494,56.0600039381534,16.5,1.3,NA,"AS",NA,NA,NA,NA
11148,"Site1","2024-08-03","Plot1","4","2024-08-02","T23","_0T0511","_0T0511",1,"2024-08-02","eschweilera gigantea",382.00999989995,456.099978867918,33.1,1.3,NA,"AS",NA,NA,NA,NA
5638,"Site1","2024-08-03","Plot1","4","2024-08-02","J3","_0J1202","_0J1202",1,"2024-08-02","otoba glycycarpa",196.76998266083,57.7399813421071,10.2,1.3,NA,"AS",NA,NA,NA,NA
3219,"Site1","2024-08-03","Plot1","4","2024-08-02","F22","_0F0523","_0F0523",1,"2024-08-02","astrocaryum ferrugineum",115.470024508482,436.079978240654,15.9,1.3,NA,"AS",NA,NA,NA,NA
8434,"Site1","2024-08-03","Plot1","4","2024-08-02","O23","_0O0572","_0O0572",1,"2024-08-02","cecropia sciadophylla",292.589962248516,446.120025161654,22.4,1.65,NA,"AS",NA,NA,NA,NA
9026,"Site1","2024-08-03","Plot1","4","2024-08-02","P25","_0P0545","_0P0545",1,"2024-08-02","guarea pterorhachis",304.06004396308,487.279967233539,11.2,1.3,NA,"AS",NA,NA,NA,NA
4936,"Site1","2024-08-03","Plot1","4","2024-08-02","I20","_0I0458","_0I0458",1,"2024-08-02","chrysophyllum venezuelanum",161.850017334451,395.459983367473,27.7,1.3,NA,"AS",NA,NA,NA,NA
1953,"Site1","2024-08-03","Plot1","4","2024-08-02","D11","_0D0231","_0D0231",1,"2024-08-02","guarea kunthiana",68.9199656214914,201.110023416579,48,2.67,NA,"AS",NA,NA,NA,NA
10137,"Site1","2024-08-03","Plot1","4","2024-08-02","R5","_0R0534","_0R0534",1,"2024-08-02","spondias globosa",342.199992654205,98.4999686926603,11,1.3,NA,"AS",NA,NA,NA,NA
10927,"Site1","2024-08-03","Plot1","4","2024-08-02","T5","_0T0111","_0T0111",1,"2024-08-02","socratea exorrhiza",390.360043907014,96.2599646877497,17.3,1.3,NA,"AS",NA,NA,NA,NA
12572,"Site1","2024-08-03","Plot1","4","2024-08-02","W12","_0W0256","_0W0256",1,"2024-08-02","mollia gracilis",448.346913977002,221.575934024528,13.6,1.3,NA,"AS",NA,NA,NA,NA
12850,"Site1","2024-08-03","Plot1","4","2024-08-02","W9","_0W1901","_0W1901",1,"2024-08-02","fusaea peruviana",444.78002763883,178.730024298653,11,1.3,NA,"AS",NA,NA,NA,NA
8494,"Site1","2024-08-03","Plot1","4","2024-08-02","O3","_0O1209","_0O1209",1,"2024-08-02","otoba parvifolia",287.911025926529,44.5257425550371,15,1.3,NA,"AS",NA,NA,NA,NA
13145,"Site1","2024-08-03","Plot1","4","2024-08-02","X12","_0X0273","_0X0273",1,"2024-08-02","couratari guianensis",475.939984719327,220.430024249479,55.3,4.47,NA,"AS",NA,NA,NA,NA
13281,"Site1","2024-08-03","Plot1","4","2024-08-02","X19","_0X0451","_0X0451",1,"2024-08-02","nealchornea yapurensis",473.710028650297,361.91997465305,21.8,1.3,NA,"AS",NA,NA,NA,NA
5758,"Site1","2024-08-03","Plot1","4","2024-08-02","J23","_0J4921","_0J4921",1,"2024-08-02","xylopia cuspidata",191.762514364033,447.429943554103,14.9,2,NA,"AS",NA,NA,NA,NA
6150,"Site1","2024-08-03","Plot1","4","2024-08-02","K23","_0K0517","_0K0517",1,"2024-08-02","byrsonima flexipes",205.895538883342,453.058088570833,18.5,1.3,NA,"AS",NA,NA,NA,NA
467,"Site1","2024-08-03","Plot1","4","2024-08-02","A8","_0A1961","_0A1961",1,"2024-08-02","unonopsis floribunda",12.0599787650281,154.459955157712,13.4645081855743,1.3,NA,"AS",NA,NA,NA,NA
5796,"Site1","2024-08-03","Plot1","4","2024-08-02","K1","_0K0012","_0K0012",1,"2024-08-02","aniba taubertiana",206.389961406763,14.2399722374976,13.2,1.3,NA,"AS",NA,NA,NA,NA
3605,"Site1","2024-08-03","Plot1","4","2024-08-02","G12","_0G0257","_0G0257",1,"2024-08-02","vatairea erythrocarpa",131.720002347429,238.67997905612,82.8,1.3,NA,"AS",NA,NA,NA,NA
897,"Site1","2024-08-03","Plot1","4","2024-08-02","B17","_0B0454","_0B0454",1,"2024-08-02","eschweilera coriacea",30.299958382675,337.740011300892,13.2416912652457,3.53,NA,"AS",NA,NA,NA,NA
4797,"Site1","2024-08-03","Plot1","4","2024-08-02","I10","_0I0243","_0I0243",1,"2024-08-02","apeiba membranacea",170.360031695862,188.469980381429,42.3,1.3,NA,"AS",NA,NA,NA,NA
11135,"Site1","2024-08-03","Plot1","4","2024-08-02","T22","_0T0492","_0T0492",1,"2024-08-02","licania canescens",393.159981676086,436.769988456741,24,1.3,NA,"AS",NA,NA,NA,NA
527,"Site1","2024-08-03","Plot1","4","2024-08-02","A16","_0A3574","_0A3574",1,"2024-08-02","iriartea deltoidea",13.2399674915359,301.259993111715,12.4140855611678,1.3,NA,"AS",NA,NA,NA,NA
1754,"Site1","2024-08-03","Plot1","4","2024-08-02","C21","_0C4580","_0C4580",1,"2024-08-02","calliandra trinervia",53.5199633665034,419.010006248951,12.1594376522208,1.3,NA,"AS",NA,NA,NA,NA
2715,"Site1","2024-08-03","Plot1","4","2024-08-02","E24","_0E0563","_0E0563",1,"2024-08-02","anacardium sp.1",93.5899812561693,474.710029279813,19.8,1.3,NA,"AS",NA,NA,NA,NA
7801,"Site1","2024-08-03","Plot1","4","2024-08-02","N19","_0N0420","_0N0420",1,"2024-08-02","humiriastrum piraparanense",271.670025319501,362.419994946569,18,1.3,NA,"AS",NA,NA,NA,NA
12690,"Site1","2024-08-03","Plot1","4","2024-08-02","W17","_0W0405","_0W0405",1,"2024-08-02","pouteria macrocarpa",440.980032350111,338.450036106631,11.5,1.3,NA,"AS",NA,NA,NA,NA
10043,"Site1","2024-08-03","Plot1","4","2024-08-02","R21","_0R0419","_0R0419",1,"2024-08-02","iriartea deltoidea",348.359995727718,414.140035392717,29.2,3.15,NA,"AS",NA,NA,NA,NA
350,"Site1","2024-08-03","Plot1","4","2024-08-02","A22","_0A0506","_0A0506",1,"2024-08-02","pseudolmedia laevigata",16.7699867817573,435.650046721101,13.3371842311008,1.3,NA,"AS",NA,NA,NA,NA
10273,"Site1","2024-08-03","Plot1","4","2024-08-02","R17","_0R3391","_0R3391",1,"2024-08-02","simarouba amara",347.729997165035,339.380026727915,17.2,1.3,NA,"AS",NA,NA,NA,NA
1502,"Site1","2024-08-03","Plot1","4","2024-08-02","C19","_0C0423","_0C0423",1,"2024-08-02","annona neoinsignis",56.560028570937,367.509964080527,47.4,2.47,NA,"AS",NA,NA,NA,NA
13585,"Site1","2024-08-03","Plot1","4","2024-08-02","Y3","_0Y0054","_0Y0054",1,"2024-08-02","guarea cristata",485.719983135408,48.0600297003984,11.7,1.3,NA,"AS",NA,NA,NA,NA
11636,"Site1","2024-08-03","Plot1","4","2024-08-02","U21","_0U0457","_0U0457",1,"2024-08-02","licania triandra",409.079962751188,401.969956927001,23.1,1.3,NA,"AS",NA,NA,NA,NA
233,"Site1","2024-08-03","Plot1","4","2024-08-02","A15","_0A0345","_0A0345",1,"2024-08-02","macrolobium limbatum",11.4099566701916,283.749995311722,21.2949313856956,1.3,NA,"AS",NA,NA,NA,NA
14288,"Site1","2024-08-03","Plot1","4","2024-08-02","L2","_1L0108","_1L0108",1,"2024-08-02","unidentified",237.632197351137,37.3657903112471,11.7,1.3,NA,"AS",NA,NA,NA,NA
8184,"Site1","2024-08-03","Plot1","4","2024-08-02","O9","_0O0197","_0O0197",1,"2024-08-02","astrocaryum ferrugineum",281.080047639087,161.519981769845,10.2,1.3,NA,"AS",NA,NA,NA,NA
3262,"Site1","2024-08-03","Plot1","4","2024-08-02","F25","_0F0587","_0F0587",1,"2024-08-02","protium sagotianum",105.989964240289,487.349998814985,11.5,1.3,NA,"AS",NA,NA,NA,NA
1382,"Site1","2024-08-03","Plot1","4","2024-08-02","C13","_0C0269","_0C0269",1,"2024-08-02","caryocar glabrum",53.7899999960209,242.490000000224,14.3239448782706,1.3,NA,"AS",NA,NA,NA,NA
939,"Site1","2024-08-03","Plot1","4","2024-08-02","B20","_0B0514","_0B0514",1,"2024-08-02","virola pavonis",24.280013049196,399.469991011545,18.302818455568,1.3,NA,"AS",NA,NA,NA,NA
12517,"Site1","2024-08-03","Plot1","4","2024-08-02","W7","_0W0169","_0W0169",1,"2024-08-02","chimarrhis glabriflora",456.779971682758,127.199992567301,47.6,3.6,NA,"AS",NA,NA,NA,NA
1222,"Site1","2024-08-03","Plot1","4","2024-08-02","C2","_0C0041","_0C0041",1,"2024-08-02","protium amazonicum",52.3999999937951,23.75,15.6290154116241,1.3,NA,"AS",NA,NA,NA,NA
2448,"Site1","2024-08-03","Plot1","4","2024-08-02","E8","_0E0161","_0E0161",1,"2024-08-02","compsoneura sprucei",83.9400299646077,153.990003244951,17.3,1.3,NA,"AS",NA,NA,NA,NA
9272,"Site1","2024-08-03","Plot1","4","2024-08-02","Q2","_0Q0043","_0Q0043",1,"2024-08-02","rinorea lindeniana",337.499954413564,37.6900177672505,49.9,3.5,NA,"AS",NA,NA,NA,NA
12092,"Site1","2024-08-03","Plot1","4","2024-08-02","V13","_0V0262","_0V0262",1,"2024-08-02","ecclinusa sp.nov.",421.910003622063,240.639988502488,35.7,1.9,NA,"AS",NA,NA,NA,NA
13833,"Site1","2024-08-03","Plot1","4","2024-08-02","Y16","_0Y0407","_0Y0407",1,"2024-08-02","inga leiocalycina",486.359985181247,318.860015109181,31.9,1.3,NA,"AS",NA,NA,NA,NA
14486,"Site1","2024-08-03","Plot1","4","2024-08-02","B21","_2B1384","_2B1384",1,"2024-08-02",NA,38.7030742185307,402.430204227567,14.9,3.67,NA,"AS",NA,NA,NA,NA
6311,"Site1","2024-08-03","Plot1","4","2024-08-02","K13","_0K3034","_0K3034",1,"2024-08-02","warszewiczia coccinea",206.969969011843,243.100019088015,12,1.3,NA,"AS",NA,NA,NA,NA
1454,"Site1","2024-08-03","Plot1","4","2024-08-02","C17","_0C0364","_0C0364",1,"2024-08-02","erisma laurifolium",44.5200204154826,333.069971170276,27.1518332914773,1.3,NA,"AS",NA,NA,NA,NA
8047,"Site1","2024-08-03","Plot1","4","2024-08-02","N25","_0N5203","_0N5203",1,"2024-08-02","apeiba membranacea",270.279982227017,483.410022016615,11.9,1.3,NA,"AS",NA,NA,NA,NA
8495,"Site1","2024-08-03","Plot1","4","2024-08-02","O3","_0O1253","_0O1253",1,"2024-08-02","anaueria brasiliensis",289.022787566413,57.7990775741637,10.5,1.3,NA,"AS",NA,NA,NA,NA
11787,"Site1","2024-08-03","Plot1","4","2024-08-02","U6","_0U1543","_0U1543",1,"2024-08-02","eschweilera coriacea",400.29997590225,103.319970773533,10.7,1.3,NA,"AS",NA,NA,NA,NA
8938,"Site1","2024-08-03","Plot1","4","2024-08-02","P20","_0P0431","_0P0431",1,"2024-08-02","theobroma glaucum",305.610024832946,395.650019021705,15.2,1.3,NA,"AS",NA,NA,NA,NA
14618,"Site1","2024-08-03","Plot1","4","2024-08-02","M11","_2M0346","_2M0346",1,"2024-08-02",NA,254.049844291643,217.407637827098,20.3,1.8,NA,"AS",NA,NA,NA,NA
7346,"Site1","2024-08-03","Plot1","4","2024-08-02","M1","_0M0690","_0M0690",1,"2024-08-02","inga umbratica",246.850014463707,6.49998445995152,11.6,1.3,NA,"AS",NA,NA,NA,NA
5087,"Site1","2024-08-03","Plot1","4","2024-08-02","I5","_0I1423","_0I1423",1,"2024-08-02","inga stenoptera",171.260038009437,90.1300294026732,20.3,1.3,NA,"AS",NA,NA,NA,NA
239,"Site1","2024-08-03","Plot1","4","2024-08-02","A16","_0A0353","_0A0353",1,"2024-08-02","micropholis melinoniana",3.9800327597186,306.009955128655,26.6107064849649,1.3,NA,"AS",NA,NA,NA,NA
10323,"Site1","2024-08-03","Plot1","4","2024-08-02","R25","_0R5005","_0R5005",1,"2024-08-02","anaxagorea brevipes",356.709990812815,496.109985748306,10.4,1.3,NA,"AS",NA,NA,NA,NA
12269,"Site1","2024-08-03","Plot1","4","2024-08-02","V2","_0V0899","_0V0899",1,"2024-08-02","virola duckei",423.94003285229,39.5500336289406,10.3,1.3,NA,"AS",NA,NA,NA,NA
1012,"Site1","2024-08-03","Plot1","4","2024-08-02","B1","_0B0658","_0B0658",1,"2024-08-02","otoba parvifolia",21.4800052636419,4.01000280864537,27.7247910866082,1.3,NA,"AS",NA,NA,NA,NA
4695,"Site1","2024-08-03","Plot1","4","2024-08-02","I4","_0I0092","_0I0092",1,"2024-08-02","theobroma obovatum",171.1800452444,79.7899821531028,42,1.3,NA,"AS",NA,NA,NA,NA
119,"Site1","2024-08-03","Plot1","4","2024-08-02","A7","_0A0175","_0A0175",1,"2024-08-02","esenbeckia amazonica",10.5499938604189,130.999967750162,31.2580308232482,1.3,NA,"AS",NA,NA,NA,NA
14064,"Site1","2024-08-03","Plot1","4","2024-08-02","Y15","_0Y2734","_0Y2734",1,"2024-08-02","siparuna cristata",486.609961251786,290.270003302023,12.82,1.3,NA,"AS",NA,NA,NA,NA
8707,"Site1","2024-08-03","Plot1","4","2024-08-02","P4","_0P0081","_0P0081",1,"2024-08-02","andira surinamensis",307.129997506214,77.2299704160541,14.3,1.3,NA,"AS",NA,NA,NA,NA
11100,"Site1","2024-08-03","Plot1","4","2024-08-02","T21","_0T0451","_0T0451",1,"2024-08-02","pseudolmedia laevis",381.419954311277,405.6599785164,32.3,1.3,NA,"AS",NA,NA,NA,NA
13694,"Site1","2024-08-03","Plot1","4","2024-08-02","Y8","_0Y0199","_0Y0199",1,"2024-08-02","oxandra riedeliana",480.620049460384,148.729968957603,13.45,1.3,NA,"AS",NA,NA,NA,NA
9488,"Site1","2024-08-03","Plot1","4","2024-08-02","Q18","_0Q0367","_0Q0367",1,"2024-08-02","iriartea deltoidea",328.5812007403,355.926425110549,26.8,2.4,NA,"AS",NA,NA,NA,NA
1301,"Site1","2024-08-03","Plot1","4","2024-08-02","C7","_0C0147","_0C0147",1,"2024-08-02","sterculia tessmannii",52.7299999915413,122.359999999404,19.9580298637237,1.3,NA,"AS",NA,NA,NA,NA
14659,"Site1","2024-08-03","Plot1","4","2024-08-02","Q10","_2Q0337","_2Q0337",1,"2024-08-02",NA,333.66740739363,187.458936747164,12.6,1.3,NA,"AS",NA,NA,NA,NA
7839,"Site1","2024-08-03","Plot1","4","2024-08-02","N22","_0N0470","_0N0470",1,"2024-08-02","moquilea guianensis",261.209950206336,423.420008651912,13.2,1.3,NA,"AS",NA,NA,NA,NA
9633,"Site1","2024-08-03","Plot1","4","2024-08-02","Q2","_0Q0926","_0Q0926",1,"2024-08-02","leptobalanus octandrus",325.350038201141,28.1799798067659,11.1,1.3,NA,"AS",NA,NA,NA,NA
6970,"Site1","2024-08-03","Plot1","4","2024-08-02","M1","_0M0021","_0M0021",1,"2024-08-02","naucleopsis concinna",251.129996447067,17.8799995407462,12,1.3,NA,"AS",NA,NA,NA,NA
5833,"Site1","2024-08-03","Plot1","4","2024-08-02","K3","_0K0061","_0K0061",1,"2024-08-02","eschweilera coriacea",218.760043115297,53.8599843420088,28.9,1.3,NA,"AS",NA,NA,NA,NA
6251,"Site1","2024-08-03","Plot1","4","2024-08-02","K4","_0K1472","_0K1472",1,"2024-08-02","rudgea viburnoides",210.339980830031,64.3100368082523,10.5,1.3,NA,"AS",NA,NA,NA,NA
13836,"Site1","2024-08-03","Plot1","4","2024-08-02","Y16","_0Y0410","_0Y0410",1,"2024-08-02","aiouea grandifolia",486.180019437626,312.379969470203,14.7,1.3,NA,"AS",NA,NA,NA,NA
1006,"Site1","2024-08-03","Plot1","4","2024-08-02","B25","_0B0637","_0B0637",1,"2024-08-02","euterpe precatoria",30.9899991773418,486.730020783842,16.9977479222144,1.3,NA,"AS",NA,NA,NA,NA
14010,"Site1","2024-08-03","Plot1","4","2024-08-02","Y5","_0Y1102","_0Y1102",1,"2024-08-02","batocarpus orinocensis",490.260021432012,94.8900403343141,13.52,1.3,NA,"AS",NA,NA,NA,NA
9891,"Site1","2024-08-03","Plot1","4","2024-08-02","R6","_0R0131","_0R0131",1,"2024-08-02","eschweilera coriacea",351.229982025281,105.479961048812,34.6,4.1,NA,"AS",NA,NA,NA,NA
6469,"Site1","2024-08-03","Plot1","4","2024-08-02","L5","_0L0103","_0L0103",1,"2024-08-02","erisma laurifolium",220.869958710973,89.009992197156,29.3,1.3,NA,"AS",NA,NA,NA,NA
14263,"Site1","2024-08-03","Plot1","4","2024-08-02","J8","_1J0265","_1J0265",1,"2024-08-02","strychnos guianensis",186.030033606687,140.179951986298,15.3,1.3,NA,"AS",NA,NA,NA,NA
7600,"Site1","2024-08-03","Plot1","4","2024-08-02","N8","_0N0152","_0N0152",1,"2024-08-02","gustavia augusta",261.149968291109,144.359956447035,11.1,1.3,NA,"AS",NA,NA,NA,NA
8702,"Site1","2024-08-03","Plot1","4","2024-08-02","P3","_0P0072","_0P0072",1,"2024-08-02","casearia javitensis",310.620036320819,45.9799604360014,12.4,1.3,NA,"AS",NA,NA,NA,NA
5285,"Site1","2024-08-03","Plot1","4","2024-08-02","J6","_0J0146","_0J0146",1,"2024-08-02","oxandra xylopioides",185.610000870714,118.720042979345,20.1,1.3,NA,"AS",NA,NA,NA,NA
10696,"Site1","2024-08-03","Plot1","4","2024-08-02","S3","_0S1116","_0S1116",1,"2024-08-02","vochysia lomatophylla",374.51995712606,47.5900176595896,22.3,1.3,NA,"AS",NA,NA,NA,NA
2854,"Site1","2024-08-03","Plot1","4","2024-08-02","E20","_0E4102","_0E4102",1,"2024-08-02","euterpe precatoria",81.7014754022821,394.608399631456,12.9,1.3,NA,"AS",NA,NA,NA,NA
8085,"Site1","2024-08-03","Plot1","4","2024-08-02","O2","_0O0038","_0O0038",1,"2024-08-02","inga fastuosa",281.479984958656,36.4200143776834,11.6,1.3,NA,"AS",NA,NA,NA,NA
3204,"Site1","2024-08-03","Plot1","4","2024-08-02","F22","_0F0506","_0F0506",1,"2024-08-02","chrysophyllum venezuelanum",101.459990065836,420.410026045516,10.4,1.3,NA,"AS",NA,NA,NA,NA
3973,"Site1","2024-08-03","Plot1","4","2024-08-02","G17","_0G3507","_0G3507",1,"2024-08-02","anaueria brasiliensis",134.249987023824,324.009951405227,10.2,1.3,NA,"AS",NA,NA,NA,NA
7512,"Site1","2024-08-03","Plot1","4","2024-08-02","N2","_0N0028","_0N0028",1,"2024-08-02","pseudolmedia laevis",265.959974222176,22.9200030751526,16.6,1.3,NA,"AS",NA,NA,NA,NA
11322,"Site1","2024-08-03","Plot1","4","2024-08-02","T18","_0T3191","_0T3191",1,"2024-08-02","fusaea peruviana",395.000028956856,348.60004019551,10.3,1.3,NA,"AS",NA,NA,NA,NA
6284,"Site1","2024-08-03","Plot1","4","2024-08-02","K8","_0K2164","_0K2164",1,"2024-08-02","guatteria modesta",212.459975221136,153.899951914325,25.2,1.3,NA,"AS",NA,NA,NA,NA
8690,"Site1","2024-08-03","Plot1","4","2024-08-02","P3","_0P0051","_0P0051",1,"2024-08-02","sterculia tessmannii",304.52002066205,49.4300058688968,10.3,1.3,NA,"AS",NA,NA,NA,NA
2535,"Site1","2024-08-03","Plot1","4","2024-08-02","E12","_0E0279","_0E0279",1,"2024-08-02","hirtella hispidula",99.2900421100785,238.140026278794,49,1.3,NA,"AS",NA,NA,NA,NA
3612,"Site1","2024-08-03","Plot1","4","2024-08-02","G12","_0G0266","_0G0266",1,"2024-08-02","erisma uncinatum",135.810020824196,228.600031889975,26.9,1.3,NA,"ABS",NA,NA,NA,NA
4333,"Site1","2024-08-03","Plot1","4","2024-08-02","H20","_0H0435","_0H0435",1,"2024-08-02","zygia latifolia",141.89003809361,383.140031501651,13.6,1.3,NA,"AS",NA,NA,NA,NA
5695,"Site1","2024-08-03","Plot1","4","2024-08-02","J13","_0J2987","_0J2987",1,"2024-08-02","moquilea jaramilloi",197.359954555111,247.729962902144,10.4,1.3,NA,"AS",NA,NA,NA,NA
10666,"Site1","2024-08-03","Plot1","4","2024-08-02","S10","_0S0557","_0S0557",1,"2024-08-02","eschweilera itayensis",367.800016489578,189.430041303858,15,1.3,NA,"AS",NA,NA,NA,NA
9465,"Site1","2024-08-03","Plot1","4","2024-08-02","Q16","_0Q0331","_0Q0331",1,"2024-08-02","virola duckei",334.600016880024,305.449974203482,19.9,1.3,NA,"AS",NA,NA,NA,NA
7204,"Site1","2024-08-03","Plot1","4","2024-08-02","M17","_0M0377","_0M0377",1,"2024-08-02","moquilea guianensis",254.530017712794,333.979952832684,15.8,1.3,NA,"AS",NA,NA,NA,NA
5245,"Site1","2024-08-03","Plot1","4","2024-08-02","J3","_0J0069","_0J0069",1,"2024-08-02","perebea xanthochyma",196.670046833111,58.0600276496261,18.9,1.3,NA,"AS",NA,NA,NA,NA
4108,"Site1","2024-08-03","Plot1","4","2024-08-02","H5","_0H0104","_0H0104",1,"2024-08-02","otoba glycycarpa",144.270044690405,96.2399668004364,13,1.3,NA,"AS",NA,NA,NA,NA
5377,"Site1","2024-08-03","Plot1","4","2024-08-02","J12","_0J0293","_0J0293",1,"2024-08-02","tetragastris panamensis",194.890007977549,237.230011845008,15.8,1.3,NA,"AS",NA,NA,NA,NA
6447,"Site1","2024-08-03","Plot1","4","2024-08-02","L3","_0L0062","_0L0062",1,"2024-08-02","lauraceae sp.1",221.963027288613,55.0683582630008,24.5,1.3,NA,"AS",NA,NA,NA,NA
10740,"Site1","2024-08-03","Plot1","4","2024-08-02","S9","_0S1968","_0S1968",1,"2024-08-02","virola duckei",361.889967687021,165.239998925477,15.9,1.3,NA,"AS",NA,NA,NA,NA
3148,"Site1","2024-08-03","Plot1","4","2024-08-02","F18","_0F0422","_0F0422",1,"2024-08-02","eschweilera coriacea",111.550026459794,354.79998696968,36,1.3,NA,"ABS",NA,NA,NA,NA
4463,"Site1","2024-08-03","Plot1","4","2024-08-02","H1","_0H0744","_0H0744",1,"2024-08-02","dendropanax cuneatus",147.29119082063,19.175681149587,11.5,1.3,NA,"AS",NA,NA,NA,NA
14306,"Site1","2024-08-03","Plot1","4","2024-08-02","M17","_1M0672","_1M0672",1,"2024-08-02","euterpe precatoria",258.499955980049,320.939981650561,19,1.3,NA,"AS",NA,NA,NA,NA
1375,"Site1","2024-08-03","Plot1","4","2024-08-02","C13","_0C0258","_0C0258",1,"2024-08-02","eschweilera coriacea",46.2499999872525,255.459999999031,48.032961825134,3.45,NA,"AS",NA,NA,NA,NA
6385,"Site1","2024-08-03","Plot1","4","2024-08-02","K23","_0K4899","_0K4899",1,"2024-08-02","chrysochlamys weberbaueri",205.599967835995,443.240047574043,11.1,1.3,NA,"AS",NA,NA,NA,NA
11057,"Site1","2024-08-03","Plot1","4","2024-08-02","T17","_0T0386","_0T0386",1,"2024-08-02","spondias globosa",392.929979563225,332.950027819723,28.4,1.3,NA,"AS",NA,NA,NA,NA
13465,"Site1","2024-08-03","Plot1","4","2024-08-02","X17","_0X3378","_0X3378",1,"2024-08-02","tachigali formicarum",478.130029756809,328.539988936856,10.7,1.3,NA,"AS",NA,NA,NA,NA
3773,"Site1","2024-08-03","Plot1","4","2024-08-02","G22","_0G0483","_0G0483",1,"2024-08-02","matisia bracteolosa",120.259993762476,420.499956011772,13.3,1.3,NA,"AS",NA,NA,NA,NA
14055,"Site1","2024-08-03","Plot1","4","2024-08-02","Y14","_0Y2572","_0Y2572",1,"2024-08-02","eschweilera coriacea",497.230026827718,270.959983279929,12.9,1.3,NA,"AS",NA,NA,NA,NA
714,"Site1","2024-08-03","Plot1","4","2024-08-02","B6","_0B0178","_0B0178",1,"2024-08-02","eschweilera coriacea",33.5099999937229,115.949999999255,34.8549325371251,2.85,NA,"AS",NA,NA,NA,NA
12319,"Site1","2024-08-03","Plot1","4","2024-08-02","V10","_0V2167","_0V2167",1,"2024-08-02","dipteryx magnifica",439.26998418913,187.110001089051,10.4,1.3,NA,"AS",NA,NA,NA,NA
4419,"Site1","2024-08-03","Plot1","4","2024-08-02","H23","_0H0558","_0H0558",1,"2024-08-02","virola peruviana",158.790034768637,444.869961975142,13.9,1.3,NA,"AS",NA,NA,NA,NA
4305,"Site1","2024-08-03","Plot1","4","2024-08-02","H18","_0H0394","_0H0394",1,"2024-08-02","inga edulis",144.609956954839,359.410017825663,43.6,1.3,NA,"ABS",NA,NA,NA,NA
12292,"Site1","2024-08-03","Plot1","4","2024-08-02","V6","_0V1507","_0V1508",1,"2024-08-02","euterpe precatoria",438.380005485204,106.96004424803,17.9,1.3,NA,"AS",NA,NA,NA,NA
3481,"Site1","2024-08-03","Plot1","4","2024-08-02","G4","_0G0074","_0G0074",1,"2024-08-02","eschweilera coriacea",136.610041520034,73.2300058826804,36.1,1.3,NA,"AS",NA,NA,NA,NA
2635,"Site1","2024-08-03","Plot1","4","2024-08-02","E19","_0E0442","_0E0442",1,"2024-08-02","zygia latifolia",85.2800215292955,368.480017412454,16.3,1.3,NA,"AS",NA,NA,NA,NA
295,"Site1","2024-08-03","Plot1","4","2024-08-02","A19","_0A0429","_0A0429",1,"2024-08-02","seguieria macrophylla",12.1899756846251,370.699951488525,28.0112699841736,1.3,NA,"AS",NA,NA,NA,NA
10826,"Site1","2024-08-03","Plot1","4","2024-08-02","S20","_0S3573","_0S3573",1,"2024-08-02","perebea guianensis",375.909967012296,395.879994319752,12.3,1.3,NA,"AS",NA,NA,NA,NA
5667,"Site1","2024-08-03","Plot1","4","2024-08-02","J8","_0J2003","_0J2003",1,"2024-08-02","ocotea sp.6",183.070007063972,154.240032231435,10.9,1.3,NA,"AS",NA,NA,NA,NA
10719,"Site1","2024-08-03","Plot1","4","2024-08-02","S6","_0S1559","_0S1560",1,"2024-08-02","apeiba membranacea",365.309954172233,116.769994627684,10.1,2.5,NA,"AS",NA,NA,NA,NA
5362,"Site1","2024-08-03","Plot1","4","2024-08-02","J12","_0J0277","_0J0277",1,"2024-08-02","brosimum rubescens",180.239986280387,221.100026063621,14.5,1.3,NA,"AS",NA,NA,NA,NA
3861,"Site1","2024-08-03","Plot1","4","2024-08-02","G2","_0G0953","_0G0953",1,"2024-08-02","conceveiba guianensis",131.449990773632,38.790023945272,15,1.3,NA,"AS",NA,NA,NA,NA
12349,"Site1","2024-08-03","Plot1","4","2024-08-02","V16","_0V2875","_0V2875",1,"2024-08-02","brosimum lactescens",425.329977940652,309.540015719831,11.4,1.3,NA,"AS",NA,NA,NA,NA
1242,"Site1","2024-08-03","Plot1","4","2024-08-02","C4","_0C0075","_0C0075",1,"2024-08-02","guarea kunthiana",48.4099999899627,65.9900000002235,28.6160587679228,1.3,NA,"AS",NA,NA,NA,NA
12061,"Site1","2024-08-03","Plot1","4","2024-08-02","V11","_0V0220","_0V0220",1,"2024-08-02","pachira insignis",439.370003645949,219.620018519461,36.8,1.3,NA,"AS",NA,NA,NA,NA
12656,"Site1","2024-08-03","Plot1","4","2024-08-02","W16","_0W0365","_0W0365",1,"2024-08-02","scleronema micranthum",447.259967625083,300.169984191656,22,1.3,NA,"AS",NA,NA,NA,NA
11844,"Site1","2024-08-03","Plot1","4","2024-08-02","U14","_0U0330","_0U2822",1,"2024-08-02","zygia latifolia",417.27000007045,261.010017650202,10.7,1.3,NA,"AS",NA,NA,NA,NA
7160,"Site1","2024-08-03","Plot1","4","2024-08-02","M14","_0M0311","_0M0311",1,"2024-08-02","anaueria brasiliensis",254.949971509923,271.580044237897,22.6,1.3,NA,"AS",NA,NA,NA,NA
6319,"Site1","2024-08-03","Plot1","4","2024-08-02","K14","_0K3364","_0K3364",1,"2024-08-02","marila tomentosa",210.78997282515,278.939966084436,10.5,1.3,NA,"AS",NA,NA,NA,NA
7688,"Site1","2024-08-03","Plot1","4","2024-08-02","N12","_0N0261","_0N0261",1,"2024-08-02","virola divergens",271.250006176706,225.219983696938,12.4,1.3,NA,"AS",NA,NA,NA,NA
4727,"Site1","2024-08-03","Plot1","4","2024-08-02","I6","_0I0139","_0I0139",1,"2024-08-02","inga acicularis",169.550001768919,114.96999270469,35.6,1.3,NA,"AS",NA,NA,NA,NA
5952,"Site1","2024-08-03","Plot1","4","2024-08-02","K11","_0K0246","_0K0246",1,"2024-08-02","pleurothyrium trianae",209.029967963404,200.990007510409,16.6,1.3,NA,"AS",NA,NA,NA,NA
13129,"Site1","2024-08-03","Plot1","4","2024-08-02","X11","_0X0252","_0X0252",1,"2024-08-02","zygia latifolia",475.589954966737,211.68004042469,12.8,1.3,NA,"AS",NA,NA,NA,NA
4855,"Site1","2024-08-03","Plot1","4","2024-08-02","I13","_0I0326","_0I0326",1,"2024-08-02","moquilea jaramilloi",171.120012120635,243.269983321428,17,1.3,NA,"AS",NA,NA,NA,NA
10701,"Site1","2024-08-03","Plot1","4","2024-08-02","S4","_0S1226","_0S1226",1,"2024-08-02","virola duckei",367.409986420651,74.7399922143668,10.9,1.3,NA,"AS",NA,NA,NA,NA
1989,"Site1","2024-08-03","Plot1","4","2024-08-02","D13","_0D0282","_0D0282",1,"2024-08-02","otoba glycycarpa",74.0199980854522,253.729973560199,34.090988810284,1.3,NA,"AS",NA,NA,NA,NA
11140,"Site1","2024-08-03","Plot1","4","2024-08-02","T22","_0T0500","_0T0500",1,"2024-08-02","dicranostyles densa",395.820048658119,421.569970287383,16.5,1.3,NA,"AS",NA,NA,NA,NA
13636,"Site1","2024-08-03","Plot1","4","2024-08-02","Y5","_0Y0121","_0Y0121",1,"2024-08-02","tachigali setifera",498.22997147456,88.8899996448308,10.6,1.3,NA,"AS",NA,NA,NA,NA
11402,"Site1","2024-08-03","Plot1","4","2024-08-02","U3","_0U0070","_0U0070",1,"2024-08-02","eschweilera coriacea",411.490026793152,49.0200317557901,14.3,1.3,NA,"AS",NA,NA,NA,NA
14535,"Site1","2024-08-03","Plot1","4","2024-08-02","G6","_2G0098","_2G0098",1,"2024-08-02",NA,135.224158270925,114.694627769291,12.9,1.3,NA,"AS",NA,NA,NA,NA
11651,"Site1","2024-08-03","Plot1","4","2024-08-02","U22","_0U0482","_0U0482",1,"2024-08-02","guarea kunthiana",405.909978499752,428.420015309006,13.3,1.3,NA,"AS",NA,NA,NA,NA
4135,"Site1","2024-08-03","Plot1","4","2024-08-02","H8","_0H0154","_0H0154",1,"2024-08-02","sterculia peruviana",149.230040160532,143.47997347638,23.5,1.3,NA,"AS",NA,NA,NA,NA
10662,"Site1","2024-08-03","Plot1","4","2024-08-02","S25","_0S0547","_0S0547",1,"2024-08-02","pourouma bicolor",372.130021209887,489.670022215694,31.5,2.4,NA,"AS",NA,NA,NA,NA
9489,"Site1","2024-08-03","Plot1","4","2024-08-02","Q18","_0Q0368","_0Q0368",1,"2024-08-02","couroupita subsessilis",326.540012535697,354.75999267213,33.6,1.3,NA,"AS",NA,NA,NA,NA
12667,"Site1","2024-08-03","Plot1","4","2024-08-02","W16","_0W0379","_0W0379",1,"2024-08-02","astrocaryum ferrugineum",451.040036762541,312.050034722313,10.6,1.3,NA,"AS",NA,NA,NA,NA
6042,"Site1","2024-08-03","Plot1","4","2024-08-02","K16","_0K0365","_0K0365",1,"2024-08-02","pouteria bilocularis",218.016128884337,313.248864006251,38.5,1.3,NA,"AS",NA,NA,NA,NA
9876,"Site1","2024-08-03","Plot1","4","2024-08-02","R5","_0R0109","_0R0109",1,"2024-08-02","apeiba membranacea",357.820025548979,92.1099975444376,19.9,1.3,NA,"AS",NA,NA,NA,NA
6058,"Site1","2024-08-03","Plot1","4","2024-08-02","K18","_0K0392","_0K0392",1,"2024-08-02","pouteria sp.1",205.780009035079,346.079973388463,13.4,1.3,NA,"AS",NA,NA,NA,NA
4436,"Site1","2024-08-03","Plot1","4","2024-08-02","H25","_0H0586","_0H0586",1,"2024-08-02","eschweilera coriacea",146.519983159204,480.479954689741,13,1.3,NA,"AS",NA,NA,NA,NA
652,"Site1","2024-08-03","Plot1","4","2024-08-02","B3","_0B0090","_0B0090",1,"2024-08-02","virola sebifera",34.2699990872643,57.9700015485287,19.7033819547766,1.3,NA,"AS",NA,NA,NA,NA
8852,"Site1","2024-08-03","Plot1","4","2024-08-02","P13","_0P0295","_0P0295",1,"2024-08-02","heisteria ovata",317.029998490587,240.759972507134,18.5,1.3,NA,"AS",NA,NA,NA,NA
12131,"Site1","2024-08-03","Plot1","4","2024-08-02","V15","_0V0320","_0V0320",1,"2024-08-02","guarea gomma",427.929992702266,290.179991979152,15.7,1.3,NA,"AS",NA,NA,NA,NA
1342,"Site1","2024-08-03","Plot1","4","2024-08-02","C11","_0C0212","_0C0212",1,"2024-08-02","pouteria baehniana",43.6999999944237,219.349999999627,10.8861981074856,1.3,NA,"AS",NA,NA,NA,NA
9842,"Site1","2024-08-03","Plot1","4","2024-08-02","R2","_0R0045","_0R0045",1,"2024-08-02","aspidosperma rigidum",353.259989006678,26.9200308714062,22.3,1.3,NA,"AS",NA,NA,NA,NA
8195,"Site1","2024-08-03","Plot1","4","2024-08-02","O9","_0O0215","_0O0215",1,"2024-08-02","humiriastrum piraparanense",294.109998834901,164.850038712844,13.2,1.3,NA,"AS",NA,NA,NA,NA
4236,"Site1","2024-08-03","Plot1","4","2024-08-02","H13","_0H0289","_0H0289",1,"2024-08-02","drypetes sp.1",156.693881974323,254.65259854123,18,1.3,NA,"AS",NA,NA,NA,NA
5039,"Site1","2024-08-03","Plot1","4","2024-08-02","I24","_0I0583","_0I0583",1,"2024-08-02","cecropia sciadophylla",172.390035114367,463.810023663566,34.9,1.6,NA,"AS",NA,NA,NA,NA
6947,"Site1","2024-08-03","Plot1","4","2024-08-02","L25","_0L5199","_0L5199",1,"2024-08-02","guatteria modesta",234.859964895353,489.409973127767,11.4,1.3,NA,"AS",NA,NA,NA,NA
9951,"Site1","2024-08-03","Plot1","4","2024-08-02","R11","_0R0231","_0R0231",1,"2024-08-02","eschweilera coriacea",356.219969879894,208.679961729795,31.1,1.3,NA,"AS",NA,NA,NA,NA
2519,"Site1","2024-08-03","Plot1","4","2024-08-02","E11","_0E0261","_0E0261",1,"2024-08-02","theobroma microcarpum",99.7399794437224,210.360044147819,16.1,1.3,NA,"AS",NA,NA,NA,NA
8550,"Site1","2024-08-03","Plot1","4","2024-08-02","O8","_0O2011","_0O2011",1,"2024-08-02","macrolobium limbatum",299.81002902356,150.539983825758,15.5,1.3,NA,"AS",NA,NA,NA,NA
5386,"Site1","2024-08-03","Plot1","4","2024-08-02","J12","_0J0303","_0J0303",1,"2024-08-02","clusia lineata",199.299968243926,223.750000778586,24,1.3,NA,"AS",NA,NA,NA,NA
6746,"Site1","2024-08-03","Plot1","4","2024-08-02","L24","_0L0549","_0L0549",1,"2024-08-02","sterculia tessmannii",238.309986731911,474.220019593835,12.2,1.3,NA,"AS",NA,NA,NA,NA
11103,"Site1","2024-08-03","Plot1","4","2024-08-02","T21","_0T0454","_0T0454",1,"2024-08-02","aspidosperma rigidum",386.53004856949,409.130039341748,15.8,1.3,NA,"AS",NA,NA,NA,NA
102,"Site1","2024-08-03","Plot1","4","2024-08-02","A6","_0A0151","_0A0151",1,"2024-08-02","pouteria ephedrantha",12.5600021560676,112.990033749491,38.4200032623835,2,NA,"AS",NA,NA,NA,NA
13738,"Site1","2024-08-03","Plot1","4","2024-08-02","Y9","_0Y0249","_0Y0249",1,"2024-08-02","crepidospermum goudotianum",495.9900300437,161.499951668084,21.81,1.3,NA,"AS",NA,NA,NA,NA
2113,"Site1","2024-08-03","Plot1","4","2024-08-02","D22","_0D0468","_0D0468",1,"2024-08-02","eschweilera coriacea",65.2300320064533,432.480023551732,30.95,3.45,NA,"AS",NA,NA,NA,NA
3626,"Site1","2024-08-03","Plot1","4","2024-08-02","G13","_0G0283","_0G0283",1,"2024-08-02","scleronema micranthum",127.749959452194,257.010022981092,17.5,1.3,NA,"AS",NA,NA,NA,NA
2874,"Site1","2024-08-03","Plot1","4","2024-08-02","E23","_0E4652","_0E4652",1,"2024-08-02","pouteria williamii",87.4999532857328,454.070000160486,12.5,1.3,NA,"AS",NA,NA,NA,NA
13529,"Site1","2024-08-03","Plot1","4","2024-08-02","X1","_0X4664","_0X4664",1,"2024-08-02","eschweilera coriacea",477.669991210161,3.76998586021364,10.3,1.3,NA,"AS",NA,NA,NA,NA
5539,"Site1","2024-08-03","Plot1","4","2024-08-02","J22","_0J0535","_0J0535",1,"2024-08-02","iryanthera hostmannii",189.270047186059,438.39999874495,10.8,1.3,NA,"AS",NA,NA,NA,NA
4109,"Site1","2024-08-03","Plot1","4","2024-08-02","H5","_0H0105","_0H0105",1,"2024-08-02","inga stenoptera",148.09998333134,96.7500122785568,27.5,2,NA,"AS",NA,NA,NA,NA
3909,"Site1","2024-08-03","Plot1","4","2024-08-02","G9","_0G2155","_0G2155",1,"2024-08-02","socratea exorrhiza",131.749963883136,175.200031708926,12.5,3.4,NA,"AS",NA,NA,NA,NA
9657,"Site1","2024-08-03","Plot1","4","2024-08-02","Q4","_0Q1511","_0Q1511",1,"2024-08-02","gustavia augusta",336.25000717584,67.6100138667971,10.2,1.3,NA,"AS",NA,NA,NA,NA
5610,"Site1","2024-08-03","Plot1","4","2024-08-02","J14","_0J0636","_0J0636",1,"2024-08-02","pouteria cuspidata",197.110040018044,260.240041879937,14.8,1.3,NA,"AS",NA,NA,NA,NA
4912,"Site1","2024-08-03","Plot1","4","2024-08-02","I18","_0I0426","_0I0426",1,"2024-08-02","warszewiczia coccinea",179.270037800132,353.269969083369,16.7,1.3,NA,"AS",NA,NA,NA,NA
4878,"Site1","2024-08-03","Plot1","4","2024-08-02","I15","_0I0362","_0I0362",1,"2024-08-02","guarea pterorhachis",174.250018503109,280.269985353574,15.9,1.3,NA,"AS",NA,NA,NA,NA
5595,"Site1","2024-08-03","Plot1","4","2024-08-02","J25","_0J0609","_0J0609",1,"2024-08-02","iryanthera hostmannii",185.870002097741,489.770006727427,14.3,1.3,NA,"AS",NA,NA,NA,NA
9563,"Site1","2024-08-03","Plot1","4","2024-08-02","Q22","_0Q0482","_0Q0482",1,"2024-08-02","chrysophyllum colombianum",337.100002153253,425.410003665835,11.3,1.3,NA,"AS",NA,NA,NA,NA
4513,"Site1","2024-08-03","Plot1","4","2024-08-02","H8","_0H2038","_0H2038",1,"2024-08-02","euterpe precatoria",152.120036310225,148.240045094863,11.5,1.3,NA,"AS",NA,NA,NA,NA
13088,"Site1","2024-08-03","Plot1","4","2024-08-02","X8","_0X0175","_0X0175",1,"2024-08-02","eschweilera coriacea",478.389996746148,155.200031893328,16.4,1.3,NA,"AS",NA,NA,NA,NA
3585,"Site1","2024-08-03","Plot1","4","2024-08-02","G11","_0G0219","_0G0219",1,"2024-08-02","eschweilera coriacea",125.560021741723,209.439958430827,32,1.3,NA,"AS",NA,NA,NA,NA
7712,"Site1","2024-08-03","Plot1","4","2024-08-02","N13","_0N0291","_0N0291",1,"2024-08-02","minquartia guianensis",279.029980068211,240.339951153845,21.1,1.3,NA,"AS",NA,NA,NA,NA
4779,"Site1","2024-08-03","Plot1","4","2024-08-02","I9","_0I0217","_0I0217",1,"2024-08-02","neea spruceana",179.899997021887,176.099999852479,27.3,1.3,NA,"AS",NA,NA,NA,NA
11086,"Site1","2024-08-03","Plot1","4","2024-08-02","T20","_0T0433","_0T0433",1,"2024-08-02","theobroma obovatum",389.799972426379,382.770015882328,12.1,1.3,NA,"AS",NA,NA,NA,NA
14115,"Site1","2024-08-03","Plot1","4","2024-08-02","Y23","_0Y4259","_0Y4259",1,"2024-08-02","myrcia sp.1",489.319961783534,445.309970693663,14,1.3,NA,"AS",NA,NA,NA,NA
13140,"Site1","2024-08-03","Plot1","4","2024-08-02","X12","_0X0267","_0X0267",1,"2024-08-02","garcinia sp.1",472.40001939534,222.059994982556,16.4,1.3,NA,"AS",NA,NA,NA,NA
131,"Site1","2024-08-03","Plot1","4","2024-08-02","A8","_0A0194","_0A0194",1,"2024-08-02","naucleopsis riparia",7.03998245310504,142.040047315881,17.2205648425431,1.3,NA,"AS",NA,NA,NA,NA
4983,"Site1","2024-08-03","Plot1","4","2024-08-02","I22","_0I0519","_0I0519",1,"2024-08-02","iryanthera juruensis",179.770014471957,431.089972674847,17.3,1.3,NA,"AS",NA,NA,NA,NA
12035,"Site1","2024-08-03","Plot1","4","2024-08-02","V9","_0V0187","_0V0187",1,"2024-08-02","sterculia apeibophylla",433.020004833408,163.269989386201,22.4,1.3,NA,"AS",NA,NA,NA,NA
7031,"Site1","2024-08-03","Plot1","4","2024-08-02","M5","_0M0108","_0M0108",1,"2024-08-02","alchorneopsis floribunda",247.267184978351,96.3244824465364,28,2.95,NA,"AS",NA,NA,NA,NA
11323,"Site1","2024-08-03","Plot1","4","2024-08-02","T19","_0T3267","_0T3267",1,"2024-08-02","garcinia sp.1",395.419952751196,366.909973109141,10.1,1.3,NA,"AS",NA,NA,NA,NA
13299,"Site1","2024-08-03","Plot1","4","2024-08-02","X20","_0X0483","_0X0483",1,"2024-08-02","sterculia tessmannii",471.580011927639,382.989985499531,14.6,1.3,NA,"AS",NA,NA,NA,NA
11827,"Site1","2024-08-03","Plot1","4","2024-08-02","U12","_0U2523","_0U2523",1,"2024-08-02","hymenopus heteromorphus",411.950028303254,226.139988867566,12.4,1.3,NA,"AS",NA,NA,NA,NA
13079,"Site1","2024-08-03","Plot1","4","2024-08-02","X8","_0X0164","_0X0164",1,"2024-08-02","sterculia peruviana",467.359983956849,144.760008990765,11.1,1.3,NA,"AS",NA,NA,NA,NA
1334,"Site1","2024-08-03","Plot1","4","2024-08-02","C10","_0C0199","_0C0199",1,"2024-08-02","vitex orinocensis",52.0299999946728,194.529999999329,56.3,3.36,NA,"AS",NA,NA,NA,NA
3489,"Site1","2024-08-03","Plot1","4","2024-08-02","G5","_0G0083","_0G0083",1,"2024-08-02","leptobalanus octandrus",121.710037332028,92.8999519795179,13.4,1.3,NA,"AS",NA,NA,NA,NA
6470,"Site1","2024-08-03","Plot1","4","2024-08-02","L5","_0L0104","_0L0104",1,"2024-08-02","eschweilera coriacea",228.039966415439,85.4899689406157,25,1.9,NA,"AS",NA,NA,NA,NA
10246,"Site1","2024-08-03","Plot1","4","2024-08-02","R14","_0R2800","_0R2800",1,"2024-08-02","conceveiba guianensis",340.730018550355,263.789987124503,19.9,1.6,NA,"AS",NA,NA,NA,NA
1486,"Site1","2024-08-03","Plot1","4","2024-08-02","C18","_0C0401","_0C0401",1,"2024-08-02","iryanthera hostmannii",54.0199999945471,348.759999999776,25.2101429857562,1.3,NA,"AS",NA,NA,NA,NA
6004,"Site1","2024-08-03","Plot1","4","2024-08-02","K14","_0K0309","_0K0309",1,"2024-08-02","pourouma guianensis",200.740006466338,276.080043492839,55.2,2.45,NA,"AS",NA,NA,NA,NA
5076,"Site1","2024-08-03","Plot1","4","2024-08-02","I3","_0I1059","_0I1059",1,"2024-08-02","eschweilera coriacea",169.799992150743,43.2399623636156,11.9,1.3,NA,"AS",NA,NA,NA,NA
11273,"Site1","2024-08-03","Plot1","4","2024-08-02","T10","_0T2026","_0T2026",1,"2024-08-02","inga acicularis",392.850000632752,195.410007478669,24.7,1.3,NA,"AS",NA,NA,NA,NA
9959,"Site1","2024-08-03","Plot1","4","2024-08-02","R13","_0R0250","_0R0250",1,"2024-08-02","trattinnickia lancifolia",340.069994225109,247.850001856685,40,1.3,NA,"AS",NA,NA,NA,NA
1060,"Site1","2024-08-03","Plot1","4","2024-08-02","B7","_0B1850","_0B1850",1,"2024-08-02","scleronema micranthum",22.9999999910942,137.469999998808,11.7138038115635,1.3,NA,"AS",NA,NA,NA,NA
6031,"Site1","2024-08-03","Plot1","4","2024-08-02","K16","_0K0346","_0K0346",1,"2024-08-02","iriartea deltoidea",206.399983523763,303.219990765676,25.6,1.3,NA,"AS",NA,NA,NA,NA
9530,"Site1","2024-08-03","Plot1","4","2024-08-02","Q21","_0Q0439","_0Q0439",1,"2024-08-02","sapindaceae sp.3",322.785714693367,405.550371544436,13.7,1.3,NA,"AS",NA,NA,NA,NA
13821,"Site1","2024-08-03","Plot1","4","2024-08-02","Y15","_0Y0391","_0Y0391",1,"2024-08-02","trattinnickia sp.",491.070010693453,281.999964691699,15.81,1.3,NA,"AS",NA,NA,NA,NA
8477,"Site1","2024-08-03","Plot1","4","2024-08-02","O1","_0O0774","_0O0774",1,"2024-08-02","inga chartacea",287.409997878654,12.7800331953913,12.5,1.3,NA,"AS",NA,NA,NA,NA
8911,"Site1","2024-08-03","Plot1","4","2024-08-02","P19","_0P0393","_0P0393",1,"2024-08-02","conceveiba guianensis",302.119955593953,364.189982045442,15.4,1.3,NA,"AS",NA,NA,NA,NA
9950,"Site1","2024-08-03","Plot1","4","2024-08-02","R11","_0R0228","_0R0228",1,"2024-08-02","caraipa grandifolia",358.21997792722,217.10999465175,22.5,1.3,NA,"AS",NA,NA,NA,NA
4560,"Site1","2024-08-03","Plot1","4","2024-08-02","H14","_0H3334","_0H3334",1,"2024-08-02","guarea sp.1",157.639974697318,264.019976397976,12.7,1.3,NA,"AS",NA,NA,NA,NA
2029,"Site1","2024-08-03","Plot1","4","2024-08-02","D15","_0D0333","_0D0333",1,"2024-08-02","pseudolmedia laevis",72.0199967218214,296.999986700714,24.9,1.3,NA,"AS",NA,NA,NA,NA
1425,"Site1","2024-08-03","Plot1","4","2024-08-02","C15","_0C0326","_0C0326",1,"2024-08-02","aspidosperma excelsum",56.5199999870965,282.650000000373,14.9923956392565,1.3,NA,"AS",NA,NA,NA,NA
4673,"Site1","2024-08-03","Plot1","4","2024-08-02","I3","_0I0062","_0I0062",1,"2024-08-02","iryanthera juruensis",166.369973493158,59.1300175134093,26.5,1.3,NA,"AS",NA,NA,NA,NA
9274,"Site1","2024-08-03","Plot1","4","2024-08-02","Q2","_0Q0046","_0Q0046",1,"2024-08-02","siparuna decipiens",330.180029310053,23.9899731017649,14.3,1.3,NA,"AS",NA,NA,NA,NA
1847,"Site1","2024-08-03","Plot1","4","2024-08-02","D4","_0D0084","_0D0084",1,"2024-08-02","cavanillesia umbellata",65.6999999889522,63.7799999993294,60.1605684887364,1.3,NA,"ABS",NA,NA,NA,NA
11731,"Site1","2024-08-03","Plot1","4","2024-08-02","U25","_0U0579","_0U0579",1,"2024-08-02","cordia panamensis",415.029973441095,482.420020991936,25,1.3,NA,"AS",NA,NA,NA,NA
12616,"Site1","2024-08-03","Plot1","4","2024-08-02","W14","_0W0317","_0W0317",1,"2024-08-02","manilkara bidentata",447.619966777682,279.570007838309,40.5,1.3,NA,"AS",NA,NA,NA,NA
13609,"Site1","2024-08-03","Plot1","4","2024-08-02","Y4","_0Y0086","_0Y0086",1,"2024-08-02","otoba glycycarpa",498.540036688035,74.3200475238264,10.5,1.3,NA,"AS",NA,NA,NA,NA
14529,"Site1","2024-08-03","Plot1","4","2024-08-02","F23","_2F0646","_2F0646",1,"2024-08-02",NA,112.763934494869,454.19221133925,11.3,1.3,NA,"AS",NA,NA,NA,NA
2937,"Site1","2024-08-03","Plot1","4","2024-08-02","F4","_0F0091","_0F0091",1,"2024-08-02","virola sebifera",117.529997336853,76.9899904169142,16.5,1.3,NA,"AS",NA,NA,NA,NA
12491,"Site1","2024-08-03","Plot1","4","2024-08-02","W6","_0W0122","_0W0122",1,"2024-08-02","oxandra major",448.009968683531,106.260040359572,15.3,1.3,NA,"AS",NA,NA,NA,NA
13624,"Site1","2024-08-03","Plot1","4","2024-08-02","Y5","_0Y0103","_0Y0103",1,"2024-08-02","spondias globosa",486.829980152717,80.2600030899048,20.9,1.3,NA,"AS",NA,NA,NA,NA
1071,"Site1","2024-08-03","Plot1","4","2024-08-02","B9","_0B2247","_0B2247",1,"2024-08-02","casearia sylvestris",24.599999991362,171.400000000373,10.8861981074856,1.3,NA,"AS",NA,NA,NA,NA
7515,"Site1","2024-08-03","Plot1","4","2024-08-02","N2","_0N0032","_0N0032",1,"2024-08-02","socratea exorrhiza",266.009985186392,30.6499937810004,13.4,3.3,NA,"AS",NA,NA,NA,NA
4188,"Site1","2024-08-03","Plot1","4","2024-08-02","H11","_0H0229","_0H0229",1,"2024-08-02","iryanthera hostmannii",153.759986537392,218.970035361126,10.3,1.3,NA,"AS",NA,NA,NA,NA
3634,"Site1","2024-08-03","Plot1","4","2024-08-02","G13","_0G0293","_0G0293",1,"2024-08-02","dendropanax cuneatus",134.839970715286,243.230002485216,21,1.3,NA,"AS",NA,NA,NA,NA
8706,"Site1","2024-08-03","Plot1","4","2024-08-02","P4","_0P0076","_0P0076",1,"2024-08-02","neea ovalifolia",302.640040118771,69.2900106627494,19.2,1.3,NA,"AS",NA,NA,NA,NA
5914,"Site1","2024-08-03","Plot1","4","2024-08-02","K9","_0K0197","_0K0197",1,"2024-08-02","virola pavonis",214.630041877448,174.719967000186,21.6,1.3,NA,"AS",NA,NA,NA,NA
9352,"Site1","2024-08-03","Plot1","4","2024-08-02","Q8","_0Q0171","_0Q0171",1,"2024-08-02","zygia latifolia",332.059984172985,155.010032465681,15.8,1.3,NA,"AS",NA,NA,NA,NA
92,"Site1","2024-08-03","Plot1","4","2024-08-02","A6","_0A0139","_0A0139",1,"2024-08-02","eschweilera coriacea",4.25004491390428,105.730010634288,50.3566239942757,1.3,NA,"AS",NA,NA,NA,NA
1744,"Site1","2024-08-03","Plot1","4","2024-08-02","C20","_0C4406","_0C4406",1,"2024-08-02","pouteria sp.8",48.3899926334852,390.219964584336,10.4405642668283,1.3,NA,"AS",NA,NA,NA,NA
7072,"Site1","2024-08-03","Plot1","4","2024-08-02","M9","_0M0184","_0M0184",1,"2024-08-02","esenbeckia amazonica",241.919959986291,166.760036628693,17.8,1.3,NA,"AS",NA,NA,NA,NA
6359,"Site1","2024-08-03","Plot1","4","2024-08-02","K19","_0K4111","_0K4111",1,"2024-08-02","dendropanax cuneatus",213.779966866015,373.309984611347,11.8,1.3,NA,"AS",NA,NA,NA,NA
3621,"Site1","2024-08-03","Plot1","4","2024-08-02","G13","_0G0276","_0G0276",1,"2024-08-02","leptobalanus octandrus",125.75000842649,246.649992953986,21.4,1.3,NA,"AS",NA,NA,NA,NA
952,"Site1","2024-08-03","Plot1","4","2024-08-02","B21","_0B0538","_0B0538",1,"2024-08-02","naucleopsis krukovii",22.699964041647,410.99000993371,18.6211283417518,1.3,NA,"AS",NA,NA,NA,NA
238,"Site1","2024-08-03","Plot1","4","2024-08-02","A16","_0A0352","_0A0352",1,"2024-08-02","stryphnodendron sp.1",3.98995684395777,308.489962490276,41.8895810217869,1.3,NA,"AS",NA,NA,NA,NA
9991,"Site1","2024-08-03","Plot1","4","2024-08-02","R16","_0R0324","_0R0324",1,"2024-08-02","eschweilera coriacea",359.50996434089,319.530017735437,23,1.3,NA,"AS",NA,NA,NA,NA
5349,"Site1","2024-08-03","Plot1","4","2024-08-02","J11","_0J0258","_0J0258",1,"2024-08-02","erisma laurifolium",180.750049506722,215.620023893192,73,1.3,NA,"AS",NA,NA,NA,NA
7676,"Site1","2024-08-03","Plot1","4","2024-08-02","N12","_0N0247","_0N0247",1,"2024-08-02","hymenopus arachnoideus",269.690021906514,225.119982372969,17.5,1.3,NA,"AS",NA,NA,NA,NA
11468,"Site1","2024-08-03","Plot1","4","2024-08-02","U9","_0U0182","_0U0182",1,"2024-08-02","aptandra tubicina",407.660045444791,178.810008462518,19.5,1.3,NA,"AS",NA,NA,NA,NA
7622,"Site1","2024-08-03","Plot1","4","2024-08-02","N9","_0N0178","_0N0178",1,"2024-08-02","eschweilera coriacea",269.49997729907,165.200031772256,28.6,1.3,NA,"AS",NA,NA,NA,NA
1822,"Site1","2024-08-03","Plot1","4","2024-08-02","D2","_0D0036","_0D0036",1,"2024-08-02","otoba parvifolia",66.9999630552484,37.489969773218,14.4830998213625,1.3,NA,"AS",NA,NA,NA,NA
10101,"Site1","2024-08-03","Plot1","4","2024-08-02","R24","_0R0490","_0R0490",1,"2024-08-02","fusaea longifolia",349.719972588413,478.160045497119,13.3,1.3,NA,"AS",NA,NA,NA,NA
5969,"Site1","2024-08-03","Plot1","4","2024-08-02","K12","_0K0269","_0K0269",1,"2024-08-02","iriartea deltoidea",205.270010496082,234.639992952347,26.7,2.7,NA,"AS",NA,NA,NA,NA
13486,"Site1","2024-08-03","Plot1","4","2024-08-02","X21","_0X3994","_0X3994",1,"2024-08-02","virola pavonis",477.660003609955,410.870021965355,11,1.3,NA,"AS",NA,NA,NA,NA
7959,"Site1","2024-08-03","Plot1","4","2024-08-02","N8","_0N1838","_0N1838",1,"2024-08-02","inga acicularis",260.639967205178,152.180010292679,13,1.3,NA,"AS",NA,NA,NA,NA
11493,"Site1","2024-08-03","Plot1","4","2024-08-02","U10","_0U0217","_0U0217",1,"2024-08-02","eschweilera coriacea",413.530026269553,184.32997763902,24.2,1.3,NA,"AS",NA,NA,NA,NA
8166,"Site1","2024-08-03","Plot1","4","2024-08-02","O7","_0O0165","_0O0165",1,"2024-08-02","chrysophyllum manaosense",289.20003108558,130.449961388484,14.5,1.7,NA,"AS",NA,NA,NA,NA
3676,"Site1","2024-08-03","Plot1","4","2024-08-02","G16","_0G0359","_0G0359",1,"2024-08-02","vouarana sp.",133.209986113885,318.060011539608,26,1.3,NA,"AS",NA,NA,NA,NA
11813,"Site1","2024-08-03","Plot1","4","2024-08-02","U11","_0U2257","_0U2257",1,"2024-08-02","myrtaceae sp.8",404.569976990402,205.18004774861,10.6,1.3,NA,"AS",NA,NA,NA,NA
13206,"Site1","2024-08-03","Plot1","4","2024-08-02","X15","_0X0347","_0X0347",1,"2024-08-02","osteophloeum platyspermum",461.850019047619,298.97004019469,23.2,4.15,NA,"AS",NA,NA,NA,NA
308,"Site1","2024-08-03","Plot1","4","2024-08-02","A20","_0A0445","_0A0445",1,"2024-08-02","sapindaceae sp.3",6.02997369953664,382.769986584783,15.8836633205712,1.3,NA,"AS",NA,NA,NA,NA
3157,"Site1","2024-08-03","Plot1","4","2024-08-02","F19","_0F0442","_0F0442",1,"2024-08-02","theobroma obovatum",104.740047654253,365.320025645196,19.2,1.3,NA,"AS",NA,NA,NA,NA
8146,"Site1","2024-08-03","Plot1","4","2024-08-02","O6","_0O0137","_0O0137",1,"2024-08-02","theobroma microcarpum",285.761864467699,119.811452444643,15.1,1.3,NA,"AS",NA,NA,NA,NA
8959,"Site1","2024-08-03","Plot1","4","2024-08-02","P22","_0P0470","_0P0470",1,"2024-08-02","cecropia sciadophylla",301.859981612128,434.88995170407,50.2,3.55,NA,"AS",NA,NA,NA,NA
8949,"Site1","2024-08-03","Plot1","4","2024-08-02","P21","_0P0453","_0P0453",1,"2024-08-02","iryanthera laevis",310.860013575701,411.49002705887,19.3,1.3,NA,"AS",NA,NA,NA,NA
10035,"Site1","2024-08-03","Plot1","4","2024-08-02","R20","_0R0410","_0R0410",1,"2024-08-02","alchorneopsis floribunda",354.499987651827,397.989987919107,37.9,3.55,NA,"AS",NA,NA,NA,NA
9985,"Site1","2024-08-03","Plot1","4","2024-08-02","R15","_0R0306","_0R0306",1,"2024-08-02","ficus trigona",353.419982592633,281.889963127673,49.7,4.4,NA,"AS",NA,NA,NA,NA
7142,"Site1","2024-08-03","Plot1","4","2024-08-02","M13","_0M0287","_0M0287",1,"2024-08-02","osteophloeum platyspermum",254.299962882826,251.270033648238,34.3,1.3,NA,"AS",NA,NA,NA,NA
2091,"Site1","2024-08-03","Plot1","4","2024-08-02","D20","_0D0438","_0D0438",1,"2024-08-02","vochysia lomatophylla",78.9499685774208,385.27997776866,61,1.3,NA,"AS",NA,NA,NA,NA
5004,"Site1","2024-08-03","Plot1","4","2024-08-02","I23","_0I0542","_0I0542",1,"2024-08-02","virola pavonis",167.289999862958,453.959958219901,14.7,1.3,NA,"AS",NA,NA,NA,NA
13411,"Site1","2024-08-03","Plot1","4","2024-08-02","X7","_0X1403","_0X1403",1,"2024-08-02","protium nodulosum",476.179999044689,128.299987995997,11.9,1.3,NA,"AS",NA,NA,NA,NA
4253,"Site1","2024-08-03","Plot1","4","2024-08-02","H14","_0H0308","_0H0308",1,"2024-08-02","warszewiczia coccinea",152.160008275241,277.850031726062,12.3,1.3,NA,"AS",NA,NA,NA,NA
9471,"Site1","2024-08-03","Plot1","4","2024-08-02","Q17","_0Q0343","_0Q0343",1,"2024-08-02","caraipa grandifolia",332.690018013993,334.980018002912,15.9,1.3,NA,"AS",NA,NA,NA,NA
12271,"Site1","2024-08-03","Plot1","4","2024-08-02","V3","_0V1083","_0V1083",1,"2024-08-02","eschweilera coriacea",436.830035250576,59.8000355288386,16.9,1.3,NA,"AS",NA,NA,NA,NA
8750,"Site1","2024-08-03","Plot1","4","2024-08-02","P6","_0P0135","_0P0135",1,"2024-08-02","simarouba amara",316.49999756366,113.649989616126,24.2,2.2,NA,"AS",NA,NA,NA,NA
12736,"Site1","2024-08-03","Plot1","4","2024-08-02","W19","_0W0483","_0W0483",1,"2024-08-02","pouteria bilocularis",459.599988763977,364.789975428954,27,1.3,NA,"AS",NA,NA,NA,NA
10369,"Site1","2024-08-03","Plot1","4","2024-08-02","S2","_0S0049","_0S0049",1,"2024-08-02","oxandra major",375.909987982654,31.2600444070995,11.2,1.3,NA,"AS",NA,NA,NA,NA
10456,"Site1","2024-08-03","Plot1","4","2024-08-02","S8","_0S0184","_0S0184",1,"2024-08-02","humiriastrum piraparanense",369.489953902492,153.490012781695,14.1,1.3,NA,"AS",NA,NA,NA,NA
10179,"Site1","2024-08-03","Plot1","4","2024-08-02","R5","_0R1408","_0R1408",1,"2024-08-02","euterpe precatoria",351.229963942722,96.2400491777807,15,1.3,NA,"AS",NA,NA,NA,NA
13303,"Site1","2024-08-03","Plot1","4","2024-08-02","X20","_0X0488","_0X0488",1,"2024-08-02","astrocaryum ferrugineum",474.67001222301,386.829997552559,18.3,1.3,NA,"AS",NA,NA,NA,NA
1773,"Site1","2024-08-03","Plot1","4","2024-08-02","C24","_0C4895","_0C4895",1,"2024-08-02","otoba parvifolia",41.9999943414587,475.690009884536,22.5,1.3,NA,"AS",NA,NA,NA,NA
11330,"Site1","2024-08-03","Plot1","4","2024-08-02","T21","_0T3496","_0T3496",1,"2024-08-02","endlicheria metallica",398.550013572851,417.020000010729,10.4,1.3,NA,"AS",NA,NA,NA,NA
13248,"Site1","2024-08-03","Plot1","4","2024-08-02","X17","_0X0406","_0X0406",1,"2024-08-02","crepidospermum prancei",476.900034511287,325.670022094622,17.4,1.3,NA,"AS",NA,NA,NA,NA
7868,"Site1","2024-08-03","Plot1","4","2024-08-02","N23","_0N0506","_0N0506",1,"2024-08-02","osteophloeum platyspermum",266.599991021852,453.220045538619,37.3,1.3,NA,"AS",NA,NA,NA,NA
14875,"Site1","2024-08-03","Plot1","4","2024-08-02",NA,"_3J0256","_3J0256",1,"2025-02-06",NA,192.229452476429,80.3773373663425,10.2,1.3,NA,"AS",NA,NA,NA,NA
5035,"Site1","2024-08-03","Plot1","4","2024-08-02","I24","_0I0576","_0I0576",1,"2024-08-02","anaueria brasiliensis",173.180027886236,475.610014928505,13.4,1.3,NA,"AS",NA,NA,NA,NA
9414,"Site1","2024-08-03","Plot1","4","2024-08-02","Q13","_0Q0263","_0Q0263",1,"2024-08-02","theobroma obovatum",321.130037649709,249.889963474125,11.6,1.3,NA,"AS",NA,NA,NA,NA
7543,"Site1","2024-08-03","Plot1","4","2024-08-02","N3","_0N0067","_0N0067",1,"2024-08-02","iryanthera hostmannii",277.880027448118,51.6700254790485,13.7,1.3,NA,"AS",NA,NA,NA,NA
3494,"Site1","2024-08-03","Plot1","4","2024-08-02","G5","_0G0089","_0G0089",1,"2024-08-02","guatteria sp.2",128.080016903637,99.2400372289121,44,1.3,NA,"AS",NA,NA,NA,NA
7574,"Site1","2024-08-03","Plot1","4","2024-08-02","N5","_0N0114","_0N0114",1,"2024-08-02","iryanthera juruensis",273.850026647502,90.8899830449373,19.4,1.3,NA,"AS",NA,NA,NA,NA
13849,"Site1","2024-08-03","Plot1","4","2024-08-02","Y17","_0Y0425","_0Y0425",1,"2024-08-02","brosimum guianense",487.500013519835,324.100035488605,19.7,1.3,NA,"AS",NA,NA,NA,NA
3963,"Site1","2024-08-03","Plot1","4","2024-08-02","G16","_0G3285","_0G3285",1,"2024-08-02","ampelocera edentula",120.589976825577,305.400017317384,10.1,1.3,NA,"AS",NA,NA,NA,NA
927,"Site1","2024-08-03","Plot1","4","2024-08-02","B19","_0B0496","_0B0496",1,"2024-08-02","naucleopsis krukovii",33.6899999977904,365.990000000224,19.9261988751053,1.3,NA,"AS",NA,NA,NA,NA
8483,"Site1","2024-08-03","Plot1","4","2024-08-02","O1","_0O0868","_0O0868",1,"2024-08-02","pouteria vernicosa",294.930018703977,1.75001708231866,17.6,1.3,NA,"AS",NA,NA,NA,NA
502,"Site1","2024-08-03","Plot1","4","2024-08-02","A13","_0A2891","_0A2891",1,"2024-08-02","maytenus amazonica",14.3500042097876,259.539982723072,11.3954939253797,1.3,NA,"AS",NA,NA,NA,NA
25,"Site1","2024-08-03","Plot1","4","2024-08-02","A2","_0A0037","_0A0037",1,"2024-08-02","apeiba tibourbou",7.02995585318422,29.4900420606136,51.1,1.3,NA,"AS",NA,NA,NA,NA
5495,"Site1","2024-08-03","Plot1","4","2024-08-02","J19","_0J0468","_0J0468",1,"2024-08-02","pseudolmedia laevigata",183.099964303721,365.49003536813,29.2,1.3,NA,"AS",NA,NA,NA,NA
1743,"Site1","2024-08-03","Plot1","4","2024-08-02","C20","_0C4392","_0C4392",1,"2024-08-02","tachigali setifera",44.3499961246853,397.479994434863,23.2047907027983,1.3,NA,"AS",NA,NA,NA,NA
2853,"Site1","2024-08-03","Plot1","4","2024-08-02","E20","_0E4077","_0E4077",1,"2024-08-02","eugenia feijoi",89.7799520119443,386.959977218881,11.7,1.3,NA,"AS",NA,NA,NA,NA
14127,"Site1","2024-08-03","Plot1","4","2024-08-02","Y25","_0Y4684","_0Y4684",1,"2024-08-02","lindackeria paludosa",482.749982507026,491.260044088587,12.7,1.3,NA,"AS",NA,NA,NA,NA
9773,"Site1","2024-08-03","Plot1","4","2024-08-02","Q20","_0Q4099","_0Q4099",1,"2024-08-02","clarisia biflora",337.629990177171,395.229990046471,12.6,1.3,NA,"AS",NA,NA,NA,NA
6143,"Site1","2024-08-03","Plot1","4","2024-08-02","K22","_0K0507","_0K0507",1,"2024-08-02","otoba parvifolia",216.149954914988,425.710045859218,39,1.3,NA,"AS",NA,NA,NA,NA
4527,"Site1","2024-08-03","Plot1","4","2024-08-02","H11","_0H2623","_0H2623",1,"2024-08-02","micropholis egensis",146.770047387225,215.079989742488,10.4,1.3,NA,"AS",NA,NA,NA,NA
13491,"Site1","2024-08-03","Plot1","4","2024-08-02","X22","_0X4042","_0X4042",1,"2024-08-02","alibertia claviflora",468.340003775724,427.160004695877,19.8,1.3,NA,"AS",NA,NA,NA,NA
3347,"Site1","2024-08-03","Plot1","4","2024-08-02","F13","_0F2905","_0F2905",1,"2024-08-02","otoba glycycarpa",101.239998763369,252.650015987456,11.1,1.3,NA,"AS",NA,NA,NA,NA
5603,"Site1","2024-08-03","Plot1","4","2024-08-02","J25","_0J0626","_0J0626",1,"2024-08-02","theobroma subincanum",195.830001379014,485.489986676723,26.8,1.3,NA,"AS",NA,NA,NA,NA
9404,"Site1","2024-08-03","Plot1","4","2024-08-02","Q12","_0Q0250","_0Q0250",1,"2024-08-02","siparuna decipiens",322.553305285808,232.937948321924,16.3,1.3,NA,"AS",NA,NA,NA,NA
4717,"Site1","2024-08-03","Plot1","4","2024-08-02","I6","_0I0125","_0I0125",1,"2024-08-02","iriartea deltoidea",162.479976694391,102.439966570586,25.3,1.3,NA,"AS",NA,NA,NA,NA
12521,"Site1","2024-08-03","Plot1","4","2024-08-02","W8","_0W0174","_0W0174",1,"2024-08-02","erisma laurifolium",448.989987380628,148.249964566901,49.9,4.6,NA,"AS",NA,NA,NA,NA
122,"Site1","2024-08-03","Plot1","4","2024-08-02","A7","_0A0182","_0A0182",1,"2024-08-02","ampelocera edentula",10.9999846963328,122.889953166246,27.8521150410817,1.9,NA,"AS",NA,NA,NA,NA
4592,"Site1","2024-08-03","Plot1","4","2024-08-02","H19","_0H4038","_0H4038",1,"2024-08-02","ocotea cernua",153.829981144459,373.760039880872,11.4,1.3,NA,"AS",NA,NA,NA,NA
8985,"Site1","2024-08-03","Plot1","4","2024-08-02","P23","_0P0500","_0P0500",1,"2024-08-02","iryanthera elliptica",309.570029981725,459.009962683544,15.5,1.3,NA,"AS",NA,NA,NA,NA
14408,"Site1","2024-08-03","Plot1","4","2024-08-02","U16","_1U0272","_1U0272",1,"2024-08-02","unidentified",403.089967473585,311.449999926612,14,1.3,NA,"AS",NA,NA,NA,NA
12263,"Site1","2024-08-03","Plot1","4","2024-08-02","V1","_0V0763","_0V0763",1,"2024-08-02","pachira insignis",433.610016013554,10.6599582508206,15.8,1.3,NA,"AS",NA,NA,NA,NA
1804,"Site1","2024-08-03","Plot1","4","2024-08-02","D1","_0D0011","_0D0011",1,"2024-08-02","astrocaryum ferrugineum",65.4400262875715,19.7099743708968,17.2842268197798,1.3,NA,"AS",NA,NA,NA,NA
9611,"Site1","2024-08-03","Plot1","4","2024-08-02","Q25","_0Q0546","_0Q0546",1,"2024-08-02","licania canescens",331.969986000331,484.959992619231,23.8,1.3,NA,"AS",NA,NA,NA,NA
1516,"Site1","2024-08-03","Plot1","4","2024-08-02","C20","_0C0441","_0C0441",1,"2024-08-02","spondias globosa",53.9600287307403,387.42002786696,30.9715519256828,1.3,NA,"AS",NA,NA,NA,NA
683,"Site1","2024-08-03","Plot1","4","2024-08-02","B5","_0B0136","_0B0136",1,"2024-08-02","unonopsis floribunda",28.039999990724,89.7400000002235,16.6476070474123,1.3,NA,"AS",NA,NA,NA,NA
6917,"Site1","2024-08-03","Plot1","4","2024-08-02","L20","_0L4199","_0L4199",1,"2024-08-02","pseudolmedia laevis",237.470024809474,394.239997643977,10.3,1.3,NA,"AS",NA,NA,NA,NA
717,"Site1","2024-08-03","Plot1","4","2024-08-02","B6","_0B0182","_0B0182",1,"2024-08-02","naucleopsis glabra",38.5199999905308,112.949999999255,17.634367694582,1.3,NA,"AS",NA,NA,NA,NA
6907,"Site1","2024-08-03","Plot1","4","2024-08-02","L19","_0L3908","_0L3908",1,"2024-08-02","virola crebrinervia",221.922970442567,363.013089109212,17.6,1.3,NA,"AS",NA,NA,NA,NA
6837,"Site1","2024-08-03","Plot1","4","2024-08-02","L8","_0L1809","_0L1809",1,"2024-08-02","eugenia florida",230.289958768291,156.329997604713,15.8,1.3,NA,"AS",NA,NA,NA,NA
10613,"Site1","2024-08-03","Plot1","4","2024-08-02","S23","_0S0482","_0S0482",1,"2024-08-02","theobroma subincanum",369.439983920951,455.250010799617,21.8,1.3,NA,"AS",NA,NA,NA,NA
1061,"Site1","2024-08-03","Plot1","4","2024-08-02","B7","_0B1853","_0B1853",1,"2024-08-02","iryanthera hostmannii",24.3599999948638,135.900000000373,10.5042262440651,1.3,NA,"AS",NA,NA,NA,NA
1043,"Site1","2024-08-03","Plot1","4","2024-08-02","B4","_0B1247","_0B1247",1,"2024-08-02","inga stenoptera",29.7500326748122,74.8699773009866,10.2495783351181,1.3,NA,"AS",NA,NA,NA,NA
5626,"Site1","2024-08-03","Plot1","4","2024-08-02","J2","_0J0983","_0J0983",1,"2024-08-02","endlicheria pyriformis",181.890009818773,39.6599800027907,12.3,1.4,NA,"AS",NA,NA,NA,NA
14945,"Site1","2024-08-03","Plot1","4","2024-08-02",NA,"_0V0123","_3V0272",1,"2024-09-12",NA,437.328046682465,112.089220233262,12.3,1.3,NA,"AS",NA,NA,NA,NA
14389,"Site1","2024-08-03","Plot1","4","2024-08-02","T13","_1T0290","_1T0290",1,"2024-08-02","tapirira obtusa",393.519975012983,241.799978641793,15.3,1.3,NA,"AS",NA,NA,NA,NA
12354,"Site1","2024-08-03","Plot1","4","2024-08-02","V16","_0V2945","_0V2945",1,"2024-08-02","eugenia albicans",434.865817421989,319.781648699194,10.6,1.3,NA,"AS",NA,NA,NA,NA
13101,"Site1","2024-08-03","Plot1","4","2024-08-02","X9","_0X0202","_0X0202",1,"2024-08-02","iriartea deltoidea",475.430031706288,176.059975991026,30.5,1.3,NA,"AS",NA,NA,NA,NA
9115,"Site1","2024-08-03","Plot1","4","2024-08-02","P12","_0P2716","_0P2716",1,"2024-08-02","chrysochlamys weberbaueri",313.6999715977,221.750006357208,11.3,1.3,NA,"AS",NA,NA,NA,NA
5516,"Site1","2024-08-03","Plot1","4","2024-08-02","J21","_0J0505","_0J0505",1,"2024-08-02","eschweilera gigantea",183.769966395106,403.379962872714,14,1.3,NA,"AS",NA,NA,NA,NA
9628,"Site1","2024-08-03","Plot1","4","2024-08-02","Q1","_0Q0687","_0Q0687",1,"2024-08-02","dendropanax cuneatus",326.609969160578,1.66003791615367,13,1.3,NA,"AS",NA,NA,NA,NA
6087,"Site1","2024-08-03","Plot1","4","2024-08-02","K19","_0K0435","_0K0435",1,"2024-08-02","brosimum guianense",212.520068931102,367.569220518693,38.8,1.3,NA,"AS",NA,NA,NA,NA
10463,"Site1","2024-08-03","Plot1","4","2024-08-02","S8","_0S0194","_0S0194",1,"2024-08-02","astrocaryum ferrugineum",376.179959931585,147.809975724667,15.1,1.3,NA,"AS",NA,NA,NA,NA
7452,"Site1","2024-08-03","Plot1","4","2024-08-02","M19","_0M3778","_0M3778",1,"2024-08-02","virola loretensis",244.739953709766,362.600009283051,11.4,2.3,NA,"AS",NA,NA,NA,NA
1645,"Site1","2024-08-03","Plot1","4","2024-08-02","C9","_0C2218","_0C2218",1,"2024-08-02","mollia gracilis",44.1999999973341,168.469999998808,21.3904243515507,1.39,NA,"AS",NA,NA,NA,NA
14370,"Site1","2024-08-03","Plot1","4","2024-08-02","R20","_1R0832","_1R0832",1,"2024-08-02","sterculia apetala",357.510344188253,386.258413726464,26.8,1.3,NA,"AS",NA,NA,NA,"Ubicación anterior errónea"
4301,"Site1","2024-08-03","Plot1","4","2024-08-02","H18","_0H0387","_0H0387",1,"2024-08-02","vochysia lomatophylla",140.169976519246,340.319994574413,22.3,1.3,NA,"AS",NA,NA,NA,NA
11354,"Site1","2024-08-03","Plot1","4","2024-08-02","T25","_0T4255","_0T4255",1,"2024-08-02","leonia racemosa",398.280048629444,485.879967955872,11.4,1.3,NA,"AS",NA,NA,NA,NA
112,"Site1","2024-08-03","Plot1","4","2024-08-02","A7","_0A0167","_0A0167",1,"2024-08-02","swartzia calva",2.99004580936162,120.159953270108,25.6557768264135,1.3,NA,"AS",NA,NA,NA,NA
3338,"Site1","2024-08-03","Plot1","4","2024-08-02","F12","_0F2697","_0F2697",1,"2024-08-02","rhodostemonodaphne kunthiana",109.080045985,229.770005742088,16.2,1.3,NA,"AS",NA,NA,NA,NA
12993,"Site1","2024-08-03","Plot1","4","2024-08-02","X3","_0X0054","_0X0054",1,"2024-08-02","otoba glycycarpa",475.589959475212,49.8800261113793,21.8,1.3,NA,"AS",NA,NA,NA,NA
10928,"Site1","2024-08-03","Plot1","4","2024-08-02","T5","_0T0114","_0T0114",1,"2024-08-02","spondias globosa",393.979976986826,87.9900039508939,23,1.3,NA,"AS",NA,NA,NA,NA
2473,"Site1","2024-08-03","Plot1","4","2024-08-02","E9","_0E0199","_0E0199",1,"2024-08-02","pseudolmedia laevigata",87.6199931735755,174.420009074733,34,1.3,NA,"AS",NA,NA,NA,NA
8696,"Site1","2024-08-03","Plot1","4","2024-08-02","P3","_0P0062","_0P0062",1,"2024-08-02","hymenaea oblongifolia",312.97000272508,52.509951595217,24.7,1.3,NA,"AS",NA,NA,NA,NA
1729,"Site1","2024-08-03","Plot1","4","2024-08-02","C19","_0C4232","_0C4232",1,"2024-08-02","perebea guianensis",45.60001840716,363.000049218535,12.5732405042597,1.3,NA,"AS",NA,NA,NA,NA
9068,"Site1","2024-08-03","Plot1","4","2024-08-02","P3","_0P1227","_0P1227",1,"2024-08-02","clusia sp.1",314.249977359374,43.6099522411823,13.5,1.3,NA,"AS",NA,NA,NA,NA
8633,"Site1","2024-08-03","Plot1","4","2024-08-02","O22","_0O4649","_0O4649",1,"2024-08-02","discophora guianensis",291.939971420274,438.850039809942,11,1.3,NA,"AS",NA,NA,NA,NA
14567,"Site1","2024-08-03","Plot1","4","2024-08-02","J18","_2J0949","_2J0949",1,"2024-08-02",NA,194.4886891598,356.590267963707,10.6,1.3,NA,"AS",NA,NA,NA,NA
12207,"Site1","2024-08-03","Plot1","4","2024-08-02","V19","_0V0430","_0V0430",1,"2024-08-02","humiriastrum piraparanense",439.689994213171,361.930010728538,39.55,1.3,NA,"AS",NA,NA,NA,NA
2825,"Site1","2024-08-03","Plot1","4","2024-08-02","E16","_0E3449","_0E3449",1,"2024-08-02","euterpe precatoria",96.7600105836755,304.159965297207,17.6,1.3,NA,"AS",NA,NA,NA,NA
11138,"Site1","2024-08-03","Plot1","4","2024-08-02","T22","_0T0498","_0T0498",1,"2024-08-02","unonopsis spectabilis",395.389976310951,429.050047785044,19.7,1.3,NA,"AS",NA,NA,NA,NA
6542,"Site1","2024-08-03","Plot1","4","2024-08-02","L10","_0L0223","_0L0223",1,"2024-08-02","theobroma obovatum",232.949963330931,184.229967644438,17.5,1.3,NA,"AS",NA,NA,NA,NA
5077,"Site1","2024-08-03","Plot1","4","2024-08-02","I3","_0I1082","_0I1082",1,"2024-08-02","duguetia stenantha",167.279981722648,57.3300077430904,10.6,1.3,NA,"AS",NA,NA,NA,NA
2220,"Site1","2024-08-03","Plot1","4","2024-08-02","D9","_0D2220","_0D2220",1,"2024-08-02","inga cordatoalata",69.7999991538236,172.789988921955,32.5949323452202,1.3,NA,"AS",NA,NA,NA,NA
7197,"Site1","2024-08-03","Plot1","4","2024-08-02","M17","_0M0369","_0M0369",1,"2024-08-02","vitex orinocensis",244.949969816662,321.849967841059,55.6,1.3,NA,"AS",NA,NA,NA,NA
3084,"Site1","2024-08-03","Plot1","4","2024-08-02","F14","_0F0316","_0F0316",1,"2024-08-02","lauraceae sp.3",101.269971135946,270.759988220409,28.5,1.3,NA,"AS",NA,NA,NA,NA
3990,"Site1","2024-08-03","Plot1","4","2024-08-02","G20","_0G3957","_0G3957",1,"2024-08-02","faramea anisocalyx",120.929965334712,391.649959310889,10.7,1.3,NA,"AS",NA,NA,NA,NA
2204,"Site1","2024-08-03","Plot1","4","2024-08-02","D7","_0D1814","_0D1814",1,"2024-08-02","chrysochlamys weberbaueri",75.7400060495711,131.180004514754,11.8729587546554,1.3,NA,"AS",NA,NA,NA,NA
6443,"Site1","2024-08-03","Plot1","4","2024-08-02","L2","_0L0051","_0L0051",1,"2024-08-02","guarea pubescens",239.300021462317,25.7099862247705,18.6,1.3,NA,"AS",NA,NA,NA,NA
11033,"Site1","2024-08-03","Plot1","4","2024-08-02","T14","_0T0320","_0T0320",1,"2024-08-02","brosimum guianense",388.520012014371,273.129989454523,22.1,1.3,NA,"AS",NA,NA,NA,NA
7913,"Site1","2024-08-03","Plot1","4","2024-08-02","N25","_0N0568","_0N0568",1,"2024-08-02","pterocarpus sp.1",270.50003472378,484.85998962447,46.7,1.3,NA,"AS",NA,NA,NA,NA
11491,"Site1","2024-08-03","Plot1","4","2024-08-02","U10","_0U0215","_0U0215",1,"2024-08-02","eschweilera coriacea",417.50003950781,198.589993447065,22.4,1.3,NA,"AS",NA,NA,NA,NA
632,"Site1","2024-08-03","Plot1","4","2024-08-02","B2","_0B0063","_0B0063",1,"2024-08-02","chimarrhis glabriflora",33.5199999972829,29.730000000447,19.5123960230664,1.3,NA,"AS",NA,NA,NA,NA
474,"Site1","2024-08-03","Plot1","4","2024-08-02","A9","_0A2144","_0A2144",1,"2024-08-02","guarea pterorhachis",2.73004905524431,172.289973754436,11.841127766037,1.3,NA,"AS",NA,NA,NA,NA
10623,"Site1","2024-08-03","Plot1","4","2024-08-02","S23","_0S0497","_0S0497",1,"2024-08-02","licaria crassifolia",379.270006334293,449.720028771088,23.3,1.3,NA,"AS",NA,NA,NA,NA
1801,"Site1","2024-08-03","Plot1","4","2024-08-02","D1","_0D0008","_0D0008",1,"2024-08-02","astrocaryum ferrugineum",64.8099999909173,14.7099999990314,14.5785927872176,1.3,NA,"AS",NA,NA,NA,NA
13870,"Site1","2024-08-03","Plot1","4","2024-08-02","Y18","_0Y0448","_0Y0448",1,"2024-08-02","thyrsodium spruceanum",491.239984335902,356.829975064844,33.7,1.95,NA,"AS",NA,NA,NA,NA
4046,"Site1","2024-08-03","Plot1","4","2024-08-02","H2","_0H0026","_0H0026",1,"2024-08-02","aspidosperma excelsum",144.77004168235,29.0800231397152,23.8,1.3,NA,"AS",NA,NA,NA,NA
12443,"Site1","2024-08-03","Plot1","4","2024-08-02","W3","_0W0047","_0W0047",1,"2024-08-02","moquilea jaramilloi",447.039981137728,41.2300466131419,17.2,1.3,NA,"AS",NA,NA,NA,NA
9907,"Site1","2024-08-03","Plot1","4","2024-08-02","R8","_0R0159","_0R0159",1,"2024-08-02","eschweilera coriacea",349.380003259052,141.559965787455,27.1,1.3,NA,"AS",NA,NA,NA,NA
12492,"Site1","2024-08-03","Plot1","4","2024-08-02","W6","_0W0123","_0W0123",1,"2024-08-02","apeiba membranacea",446.370031853963,101.219975061715,27.1,1.3,NA,"AS",NA,NA,NA,NA
13048,"Site1","2024-08-03","Plot1","4","2024-08-02","X6","_0X0124","_0X0124",1,"2024-08-02","euterpe precatoria",477.639996462793,110.299971191213,17.9,1.3,NA,"AS",NA,NA,NA,NA
3254,"Site1","2024-08-03","Plot1","4","2024-08-02","F24","_0F0574","_0F0574",1,"2024-08-02","ocotea sp.7",114.290019013279,474.809980170801,14.7,1.6,NA,"AS",NA,NA,NA,NA
1294,"Site1","2024-08-03","Plot1","4","2024-08-02","C7","_0C0140","_0C0140",1,"2024-08-02","erisma uncinatum",51.2399999983027,133.509999999776,19.1940861368826,1.3,NA,"AS",NA,NA,NA,NA
10444,"Site1","2024-08-03","Plot1","4","2024-08-02","S7","_0S0163","_0S0163",1,"2024-08-02","eschweilera coriacea",370.76999589015,137.189986230806,34.6,2.4,NA,"AS",NA,NA,NA,NA
9184,"Site1","2024-08-03","Plot1","4","2024-08-02","P19","_0P4087","_0P4087",1,"2024-08-02","apeiba membranacea",304.419998753525,360.890034954995,15.7,1.46,NA,"ABS",NA,NA,NA,NA
11028,"Site1","2024-08-03","Plot1","4","2024-08-02","T14","_0T0313","_0T0313",1,"2024-08-02","sterculia apeibophylla",382.329972911975,270.200031483546,45.1,1.3,NA,"AS",NA,NA,NA,NA
9984,"Site1","2024-08-03","Plot1","4","2024-08-02","R15","_0R0305","_0R0305",1,"2024-08-02","eschweilera coriacea",353.72997235402,284.94003611058,30.9,1.3,NA,"AS",NA,NA,NA,NA
5104,"Site1","2024-08-03","Plot1","4","2024-08-02","I8","_0I1972","_0I1972",1,"2024-08-02","iriartea deltoidea",174.960030717077,150.80995542556,22.8,1.3,NA,"AS",NA,NA,NA,NA
7447,"Site1","2024-08-03","Plot1","4","2024-08-02","M17","_0M3592","_0M3592",1,"2024-08-02","simarouba amara",257.860048309842,326.729983124882,10.1,1.3,NA,"ABS",NA,NA,NA,NA
9878,"Site1","2024-08-03","Plot1","4","2024-08-02","R5","_0R0111","_0R0111",1,"2024-08-02","terminalia dichotoma",355.630039695359,85.4700412917882,45.2,4,NA,"AS",NA,NA,NA,NA
2372,"Site1","2024-08-03","Plot1","4","2024-08-02","E2","_0E0044","_0E0044",1,"2024-08-02","conceveiba guianensis",96.7300005973084,37.6299834158272,13.8,1.3,NA,"AS",NA,NA,NA,NA
4685,"Site1","2024-08-03","Plot1","4","2024-08-02","I3","_0I0078","_0I0078",1,"2024-08-02","licania densiflora",179.520022542856,44.119976343587,30.2,1.3,NA,"AS",NA,NA,NA,NA
6789,"Site1","2024-08-03","Plot1","4","2024-08-02","L2","_0L0894","_0L0894",1,"2024-08-02","dendropanax cuneatus",223.270047484839,26.4600311275572,12.3,1.3,NA,"AS",NA,NA,NA,NA
5988,"Site1","2024-08-03","Plot1","4","2024-08-02","K13","_0K0291","_0K0291",1,"2024-08-02","brosimum rubescens",207.800006247824,241.000009804964,29.5,1.3,NA,"AS",NA,NA,NA,NA
1812,"Site1","2024-08-03","Plot1","4","2024-08-02","D2","_0D0021","_0D0021",1,"2024-08-02","sorocea steinbachii",60.9900160745019,22.8200392629951,17.7935226376739,1.3,NA,"AS",NA,NA,NA,NA
3181,"Site1","2024-08-03","Plot1","4","2024-08-02","F20","_0F0474","_0F0474",1,"2024-08-02","pseudolmedia laevis",110.29997500946,381.50002527982,60.7,1.3,NA,"AS",NA,NA,NA,NA
14169,"Site1","2024-08-03","Plot1","4","2024-08-02","B24","_1B0881","_1B0881",1,"2024-08-02","socratea exorrhiza",33.7000473535736,466.679967891425,16.7,2.72,NA,"AS",NA,NA,NA,NA
12990,"Site1","2024-08-03","Plot1","4","2024-08-02","X3","_0X0051","_0X0051",1,"2024-08-02","virola duckei",472.889974709484,48.0699688196182,26.2,1.3,NA,"AS",NA,NA,NA,NA
12937,"Site1","2024-08-03","Plot1","4","2024-08-02","W24","_0W3980","_0W3980",1,"2024-08-02","inga fastuosa",453.929970888712,478.059966534376,10.3,1.3,NA,"AS",NA,NA,NA,NA
13956,"Site1","2024-08-03","Plot1","4","2024-08-02","Y24","_0Y0578","_0Y0578",1,"2024-08-02","tachigali poeppigiana",489.279994609708,466.479979142547,59.5,1.3,NA,"AS",NA,NA,NA,NA
4790,"Site1","2024-08-03","Plot1","4","2024-08-02","I10","_0I0235","_0I0235",1,"2024-08-02","pterocarpus officinalis",165.289974492451,199.329990411177,13.2,1.3,NA,"AS",NA,NA,NA,NA
6139,"Site1","2024-08-03","Plot1","4","2024-08-02","K22","_0K0501","_0K0501",1,"2024-08-02","eschweilera itayensis",217.429978531727,435.96002189815,31.1,1.3,NA,"AS",NA,NA,NA,NA
13054,"Site1","2024-08-03","Plot1","4","2024-08-02","X7","_0X0134","_0X0134",1,"2024-08-02","otoba glycycarpa",469.240046026534,127.950005471706,26.3,1.3,NA,"AS",NA,NA,NA,NA
14004,"Site1","2024-08-03","Plot1","4","2024-08-02","Y4","_0Y0871","_0Y0871",1,"2024-08-02","virola calophylla",483.000049042748,66.8099623080343,11.25,1.3,NA,"AS",NA,NA,NA,NA
8866,"Site1","2024-08-03","Plot1","4","2024-08-02","P14","_0P0316","_0P0316",1,"2024-08-02","eschweilera coriacea",312.990048972366,269.029983434826,34.5,1.3,NA,"AS",NA,NA,NA,NA
13438,"Site1","2024-08-03","Plot1","4","2024-08-02","X14","_0X2448","_0X2448",1,"2024-08-02","virola sebifera",462.810046373692,260.699952978641,16.8,1.3,NA,"AS",NA,NA,NA,NA
10523,"Site1","2024-08-03","Plot1","4","2024-08-02","S13","_0S0314","_0S0314",1,"2024-08-02","pouteria bilocularis",373.860024633468,240.500003393739,25,1.3,NA,"AS",NA,NA,NA,NA
6793,"Site1","2024-08-03","Plot1","4","2024-08-02","L2","_0L0947","_0L0947",1,"2024-08-02","warszewiczia coccinea",232.939984845871,33.5299661364406,10.1,1.3,NA,"AS",NA,NA,NA,NA
1983,"Site1","2024-08-03","Plot1","4","2024-08-02","D13","_0D0271","_0D0271",1,"2024-08-02","leptobalanus longistylus",60.5799824788119,244.500026436523,50.802257834933,1.75,NA,"AS",NA,NA,NA,NA
284,"Site1","2024-08-03","Plot1","4","2024-08-02","A18","_0A0410","_0A0410",1,"2024-08-02","macrolobium angustifolium",11.7900190613582,353.719951668754,26.0377486898341,1.3,NA,"AS",NA,NA,NA,NA
1868,"Site1","2024-08-03","Plot1","4","2024-08-02","D5","_0D0106","_0D0106",1,"2024-08-02","eschweilera coriacea",63.0199999879696,80.2599999997765,20.4354946929994,1.3,NA,"AS",NA,NA,NA,NA
7934,"Site1","2024-08-03","Plot1","4","2024-08-02","N3","_0N1021","_0N1021",1,"2024-08-02","oxandra riedeliana",263.589953770337,45.7600224185735,11.6,1.3,NA,"AS",NA,NA,NA,NA
9900,"Site1","2024-08-03","Plot1","4","2024-08-02","R7","_0R0145","_0R0145",1,"2024-08-02","crudia glaberrima",345.289960853581,132.079977905378,21.8,1.3,NA,"AS",NA,NA,NA,NA
6074,"Site1","2024-08-03","Plot1","4","2024-08-02","K19","_0K0417","_0K0417",1,"2024-08-02","annona jucunda",201.94003411365,366.480043334886,51.2,1.3,NA,"AS",NA,NA,NA,NA
912,"Site1","2024-08-03","Plot1","4","2024-08-02","B18","_0B0475","_0B0475",1,"2024-08-02","quararibea guianensis",31.7400254404056,350.270033035427,22.0907061011551,1.3,NA,"AS",NA,NA,NA,NA
10156,"Site1","2024-08-03","Plot1","4","2024-08-02","R2","_0R0931","_0R0931",1,"2024-08-02","protium robustum",351.439997943758,35.9500481691211,10.1,1.3,NA,"AS",NA,NA,NA,NA
5874,"Site1","2024-08-03","Plot1","4","2024-08-02","K6","_0K0122","_0K0122",1,"2024-08-02","apeiba membranacea",203.43002555886,117.600008776411,40.5,1.3,NA,"AS",NA,NA,NA,NA
11979,"Site1","2024-08-03","Plot1","4","2024-08-02","V5","_0V0103","_0V0103",1,"2024-08-02","symphonia globulifera",430.679959168541,96.3199599031359,18.3,1.3,NA,"AS",NA,NA,NA,NA
10706,"Site1","2024-08-03","Plot1","4","2024-08-02","S4","_0S1265","_0S1265",1,"2024-08-02","vochysia lomatophylla",378.560046166414,71.8799573220313,18.2,1.3,NA,"AS",NA,NA,NA,NA
8141,"Site1","2024-08-03","Plot1","4","2024-08-02","O6","_0O0131","_0O0131",1,"2024-08-02","apeiba membranacea",288.989952503878,100.509961269796,19.4,1.3,NA,"AS",NA,NA,NA,NA
127,"Site1","2024-08-03","Plot1","4","2024-08-02","A7","_0A0188","_0A0188",1,"2024-08-02","pseudomalmea diclina",16.7800321494578,124.830015562475,30.398594130552,1.3,NA,"AS",NA,NA,NA,NA
3151,"Site1","2024-08-03","Plot1","4","2024-08-02","F18","_0F0430","_0F0430",1,"2024-08-02","abarema sp.1",118.659986903775,351.220009293407,24.4,1.3,NA,"AS",NA,NA,NA,NA
6148,"Site1","2024-08-03","Plot1","4","2024-08-02","K23","_0K0515","_0K0515",1,"2024-08-02","euterpe precatoria",201.599985029723,450.979988969862,16.5,1.3,NA,"AS",NA,NA,NA,NA
10933,"Site1","2024-08-03","Plot1","4","2024-08-02","T6","_0T0122","_0T0122",1,"2024-08-02","conceveiba guianensis",382.249976899999,109.770009063184,18.5,1.3,NA,"AS",NA,NA,NA,NA
13864,"Site1","2024-08-03","Plot1","4","2024-08-02","Y18","_0Y0442","_0Y0442",1,"2024-08-02","inga leiocalycina",485.980019492272,344.109960593283,43.8,3,NA,"AS",NA,NA,NA,NA
12455,"Site1","2024-08-03","Plot1","4","2024-08-02","W4","_0W0065","_0W0065",1,"2024-08-02","oxandra major",441.220015389554,75.310004664585,16.3,1.3,NA,"AS",NA,NA,NA,NA
754,"Site1","2024-08-03","Plot1","4","2024-08-02","B8","_0B0235","_0B0235",1,"2024-08-02","inga capitata",24.2399999963236,158.959999999031,12.8915503904435,1.3,NA,"AS",NA,NA,NA,NA
9549,"Site1","2024-08-03","Plot1","4","2024-08-02","Q22","_0Q0466","_0Q0466",1,"2024-08-02","casearia prunifolia",320.129976828524,439.229986250401,10.8,1.3,NA,"AS",NA,NA,NA,NA
11484,"Site1","2024-08-03","Plot1","4","2024-08-02","U10","_0U0206","_0U0206",1,"2024-08-02","brosimum lactescens",405.979965785926,195.850031251088,34.2,1.95,NA,"AS",NA,NA,NA,NA
12076,"Site1","2024-08-03","Plot1","4","2024-08-02","V12","_0V0242","_0V0242",1,"2024-08-02","macrolobium limbatum",424.319982311863,233.049952074885,15.4,1.3,NA,"AS",NA,NA,NA,NA
7807,"Site1","2024-08-03","Plot1","4","2024-08-02","N20","_0N0428","_0N0428",1,"2024-08-02","licania micrantha",263.779996221594,391.180002165958,12.8,1.3,NA,"AS",NA,NA,NA,NA
4942,"Site1","2024-08-03","Plot1","4","2024-08-02","I20","_0I0466","_0I0466",1,"2024-08-02","diospyros capreifolia",175.809998737532,398.939971670508,12.9,1.3,NA,"AS",NA,NA,NA,NA
11863,"Site1","2024-08-03","Plot1","4","2024-08-02","U18","_0U0416","_0U3334",1,"2024-08-02","matayba elegans",418.729973607056,352.459985550493,12.5,1.3,NA,"AS",NA,NA,NA,NA
2118,"Site1","2024-08-03","Plot1","4","2024-08-02","D22","_0D0475","_0D0475",1,"2024-08-02","theobroma subincanum",75.5099540244555,437.530027845874,18.4,1.3,NA,"AS",NA,NA,NA,NA
10914,"Site1","2024-08-03","Plot1","4","2024-08-02","T4","_0T0094","_0T0094",1,"2024-08-02","conceveiba guianensis",398.509992778825,67.5900229327381,20.3,1.5,NA,"AS",NA,NA,NA,NA
5047,"Site1","2024-08-03","Plot1","4","2024-08-02","I25","_0I0595","_0I0595",1,"2024-08-02","virola pavonis",160.750008912117,492.280045833439,42.3,1.3,NA,"AS",NA,NA,NA,NA
3550,"Site1","2024-08-03","Plot1","4","2024-08-02","G8","_0G0170","_0G0170",1,"2024-08-02","virola pavonis",139.529997101752,145.829967420548,29.5,1.8,NA,"AS",NA,NA,NA,NA
13537,"Site1","2024-08-03","Plot1","4","2024-08-02","X3","_0X4807","_0X4807",1,"2024-08-02","diospyros artanthifolia",461.069983047899,54.2100394871086,22.5,1.3,NA,"AS",NA,NA,NA,NA
8334,"Site1","2024-08-03","Plot1","4","2024-08-02","O18","_0O0424","_0O0424",1,"2024-08-02","caraipa grandifolia",287.019973017101,344.780008049682,17.7,1.3,NA,"AS",NA,NA,NA,NA
9020,"Site1","2024-08-03","Plot1","4","2024-08-02","P24","_0P0539","_0P0539",1,"2024-08-02","virola calophylla",314.269992427784,467.719970265403,24.4,1.3,NA,"AS",NA,NA,NA,NA
1082,"Site1","2024-08-03","Plot1","4","2024-08-02","B9","_0B2378","_0B2378",1,"2024-08-02","virola decorticans",39.7499999937718,166.730000000447,15.9473252978079,1.3,NA,"AS",NA,NA,NA,NA
3493,"Site1","2024-08-03","Plot1","4","2024-08-02","G5","_0G0088","_0G0088",1,"2024-08-02","eschweilera bracteosa",126.579994820117,98.1199819836766,11.3,1.3,NA,"AS",NA,NA,NA,NA
2696,"Site1","2024-08-03","Plot1","4","2024-08-02","E23","_0E0539","_0E0539",1,"2024-08-02","otoba parvifolia",91.7099800686701,453.720012277365,28.1,1.3,NA,"AS",NA,NA,NA,NA
9536,"Site1","2024-08-03","Plot1","4","2024-08-02","Q21","_0Q0449","_0Q0449",1,"2024-08-02","theobroma subincanum",331.250004794099,418.02002036944,19,1.3,NA,"AS",NA,NA,NA,NA
1650,"Site1","2024-08-03","Plot1","4","2024-08-02","C9","_0C2271","_0C2271",1,"2024-08-02","brunfelsia grandiflora",46.909999989206,175.560000000522,13.8146490603765,1.44,NA,"AS",NA,NA,NA,NA
8835,"Site1","2024-08-03","Plot1","4","2024-08-02","P12","_0P0270","_0P0270",1,"2024-08-02","iryanthera juruensis",306.233920117025,233.526755776256,30.6,1.3,NA,"AS",NA,NA,NA,NA
11545,"Site1","2024-08-03","Plot1","4","2024-08-02","U14","_0U0305","_0U0305",1,"2024-08-02","naucleopsis riparia",402.95995524613,264.210011364892,15.3,1.3,NA,"AS",NA,NA,NA,NA
9376,"Site1","2024-08-03","Plot1","4","2024-08-02","Q10","_0Q0209","_0Q0209",1,"2024-08-02","compsoneura sprucei",328.590001114935,193.139952216297,15.6,1.3,NA,"AS",NA,NA,NA,NA
6845,"Site1","2024-08-03","Plot1","4","2024-08-02","L9","_0L2012","_0L2012",1,"2024-08-02","faramea anisocalyx",232.689965321857,166.89999884367,11.4,1.3,NA,"AS",NA,NA,NA,NA
3468,"Site1","2024-08-03","Plot1","4","2024-08-02","G3","_0G0050","_0G0050",1,"2024-08-02","euterpe precatoria",133.949968224508,54.3699840977788,19.5,1.3,NA,"AS",NA,NA,NA,NA
4569,"Site1","2024-08-03","Plot1","4","2024-08-02","H16","_0H3579","_0H3579",1,"2024-08-02","otoba glycycarpa",159.929979826207,316.83996126987,11.9,1.3,NA,"AS",NA,NA,NA,NA
4365,"Site1","2024-08-03","Plot1","4","2024-08-02","H21","_0H0479","_0H0479",1,"2024-08-02","iriartea deltoidea",153.600044623192,406.240037249401,27,2,NA,"AS",NA,NA,NA,NA
10128,"Site1","2024-08-03","Plot1","4","2024-08-02","R6","_0R0525","_0R0525",1,"2024-08-02","virola surinamensis",345.260042109236,113.840027587488,27.65,2.7,NA,"AS",NA,NA,NA,NA
6661,"Site1","2024-08-03","Plot1","4","2024-08-02","L19","_0L0411","_0L0411",1,"2024-08-02","inga leiocalycina",222.430037261627,377.460024513304,32.1,2.7,NA,"AS",NA,NA,NA,NA
4531,"Site1","2024-08-03","Plot1","4","2024-08-02","H12","_0H2772","_0H2772",1,"2024-08-02","siparuna decipiens",146.979981653218,222.060043204576,11.4,1.3,NA,"AS",NA,NA,NA,NA
10248,"Site1","2024-08-03","Plot1","4","2024-08-02","R14","_0R2816","_0R2816",1,"2024-08-02","parkia multijuga",348.000006525486,265.229970419779,20.3,1.3,NA,"AS",NA,NA,NA,NA
12300,"Site1","2024-08-03","Plot1","4","2024-08-02","V8","_0V1736","_0V1736",1,"2024-08-02","theobroma obovatum",420.859969409765,152.06998739019,10.3,1.3,NA,"AS",NA,NA,NA,NA
13561,"Site1","2024-08-03","Plot1","4","2024-08-02","Y1","_0Y0013","_0Y0013",1,"2024-08-02","nealchornea yapurensis",494.250036662386,15.0800038948655,19.8,1.3,NA,"AS",NA,NA,NA,NA
1377,"Site1","2024-08-03","Plot1","4","2024-08-02","C13","_0C0261","_0C0261",1,"2024-08-02","theobroma glaucum",47.4899999923073,252.709999999031,16.8704239677409,1.4,NA,"AS",NA,NA,NA,NA
6348,"Site1","2024-08-03","Plot1","4","2024-08-02","K18","_0K3950","_0K3950",1,"2024-08-02","richeria sp.1",207.579987675126,351.989999875426,12.8,1.3,NA,"AS",NA,NA,NA,NA
5519,"Site1","2024-08-03","Plot1","4","2024-08-02","J21","_0J0511","_0J0511",1,"2024-08-02","dicranostyles densa",185.150015085179,411.070017790422,36.8,1.3,NA,"AS",NA,NA,NA,NA
12823,"Site1","2024-08-03","Plot1","4","2024-08-02","W4","_0W1197","_0W1197",1,"2024-08-02","siparuna cristata",457.680008573516,79.3000188488513,10.5,1.3,NA,"AS",NA,NA,NA,NA
10817,"Site1","2024-08-03","Plot1","4","2024-08-02","S20","_0S3402","_0S3402",1,"2024-08-02","eugenia florida",362.350042906532,386.140044378117,11.8,1.3,NA,"AS",NA,NA,NA,NA
9037,"Site1","2024-08-03","Plot1","4","2024-08-02","P25","_0P0557","_0P0557",1,"2024-08-02","eschweilera coriacea",318.110010712349,490.090044004843,17.3,1.3,NA,"AS",NA,NA,NA,NA
4190,"Site1","2024-08-03","Plot1","4","2024-08-02","H11","_0H0233","_0H0233",1,"2024-08-02","maquira calophylla",156.770017291943,213.119995329529,14.7,1.3,NA,"AS",NA,NA,NA,NA
1278,"Site1","2024-08-03","Plot1","4","2024-08-02","C5","_0C0121","_0C0121",1,"2024-08-02","iryanthera laevis",56.2999999950407,84.5,20.5946496360913,1.3,NA,"AS",NA,NA,NA,NA
13196,"Site1","2024-08-03","Plot1","4","2024-08-02","X15","_0X0335","_0X0335",1,"2024-08-02","eschweilera gigantea",462.213703797373,286.000704167411,14,1.3,NA,"AS",NA,NA,NA,NA
4003,"Site1","2024-08-03","Plot1","4","2024-08-02","G23","_0G4446","_0G4446",1,"2024-08-02","protium nodulosum",123.960005714674,446.259973203763,15.1,1.8,NA,"AS",NA,NA,NA,NA
12928,"Site1","2024-08-03","Plot1","4","2024-08-02","W24","_0W3904","_0W3904",1,"2024-08-02","cordia lasseri",445.730043078365,467.699972644448,20.2,1.3,NA,"AS",NA,NA,NA,NA
3782,"Site1","2024-08-03","Plot1","4","2024-08-02","G22","_0G0501","_0G0501",1,"2024-08-02","perebea xanthochyma",138.980009759136,437.500008963048,22.3,1.3,NA,"AS",NA,NA,NA,NA
6249,"Site1","2024-08-03","Plot1","4","2024-08-02","K4","_0K1438","_0K1438",1,"2024-08-02","pseudolmedia laevis",210.330030716897,77.3400266431272,12.3,1.3,NA,"AS",NA,NA,NA,NA
7999,"Site1","2024-08-03","Plot1","4","2024-08-02","N19","_0N3799","_0N3799",1,"2024-08-02","guarea ecuadoriensis",260.120013905282,377.629961624742,13.4,1.3,NA,"AS",NA,NA,NA,NA
13612,"Site1","2024-08-03","Plot1","4","2024-08-02","Y4","_0Y0089","_0Y0089",1,"2024-08-02","protium krukoffii",492.180009833246,67.5099785551429,22.9,1.3,NA,"AS",NA,NA,NA,NA
387,"Site1","2024-08-03","Plot1","4","2024-08-02","A25","_0A0575","_0A0575",1,"2024-08-02","sterculia tessmannii",17.0200052605942,485.030044417828,60.542540352157,1.3,NA,"AS",NA,NA,NA,NA
13749,"Site1","2024-08-03","Plot1","4","2024-08-02","Y10","_0Y0267","_0Y0267",1,"2024-08-02","sapium marmieri",495.809996558644,187.490031043068,27.6,2.65,NA,"AS",NA,NA,NA,NA
14952,"Site1","2024-08-03","Plot1","4","2024-08-02",NA,"_3V0871","_3V0871",1,"2024-09-25",NA,435.825428767886,446.503506595269,14,1.3,NA,"AS",NA,NA,NA,NA
5260,"Site1","2024-08-03","Plot1","4","2024-08-02","J4","_0J0092","_0J0092",1,"2024-08-02","iryanthera hostmannii",181.050010003557,72.4599524326622,10.5,1.3,NA,"AS",NA,NA,NA,NA
9670,"Site1","2024-08-03","Plot1","4","2024-08-02","Q7","_0Q1851","_0Q1851",1,"2024-08-02","oxandra major",321.900027656637,124.100010463968,10.2,1.3,NA,"AS",NA,NA,NA,NA
13550,"Site1","2024-08-03","Plot1","4","2024-08-02","X23","_0X4998","_0X4998",1,"2024-08-02",NA,472.609438334184,448.578521566465,15.4,1.3,NA,"AS",NA,NA,NA,NA
9166,"Site1","2024-08-03","Plot1","4","2024-08-02","P17","_0P3843","_0P3843",1,"2024-08-02","coccoloba sp.1",310.219959701237,322.649990938604,15.1,1.3,NA,"AS",NA,NA,NA,NA
1908,"Site1","2024-08-03","Plot1","4","2024-08-02","D7","_0D0167","_0D0167",1,"2024-08-02","micropholis guyanensis",73.4800367167336,133.750024370849,13.94197301485,1.3,NA,"AS",NA,NA,NA,NA
4973,"Site1","2024-08-03","Plot1","4","2024-08-02","I22","_0I0502","_0I0502",1,"2024-08-02","hirtella schultesii",168.300031934923,420.23004415445,36.5,1.3,NA,"AS",NA,NA,NA,NA
2291,"Site1","2024-08-03","Plot1","4","2024-08-02","D18","_0D3990","_0D3990",1,"2024-08-02","inga sp.4",75.5299561625579,350.729956805706,13.7,1.3,NA,"AS",NA,NA,NA,NA
13346,"Site1","2024-08-03","Plot1","4","2024-08-02","X23","_0X0564","_0X0564",1,"2024-08-02","erisma laurifolium",473.379975794058,459.7900082618,20.2,1.3,NA,"AS",NA,NA,NA,NA
9498,"Site1","2024-08-03","Plot1","4","2024-08-02","Q18","_0Q0383","_0Q0383",1,"2024-08-02","virola sebifera",332.559953605756,341.969982197508,21.8,1.3,NA,"AS",NA,NA,NA,NA
6705,"Site1","2024-08-03","Plot1","4","2024-08-02","L22","_0L0489","_0L0489",1,"2024-08-02","guarea gomma",224.490019309334,437.709989596158,20.8,1.3,NA,"AS",NA,NA,NA,NA
14024,"Site1","2024-08-03","Plot1","4","2024-08-02","Y9","_0Y1783","_0Y1783",1,"2024-08-02","sterculia tessmannii",491.20999469189,173.33999433741,10.22,1.3,NA,"AS",NA,NA,NA,NA
9534,"Site1","2024-08-03","Plot1","4","2024-08-02","Q21","_0Q0447","_0Q0447",1,"2024-08-02","virola multinervia",334.479977131414,411.169965190813,55.5,2.48,NA,"AS",NA,NA,NA,NA
11971,"Site1","2024-08-03","Plot1","4","2024-08-02","V4","_0V0089","_0V0089",1,"2024-08-02","cedrela odorata",435.100007430941,63.6800478305668,47.6,2.1,NA,"AS",NA,NA,NA,NA
9635,"Site1","2024-08-03","Plot1","4","2024-08-02","Q2","_0Q1010","_0Q1010",1,"2024-08-02","virola pavonis",325.820018149388,34.6500305458903,19.2,1.3,NA,"AS",NA,NA,NA,NA
12817,"Site1","2024-08-03","Plot1","4","2024-08-02","W4","_0W1122","_0W1122",1,"2024-08-02","eugenia patrisii",441.449953081959,65.2499849591404,10.4,1.3,NA,"AS",NA,NA,NA,NA
8356,"Site1","2024-08-03","Plot1","4","2024-08-02","O20","_0O0466","_0O0466",1,"2024-08-02","pourouma bicolor",280.680044681474,393.450005449355,32.9,2.7,NA,"AS",NA,NA,NA,NA
5441,"Site1","2024-08-03","Plot1","4","2024-08-02","J15","_0J0375","_0J0375",1,"2024-08-02","inga cylindrica",184.239958731399,290.449982399121,39.2,2.5,NA,"AS",NA,NA,NA,NA
12776,"Site1","2024-08-03","Plot1","4","2024-08-02","W23","_0W0555","_0W0555",1,"2024-08-02","socratea exorrhiza",448.509988917736,458.379963446409,15.6,3.8,NA,"AS",NA,NA,NA,NA
7314,"Site1","2024-08-03","Plot1","4","2024-08-02","M25","_0M0548","_0M0548",1,"2024-08-02","iriartea deltoidea",240.860039391264,489.840048097074,23.6,1.98,NA,"AS",NA,NA,NA,NA
509,"Site1","2024-08-03","Plot1","4","2024-08-02","A14","_0A3028","_0A3028",1,"2024-08-02","dendropanax cuneatus",6.00004762626486,269.779963653535,12.2549306180759,1.3,NA,"AS",NA,NA,NA,NA
10348,"Site1","2024-08-03","Plot1","4","2024-08-02","S1","_0S0021","_0S0021",1,"2024-08-02","terminalia dichotoma",376.299993787019,9.26998722553253,10.6,1.3,NA,"AS",NA,NA,NA,NA
4290,"Site1","2024-08-03","Plot1","4","2024-08-02","H17","_0H0363","_0H0363",1,"2024-08-02","iryanthera laevis",141.709964567795,325.770027210936,29.5,1.3,NA,"AS",NA,NA,NA,NA
3034,"Site1","2024-08-03","Plot1","4","2024-08-02","F11","_0F0240","_0F0240",1,"2024-08-02","conceveiba guianensis",103.919981279352,215.57004853338,21.9,2.6,NA,"AS",NA,NA,NA,NA
11762,"Site1","2024-08-03","Plot1","4","2024-08-02","U3","_0U1181","_0U1181",1,"2024-08-02","spondias globosa",413.460035008495,47.9000153820962,11.2,1.3,NA,"AS",NA,NA,NA,NA
1271,"Site1","2024-08-03","Plot1","4","2024-08-02","C5","_0C0114","_0C0114",1,"2024-08-02","brosimum lactescens",56.4999999972642,93.480000000447,10.9816910733408,1.55,NA,"AS",NA,NA,NA,NA
5051,"Site1","2024-08-03","Plot1","4","2024-08-02","I25","_0I0605","_0I0605",1,"2024-08-02","guarea trunciflora",171.219986376178,488.629966529086,29.5,1.3,NA,"AS",NA,NA,NA,NA
10567,"Site1","2024-08-03","Plot1","4","2024-08-02","S20","_0S0427","_0S0427",1,"2024-08-02","zygia latifolia",378.759988361853,383.609970564023,12.3,1.3,NA,"AS",NA,NA,NA,NA
6886,"Site1","2024-08-03","Plot1","4","2024-08-02","L14","_0L3177","_0L3177",1,"2024-08-02","protium nodulosum",239.290040891326,270.729979164898,12.4,1.3,NA,"AS",NA,NA,NA,NA
5570,"Site1","2024-08-03","Plot1","4","2024-08-02","J23","_0J0579","_0J0579",1,"2024-08-02","virola sebifera",199.319977845938,446.330011630431,47.2,1.7,NA,"AS",NA,NA,NA,NA
12835,"Site1","2024-08-03","Plot1","4","2024-08-02","W7","_0W1581","_0W1581",1,"2024-08-02","couepia macrophylla",441.260037704429,130.780041001737,11.6,1.3,NA,"AS",NA,NA,NA,NA
587,"Site1","2024-08-03","Plot1","4","2024-08-02","A15","_0A4959","_0A4959",1,"2024-08-02","cassipourea peruviana",18.6399598916178,299.709966594353,12.7005644587332,1.3,NA,"AS",NA,NA,NA,NA
7878,"Site1","2024-08-03","Plot1","4","2024-08-02","N24","_0N0518","_0N0518",1,"2024-08-02","iryanthera macrophylla",267.320010645024,466.550042795017,11.5,1.3,NA,"AS",NA,NA,NA,NA
7817,"Site1","2024-08-03","Plot1","4","2024-08-02","N20","_0N0440","_0N0440",1,"2024-08-02","eschweilera coriacea",270.930014731421,388.239964185283,25,1.3,NA,"AS",NA,NA,NA,NA
4604,"Site1","2024-08-03","Plot1","4","2024-08-02","H22","_0H4542","_0H4542",1,"2024-08-02","couma macrocarpa",141.419983630709,438.380036147311,11.9,1.3,NA,"AS",NA,NA,NA,NA
4731,"Site1","2024-08-03","Plot1","4","2024-08-02","I6","_0I0145","_0I0145",1,"2024-08-02","theobroma microcarpum",173.230251010566,115.712504822761,11.8,1.3,NA,"AS",NA,NA,NA,NA
4852,"Site1","2024-08-03","Plot1","4","2024-08-02","I13","_0I0322","_0I0322",1,"2024-08-02","trichilia quadrijuga",176.350042605714,250.999966582283,16.3,1.3,NA,"AS",NA,NA,NA,NA
255,"Site1","2024-08-03","Plot1","4","2024-08-02","A17","_0A0378","_0A0378",1,"2024-08-02","oxandra xylopioides",2.36999960447429,332.23001071997,25.5602838605584,1.3,NA,"AS",NA,NA,NA,NA
6743,"Site1","2024-08-03","Plot1","4","2024-08-02","L24","_0L0545","_0L0545",1,"2024-08-02","erisma laurifolium",235.559980091988,479.299952277914,55.7,3.35,NA,"AS",NA,NA,NA,NA
13732,"Site1","2024-08-03","Plot1","4","2024-08-02","Y9","_0Y0243","_0Y0243",1,"2024-08-02","calliandra trinervia",490.790040535096,165.399958617985,12,1.3,NA,"AS",NA,NA,NA,NA
7418,"Site1","2024-08-03","Plot1","4","2024-08-02","M12","_0M2482","_0M2482",1,"2024-08-02","sapotaceae sp.2",243.488625476195,226.285714013502,12.8,1.3,NA,"AS",NA,NA,NA,NA
6688,"Site1","2024-08-03","Plot1","4","2024-08-02","L21","_0L0463","_0L0463",1,"2024-08-02","hymenopus arachnoideus",228.539959681919,402.300033515319,20,1.3,NA,"AS",NA,NA,NA,NA
9762,"Site1","2024-08-03","Plot1","4","2024-08-02","Q19","_0Q3865","_0Q3865",1,"2024-08-02","miconia punctata",326.680003914109,372.169985292479,16.9,1.3,NA,"AS",NA,NA,NA,NA
3898,"Site1","2024-08-03","Plot1","4","2024-08-02","G8","_0G1991","_0G1991",1,"2024-08-02","couepia macrophylla",133.160040209477,159.239997269586,11.7,1.3,NA,"AS",NA,NA,NA,NA
8318,"Site1","2024-08-03","Plot1","4","2024-08-02","O17","_0O0397","_0O0397",1,"2024-08-02","eschweilera parvifolia",281.550037120061,326.950043050572,37.6,1.6,NA,"AS",NA,NA,NA,NA
5804,"Site1","2024-08-03","Plot1","4","2024-08-02","K1","_0K0022","_0K0022",1,"2024-08-02","carapa guianensis",211.849974324403,9.10002888552845,11.5,1.3,NA,"AS",NA,NA,NA,NA
2548,"Site1","2024-08-03","Plot1","4","2024-08-02","E13","_0E0295","_0E0295",1,"2024-08-02","iryanthera hostmannii",87.2500035327976,242.110048934817,13.7,1.3,NA,"AS",NA,NA,NA,NA
10717,"Site1","2024-08-03","Plot1","4","2024-08-02","S6","_0S1545","_0S1545",1,"2024-08-02","brosimum guianense",360.489980402344,118.550002761185,11.8,1.3,NA,"AS",NA,NA,NA,NA
5572,"Site1","2024-08-03","Plot1","4","2024-08-02","J24","_0J0581","_0J0581",1,"2024-08-02","guarea gomma",183.989995885931,460.87998399511,13.9,1.3,NA,"AS",NA,NA,NA,NA
10607,"Site1","2024-08-03","Plot1","4","2024-08-02","S22","_0S0475","_0S0475",1,"2024-08-02","tachigali setifera",379.119979947747,429.479994887486,45.7,1.65,NA,"AS",NA,NA,NA,NA
5111,"Site1","2024-08-03","Plot1","4","2024-08-02","I9","_0I2135","_0I2135",1,"2024-08-02","tachigali setifera",160.120027342637,172.560031365603,50.5,1.3,NA,"AS",NA,NA,NA,NA
4428,"Site1","2024-08-03","Plot1","4","2024-08-02","H24","_0H0570","_0H0570",1,"2024-08-02","otoba glycycarpa",157.640030588547,478.599977642298,15.3,1.3,NA,"AS",NA,NA,NA,NA
12508,"Site1","2024-08-03","Plot1","4","2024-08-02","W7","_0W0156","_0W0156",1,"2024-08-02","theobroma subincanum",450.80002144404,138.450012657791,18.3,1.3,NA,"AS",NA,NA,NA,NA
10964,"Site1","2024-08-03","Plot1","4","2024-08-02","T8","_0T0184","_0T0184",1,"2024-08-02","simaba polyphylla",395.060028937121,156.049996858463,24.7,1.3,NA,"AS",NA,NA,NA,NA
10617,"Site1","2024-08-03","Plot1","4","2024-08-02","S23","_0S0487","_0S0487",1,"2024-08-02","dialium guianense",372.850046137872,455.880034292117,27.2,1.3,NA,"AS",NA,NA,NA,NA
11031,"Site1","2024-08-03","Plot1","4","2024-08-02","T14","_0T0317","_0T0317",1,"2024-08-02","eschweilera itayensis",386.009994259861,275.050048880279,23.2,1.3,NA,"AS",NA,NA,NA,NA
13866,"Site1","2024-08-03","Plot1","4","2024-08-02","Y18","_0Y0444","_0Y0444",1,"2024-08-02","virola calophylla",483.989959819883,357.899951770902,18.95,1.3,NA,"AS",NA,NA,NA,NA
2525,"Site1","2024-08-03","Plot1","4","2024-08-02","E11","_0E0267","_0E0267",1,"2024-08-02","conceveiba guianensis",96.3699993538903,201.939977718517,18,1.3,NA,"AS",NA,NA,NA,NA
9883,"Site1","2024-08-03","Plot1","4","2024-08-02","R6","_0R0117","_0R0117",1,"2024-08-02","tapura acreana",341.249954236846,102.700030973181,14.3,1.3,NA,"AS",NA,NA,NA,NA
7394,"Site1","2024-08-03","Plot1","4","2024-08-02","M9","_0M2052","_0M2052",1,"2024-08-02","otoba parvifolia",254.869979765208,172.280001407489,14.1,1.3,NA,"AS",NA,NA,NA,NA
1510,"Site1","2024-08-03","Plot1","4","2024-08-02","C20","_0C0433","_0C0433",1,"2024-08-02","iryanthera hostmannii",54.5699706698651,394.909961884841,12.509578527023,1.3,NA,"AS",NA,NA,NA,NA
2243,"Site1","2024-08-03","Plot1","4","2024-08-02","D13","_0D3025","_0D3025",1,"2024-08-02","xylopia calophylla",63.4100436878507,256.239966033027,17.3160578083982,1.3,NA,"AS",NA,NA,NA,NA
4122,"Site1","2024-08-03","Plot1","4","2024-08-02","H6","_0H0128","_0H0128",1,"2024-08-02","tovomita sp.1",155.160044682794,111.240031745285,19.8,2,NA,"AS",NA,NA,NA,NA
14643,"Site1","2024-08-03","Plot1","4","2024-08-02","P10","_2P0259","_2P0259",1,"2024-08-02",NA,300.772094236745,187.182169808075,29.4,1.3,NA,"AS",NA,NA,NA,NA
12081,"Site1","2024-08-03","Plot1","4","2024-08-02","V12","_0V0249","_0V0249",1,"2024-08-02","theobroma microcarpum",430.96003272594,230.960041232407,10.7,1.3,NA,"AS",NA,NA,NA,NA
11248,"Site1","2024-08-03","Plot1","4","2024-08-02","T6","_0T1496","_0T1496",1,"2024-08-02","euterpe precatoria",394.260006005585,108.889966024086,15,1.3,NA,"AS",NA,NA,NA,NA
14480,"Site1","2024-08-03","Plot1","4","2024-08-02","B17","_2B1066","_2B1066",1,"2024-08-02",NA,25.1530158586102,329.819066859782,21.5495792946426,1.3,NA,"AS",NA,NA,NA,NA
4042,"Site1","2024-08-03","Plot1","4","2024-08-02","H2","_0H0022","_0H0022",1,"2024-08-02","socratea exorrhiza",141.699957876408,20.8000459969044,14.5,1.3,NA,"AS",NA,NA,NA,NA
12635,"Site1","2024-08-03","Plot1","4","2024-08-02","W15","_0W0341","_0W0341",1,"2024-08-02","protium trifoliolatum",444.009958712792,290.67001355812,11.1,1.3,NA,"AS",NA,NA,NA,NA
11998,"Site1","2024-08-03","Plot1","4","2024-08-02","V7","_0V0127","_0V0127",1,"2024-08-02","spondias globosa",423.429961056274,120.390003612265,15.8,1.3,NA,"AS",NA,NA,NA,NA
8454,"Site1","2024-08-03","Plot1","4","2024-08-02","O25","_0O0601","_0O0601",1,"2024-08-02","siparuna decipiens",280.499969285971,497.230028618127,20.2,1.3,NA,"AS",NA,NA,NA,NA
4719,"Site1","2024-08-03","Plot1","4","2024-08-02","I6","_0I0127","_0I0127",1,"2024-08-02","chrysochlamys weberbaueri",162.010003432049,104.260047134012,11.5,1.3,NA,"AS",NA,NA,NA,NA
12065,"Site1","2024-08-03","Plot1","4","2024-08-02","V11","_0V0227","_0V0227",1,"2024-08-02","alseis microcarpa",436.569980520231,200.969984911382,16.6,1.3,NA,"AS",NA,NA,NA,NA
12768,"Site1","2024-08-03","Plot1","4","2024-08-02","W22","_0W0543","_0W0543",1,"2024-08-02","platymiscium stipulare",452.229978516174,427.969951597974,20.6,1.3,NA,"AS",NA,NA,NA,NA
2215,"Site1","2024-08-03","Plot1","4","2024-08-02","D8","_0D2114","_0D2114",1,"2024-08-02","casearia sylvestris",78.0200452660793,140.210014333948,16.2019732067549,1.3,NA,"AS",NA,NA,NA,NA
13095,"Site1","2024-08-03","Plot1","4","2024-08-02","X9","_0X0185","_0X0185",1,"2024-08-02","licania triandra",469.009955168876,166.310001503676,19.8,1.3,NA,"AS",NA,NA,NA,NA
3583,"Site1","2024-08-03","Plot1","4","2024-08-02","G11","_0G0217","_0G0217",1,"2024-08-02","agonandra peruviana",124.089984859049,202.369954559952,25.5,1.3,NA,"AS",NA,NA,NA,NA
9477,"Site1","2024-08-03","Plot1","4","2024-08-02","Q17","_0Q0351","_0Q0351",1,"2024-08-02","bixa urucurana",331.949966208718,327.75995574519,30.5,1.3,NA,"AS",NA,NA,NA,NA
2353,"Site1","2024-08-03","Plot1","4","2024-08-02","E1","_0E0016","_0E0016",1,"2024-08-02","chrysochlamys weberbaueri",97.5702674387139,17.231026398018,15.9,1.3,NA,"AS",NA,NA,NA,NA
1437,"Site1","2024-08-03","Plot1","4","2024-08-02","C16","_0C0340","_0C0340",1,"2024-08-02","annona neoinsignis",44.0300450388459,318.010021058843,31.2,3.64,NA,"AS",NA,NA,NA,NA
9713,"Site1","2024-08-03","Plot1","4","2024-08-02","Q14","_0Q3042","_0Q3042",1,"2024-08-02","minquartia guianensis",326.454705513257,273.576733551919,12.5,1.3,NA,"AS",NA,NA,NA,NA
4915,"Site1","2024-08-03","Plot1","4","2024-08-02","I18","_0I0430","_0I0430",1,"2024-08-02","minquartia guianensis",170.680004134832,345.330009970814,35.5,1.3,NA,"AS",NA,NA,NA,NA
6109,"Site1","2024-08-03","Plot1","4","2024-08-02","K20","_0K0461","_0K0461",1,"2024-08-02","eschweilera gigantea",212.170044696017,389.159955287352,10.8,1.3,NA,"AS",NA,NA,NA,NA
14469,"Site1","2024-08-03","Plot1","4","2024-08-02","A25","_2A1366","_2A1366",1,"2024-08-02",NA,10.704594400886,487.774582143873,10.40873327821,1.3,NA,"AS",NA,NA,NA,NA
147,"Site1","2024-08-03","Plot1","4","2024-08-02","A9","_0A0223","_0A0223",1,"2024-08-02","anaueria brasiliensis",11.9200479242136,178.190049342811,17.1250718766879,1.3,NA,"AS",NA,NA,NA,NA
5177,"Site1","2024-08-03","Plot1","4","2024-08-02","I20","_0I3943","_0I3943",1,"2024-08-02","sterculia peruviana",169.480048124969,383.590004073456,15.2,1.3,NA,"AS",NA,NA,NA,NA
6959,"Site1","2024-08-03","Plot1","4","2024-08-02","M1","_0M0008","_0M0008",1,"2024-08-02","virola calophylla",245.46001711156,1.10996439307928,20.9,1.3,NA,"AS",NA,NA,NA,NA
11473,"Site1","2024-08-03","Plot1","4","2024-08-02","U9","_0U0191","_0U0191",1,"2024-08-02","theobroma obovatum",412.609988478885,169.90001681447,13.4,1.3,NA,"AS",NA,NA,NA,NA
5196,"Site1","2024-08-03","Plot1","4","2024-08-02","I24","_0I4786","_0I4786",1,"2024-08-02","dendropanax cuneatus",172.979955402145,464.009982438758,12.8,1.3,NA,"AS",NA,NA,NA,NA
12930,"Site1","2024-08-03","Plot1","4","2024-08-02","W24","_0W3911","_0W3911",1,"2024-08-02","guatteria modesta",448.460029700364,467.290026552975,11.9,1.3,NA,"AS",NA,NA,NA,NA
1622,"Site1","2024-08-03","Plot1","4","2024-08-02","C6","_0C1623","_0C1623",1,"2024-08-02","otoba parvifolia",49.1999999913387,106.459999999031,21.2631003970772,1.3,NA,"AS",NA,NA,NA,NA
4859,"Site1","2024-08-03","Plot1","4","2024-08-02","I14","_0I0332","_0I0332",1,"2024-08-02","hirtella hispidula",161.819627372723,264.917917177081,15.6,1.3,NA,"AS",NA,NA,NA,NA
2146,"Site1","2024-08-03","Plot1","4","2024-08-02","D24","_0D0527","_0D0527",1,"2024-08-02","eschweilera coriacea",78.8400205424987,465.739976132289,36.8,1.3,NA,"AS",NA,NA,NA,NA
12699,"Site1","2024-08-03","Plot1","4","2024-08-02","W17","_0W0418","_0W0418",1,"2024-08-02","conceveiba guianensis",457.429950562422,330.960033055395,15.2,1.3,NA,"AS",NA,NA,NA,NA
14403,"Site1","2024-08-03","Plot1","4","2024-08-02","U13","_1U0184","_1U0184",1,"2024-08-02","parkia multijuga",400.130000944249,241.409993657842,22.5,1.3,NA,"AS",NA,NA,NA,NA
11944,"Site1","2024-08-03","Plot1","4","2024-08-02","V3","_0V0053","_0V0053",1,"2024-08-02","brosimum guianense",429.899967186677,55.840040801093,24.1,1.3,NA,"AS",NA,NA,NA,NA
14935,"Site1","2024-08-03","Plot1","4","2024-08-02",NA,"_3T0293","_3T0287",1,"2024-11-14",NA,399.795698105008,98.6681589055806,13.2,4.25,NA,"AS",NA,NA,NA,NA
12432,"Site1","2024-08-03","Plot1","4","2024-08-02","W2","_0W0027","_0W0027",1,"2024-08-02","oxandra major",440.529966127768,30.2999621145427,17.1,1.3,NA,"AS",NA,NA,NA,NA
14421,"Site1","2024-08-03","Plot1","4","2024-08-02","V19","_1V0213","_1V0213",1,"2024-08-02","bixa urucurana",432.979986009828,374.860035512596,20.8,1.3,NA,"AS",NA,NA,NA,NA
10789,"Site1","2024-08-03","Plot1","4","2024-08-02","S14","_0S2869","_0S2869",1,"2024-08-02","iryanthera juruensis",377.280017369369,278.390021195635,10.5,1.3,NA,"AS",NA,NA,NA,NA
6291,"Site1","2024-08-03","Plot1","4","2024-08-02","K9","_0K2267","_0K2267",1,"2024-08-02","protium subserratum",203.343232787855,175.234084155411,11.2,1.3,NA,"AS",NA,NA,NA,NA
6954,"Site1","2024-08-03","Plot1","4","2024-08-02","M1","_0M0002","_0M0002",1,"2024-08-02","guarea kunthiana",241.299989553459,7.91997081786394,21.9,1.3,NA,"AS",NA,NA,NA,NA
11533,"Site1","2024-08-03","Plot1","4","2024-08-02","U12","_0U0280","_0U0280",1,"2024-08-02","matayba elegans",417.749961352441,227.449973210692,18.5,1.3,NA,"AS",NA,NA,NA,NA
4324,"Site1","2024-08-03","Plot1","4","2024-08-02","H19","_0H0423","_0H0423",1,"2024-08-02","iriartea deltoidea",149.259968661063,375.970015838742,23.1,3.4,NA,"AS",NA,NA,NA,NA
10880,"Site1","2024-08-03","Plot1","4","2024-08-02","T2","_0T0043","_0T0043",1,"2024-08-02","apeiba membranacea",397.059987095825,23.5100079327822,38.8,1.3,NA,"AS",NA,NA,NA,NA
6564,"Site1","2024-08-03","Plot1","4","2024-08-02","L12","_0L0256","_0L0256",1,"2024-08-02","guarea kunthiana",220.190049856203,236.799979686737,15.2,1.3,NA,"AS",NA,NA,NA,NA
12849,"Site1","2024-08-03","Plot1","4","2024-08-02","W9","_0W1884","_0W1884",1,"2024-08-02","alseis microcarpa",448.509959770658,163.200028175488,10.5,1.3,NA,"AS",NA,NA,NA,NA
4737,"Site1","2024-08-03","Plot1","4","2024-08-02","I6","_0I0151","_0I0151",1,"2024-08-02","zygia latifolia",178.539984980016,106.58998735249,21.8,1.3,NA,"AS",NA,NA,NA,NA
10332,"Site1","2024-08-03","Plot1","4","2024-08-02","R10","_0R5086","_0R5086",1,"2024-08-02",NA,351.63281821803,183.25874703005,12.9,1.3,NA,"AS",NA,NA,NA,NA
850,"Site1","2024-08-03","Plot1","4","2024-08-02","B14","_0B0384","_0B0384",1,"2024-08-02","nealchornea yapurensis",30.2299999893294,260.219999998808,28.1385939386471,1.3,NA,"AS",NA,NA,NA,NA
3560,"Site1","2024-08-03","Plot1","4","2024-08-02","G9","_0G0189","_0G0189",1,"2024-08-02","eschweilera coriacea",134.439955816837,163.910001985729,41.9,1.3,NA,"AS",NA,NA,NA,NA
10410,"Site1","2024-08-03","Plot1","4","2024-08-02","S5","_0S0105","_0S0105",1,"2024-08-02","euterpe precatoria",362.3100158085,82.0699953641742,19.6,1.3,NA,"AS",NA,NA,NA,NA
4448,"Site1","2024-08-03","Plot1","4","2024-08-02","H25","_0H0602","_0H0602",1,"2024-08-02","conceveiba guianensis",159.139981600514,495.209975773469,19,1.3,NA,"AS",NA,NA,NA,NA
1098,"Site1","2024-08-03","Plot1","4","2024-08-02","B13","_0B2980","_0B2980",1,"2024-08-02","pouteria sp.2",20.9800383722759,246.220007229596,16.7,1.3,NA,"AS",NA,NA,NA,NA
9506,"Site1","2024-08-03","Plot1","4","2024-08-02","Q19","_0Q0394","_0Q0394",1,"2024-08-02","eschweilera coriacea",321.83003326453,377.050020769238,25.3,2.1,NA,"AS",NA,NA,NA,NA
1011,"Site1","2024-08-03","Plot1","4","2024-08-02","B4","_0B0643","_0B0643",1,"2024-08-02","oxandra major",30.4099620621419,73.9999542348087,17.0295789108328,1.3,NA,"AS",NA,NA,NA,NA
8899,"Site1","2024-08-03","Plot1","4","2024-08-02","P17","_0P0357","_0P0357",1,"2024-08-02","genipa americana",309.420033382659,324.559971697628,53.6,3.8,NA,"AS",NA,NA,NA,NA
8980,"Site1","2024-08-03","Plot1","4","2024-08-02","P23","_0P0495","_0P0495",1,"2024-08-02","eschweilera rufifolia",300.2899820733,454.279962372035,14.8,1.3,NA,"AS",NA,NA,NA,NA
1779,"Site1","2024-08-03","Plot1","4","2024-08-02","C24","_0C4952","_0C4952",1,"2024-08-02","virola duckei",57.669986560184,475.900021204725,24.5,1.3,NA,"AS",NA,NA,NA,NA
6642,"Site1","2024-08-03","Plot1","4","2024-08-02","L17","_0L0382","_0L0382",1,"2024-08-02","virola duckei",231.600022081577,326.630022997037,18.9,1.55,NA,"AS",NA,NA,NA,NA
4205,"Site1","2024-08-03","Plot1","4","2024-08-02","H12","_0H0250","_0H0250",1,"2024-08-02","inga nobilis",140.759964385885,234.320046186447,32.9,1.3,NA,"AS",NA,NA,NA,NA
2126,"Site1","2024-08-03","Plot1","4","2024-08-02","D22","_0D0483","_0D0483",1,"2024-08-02","sapium marmieri",76.300048882491,422.750019520521,28.5,1.3,NA,"AS",NA,NA,NA,NA
2895,"Site1","2024-08-03","Plot1","4","2024-08-02","F1","_0F0023","_0F0023",1,"2024-08-02","pterocarpus officinalis",113.899987276818,0.290045062080026,26,1.3,NA,"AS",NA,NA,NA,NA
202,"Site1","2024-08-03","Plot1","4","2024-08-02","A13","_0A0303","_0A0303",1,"2024-08-02","guarea pubescens",16.0400309544057,254.720034847036,27.2154952687141,1.3,NA,"AS",NA,NA,NA,NA
11200,"Site1","2024-08-03","Plot1","4","2024-08-02","T21","_0T0581","_0T0581",1,"2024-08-02","lindackeria paludosa",385.53996829089,404.300012227148,13.6,1.3,NA,"AS",NA,NA,NA,NA
12165,"Site1","2024-08-03","Plot1","4","2024-08-02","V17","_0V0364","_0V0364",1,"2024-08-02","nealchornea yapurensis",429.040040785738,320.64995579049,22.1,1.45,NA,"AS",NA,NA,NA,NA
366,"Site1","2024-08-03","Plot1","4","2024-08-02","A24","_0A0541","_0A0541",1,"2024-08-02","astrocaryum ferrugineum",8.5199505474302,475.190033242106,14.9287336620198,1.3,NA,"AS",NA,NA,NA,NA
12423,"Site1","2024-08-03","Plot1","4","2024-08-02","W1","_0W0018","_0W0018",1,"2024-08-02","buchenavia congesta",450.570043597312,6.32996172644198,39.3,1.91,NA,"AS",NA,NA,NA,NA
4688,"Site1","2024-08-03","Plot1","4","2024-08-02","I4","_0I0081","_0I0081",1,"2024-08-02","eschweilera coriacea",166.120003032323,61.1399991530925,11.7,1.3,NA,"AS",NA,NA,NA,NA
11364,"Site1","2024-08-03","Plot1","4","2024-08-02","T18","_0T4279","_0T4279",1,"2024-08-02",NA,387.92185610492,340.642402710393,14.1,1.3,NA,"AS",NA,NA,NA,NA
8954,"Site1","2024-08-03","Plot1","4","2024-08-02","P21","_0P0463","_0P0463",1,"2024-08-02","clusia sp.1",316.999969777477,406.940002538264,19.9,1.3,NA,"AS",NA,NA,NA,NA
791,"Site1","2024-08-03","Plot1","4","2024-08-02","B10","_0B0290","_0B0290",1,"2024-08-02","perebea xanthochyma",39.5499999899766,190.449999999255,22.5363399418124,1.3,NA,"AS",NA,NA,NA,NA
2418,"Site1","2024-08-03","Plot1","4","2024-08-02","E5","_0E0100","_0E0100",1,"2024-08-02","seguieria macrophylla",85.6900399220758,83.6899645924568,30.9,1.3,NA,"AS",NA,NA,NA,NA
7017,"Site1","2024-08-03","Plot1","4","2024-08-02","M4","_0M0085","_0M0085",1,"2024-08-02","eschweilera coriacea",244.470014563703,78.2099952846766,47.75,3.4,NA,"AS",NA,NA,NA,NA
13125,"Site1","2024-08-03","Plot1","4","2024-08-02","X11","_0X0243","_0X0243",1,"2024-08-02","hevea guianensis",468.330034511979,219.239979442209,44.5,1.3,NA,"AS",NA,NA,NA,NA
11361,"Site1","2024-08-03","Plot1","4","2024-08-02","T10","_0T4276","_0T4276",1,"2024-08-02",NA,385.148421013844,190.235491061583,13.4,1.3,NA,"AS",NA,NA,NA,NA
10258,"Site1","2024-08-03","Plot1","4","2024-08-02","R15","_0R2989","_0R2989",1,"2024-08-02","symphonia globulifera",343.340021976677,280.980012813583,16.6,1.9,NA,"AS",NA,NA,NA,NA
11404,"Site1","2024-08-03","Plot1","4","2024-08-02","U3","_0U0072","_0U0072",1,"2024-08-02","eschweilera coriacea",417.320033937285,43.3500378541648,22.6,1.3,NA,"AS",NA,NA,NA,NA
8721,"Site1","2024-08-03","Plot1","4","2024-08-02","P5","_0P0099","_0P0099",1,"2024-08-02","pouteria macrocarpa",307.390041637991,96.3699854239821,12.8,1.3,NA,"AS",NA,NA,NA,NA
2532,"Site1","2024-08-03","Plot1","4","2024-08-02","E12","_0E0276","_0E0276",1,"2024-08-02","virola sebifera",94.2199734271853,230.660005707294,15.3,1.3,NA,"AS",NA,NA,NA,NA
11788,"Site1","2024-08-03","Plot1","4","2024-08-02","U6","_0U1569","_0U1569",1,"2024-08-02","eschweilera coriacea",405.100030380243,109.069966766983,12.5,1.3,NA,"AS",NA,NA,NA,NA
9511,"Site1","2024-08-03","Plot1","4","2024-08-02","Q19","_0Q0406","_0Q0406",1,"2024-08-02","brosimum guianense",333.84996070544,366.309975614771,24.6,1.3,NA,"AS",NA,NA,NA,NA
4007,"Site1","2024-08-03","Plot1","4","2024-08-02","G23","_0G4524","_0G4524",1,"2024-08-02","endlicheria chalisea",134.479977178096,454.430013118312,10.5,1.3,NA,"AS",NA,NA,NA,NA
2190,"Site1","2024-08-03","Plot1","4","2024-08-02","D5","_0D1435","_0D1435",1,"2024-08-02","inga brachyrhachis",74.2499999943539,95.1500000003725,12.3504235839311,1.3,NA,"AS",NA,NA,NA,NA
9233,"Site1","2024-08-03","Plot1","4","2024-08-02","P8","_0P5810","_0P5810",1,"2024-08-02",NA,312.531311818573,155.293558301404,17.8,1.3,NA,"AS",NA,NA,NA,NA
12333,"Site1","2024-08-03","Plot1","4","2024-08-02","V13","_0V2459","_0V2459",1,"2024-08-02","euterpe precatoria",421.440029697667,252.950047533959,18.6,1.3,NA,"AS",NA,NA,NA,NA
955,"Site1","2024-08-03","Plot1","4","2024-08-02","B21","_0B0541","_0B0541",1,"2024-08-02","theobroma obovatum",22.4999911791529,417.199961502105,21.6769032491161,1.3,NA,"AS",NA,NA,NA,NA
11496,"Site1","2024-08-03","Plot1","4","2024-08-02","U10","_0U0220","_0U0220",1,"2024-08-02","carapa guianensis",411.729954303475,185.560048760846,26,1.3,NA,"AS",NA,NA,NA,NA
9585,"Site1","2024-08-03","Plot1","4","2024-08-02","Q23","_0Q0508","_0Q0508",1,"2024-08-02","dacryodes amplectans",336.909971762681,447.51996685937,11,1.3,NA,"AS",NA,NA,NA,NA
4066,"Site1","2024-08-03","Plot1","4","2024-08-02","H3","_0H0051","_0H0051",1,"2024-08-02","virola pavonis",142.700014950999,59.1000111810863,13,1.3,NA,"AS",NA,NA,NA,NA
10560,"Site1","2024-08-03","Plot1","4","2024-08-02","S19","_0S0417","_0S0417",1,"2024-08-02","sterculia tessmannii",367.359993577178,379.449971450493,13.7,1.3,NA,"AS",NA,NA,NA,NA
13479,"Site1","2024-08-03","Plot1","4","2024-08-02","X20","_0X3849","_0X3849",1,"2024-08-02","eschweilera coriacea",473.720029921678,383.569983089343,11.5,1.3,NA,"AS",NA,NA,NA,NA
13436,"Site1","2024-08-03","Plot1","4","2024-08-02","X13","_0X2399","_0X2399",1,"2024-08-02","otoba glycycarpa",472.05002556293,246.659960836172,10.1,1.3,NA,"AS",NA,NA,NA,NA
5352,"Site1","2024-08-03","Plot1","4","2024-08-02","J11","_0J0262","_0J0262",1,"2024-08-02","naucleopsis riparia",188.59997508215,211.28004521504,17.2,1.3,NA,"AS",NA,NA,NA,NA
8071,"Site1","2024-08-03","Plot1","4","2024-08-02","O1","_0O0021","_0O0021",1,"2024-08-02","otoba glycycarpa",298.549973638437,14.1399803739041,20.4,1.3,NA,"AS",NA,NA,NA,NA
1288,"Site1","2024-08-03","Plot1","4","2024-08-02","C6","_0C0131","_0C0131",1,"2024-08-02","naucleopsis imitans",45.9599999895436,111.969999998808,11.6501418343267,1.3,NA,"AS",NA,NA,NA,NA
1935,"Site1","2024-08-03","Plot1","4","2024-08-02","D9","_0D0206","_0D0206",1,"2024-08-02","nealchornea yapurensis",77.5700261764578,170.210026346147,14.610423775836,1.3,NA,"AS",NA,NA,NA,NA
11179,"Site1","2024-08-03","Plot1","4","2024-08-02","T24","_0T0550","_0T0550",1,"2024-08-02","brosimum rubescens",395.269969260786,463.710015241057,28.7,1.3,NA,"AS",NA,NA,NA,NA
4886,"Site1","2024-08-03","Plot1","4","2024-08-02","I16","_0I0375","_0I0375",1,"2024-08-02","otoba parvifolia",165.160049160884,310.340000776574,20.6,1.3,NA,"AS",NA,NA,NA,NA
1460,"Site1","2024-08-03","Plot1","4","2024-08-02","C17","_0C0371","_0C0371",1,"2024-08-02","virola sebifera",52.4699999895529,331.129999998957,19.8625368978685,1.3,NA,"AS",NA,NA,NA,NA
1099,"Site1","2024-08-03","Plot1","4","2024-08-02","B13","_0B2989","_0B2989",1,"2024-08-02","virola pavonis",26.7999999903841,245.719999998808,11.58647985709,1.3,NA,"AS",NA,NA,NA,NA
2303,"Site1","2024-08-03","Plot1","4","2024-08-02","D19","_0D4154","_0D4154",1,"2024-08-02","anaxagorea brevipes",72.3100449054618,368.989971971139,11.7,1.3,NA,"AS",NA,NA,NA,NA
10997,"Site1","2024-08-03","Plot1","4","2024-08-02","T11","_0T0246","_0T0246",1,"2024-08-02","eschweilera coriacea",388.506360996806,210.355904808268,21.2,1.3,NA,"ABS",NA,NA,NA,NA
1938,"Site1","2024-08-03","Plot1","4","2024-08-02","D9","_0D0209","_0D0209",1,"2024-08-02","inga heterophylla",72.3299968451029,161.009969362989,27.9794389955552,1.3,NA,"AS",NA,NA,NA,NA
11180,"Site1","2024-08-03","Plot1","4","2024-08-02","T25","_0T0552","_0T0552",1,"2024-08-02","siparuna decipiens",385.389958943182,485.590047620237,12.6,1.3,NA,"AS",NA,NA,NA,NA
5208,"Site1","2024-08-03","Plot1","4","2024-08-02","J1","_0J0005","_0J0005",1,"2024-08-02","virola pavonis",182.400004290103,6.8500205874443,23.5,1.4,NA,"AS",NA,NA,NA,NA
3127,"Site1","2024-08-03","Plot1","4","2024-08-02","F17","_0F0384","_0F0384",1,"2024-08-02","chrysophyllum venezuelanum",106.239972440584,323.359956087545,56.1,1.3,NA,"AS",NA,NA,NA,NA
13345,"Site1","2024-08-03","Plot1","4","2024-08-02","X23","_0X0563","_0X0563",1,"2024-08-02","sapindaceae sp.3",471.389976823702,457.319985520095,18.3,1.3,NA,"AS",NA,NA,NA,NA
7427,"Site1","2024-08-03","Plot1","4","2024-08-02","M13","_0M2658","_0M2658",1,"2024-08-02","aniba sp.1",241.899981660594,244.359999828041,10.1,1.3,NA,"ABS",NA,NA,NA,NA
12478,"Site1","2024-08-03","Plot1","4","2024-08-02","W5","_0W0101","_0W0101",1,"2024-08-02","otoba glycycarpa",452.250030455936,99.560041025281,27.3,1.3,NA,"AS",NA,NA,NA,NA
1388,"Site1","2024-08-03","Plot1","4","2024-08-02","C14","_0C0276","_0C0276",1,"2024-08-02","iriartea deltoidea",49.6599613148137,267.71998950094,17.1250718766879,1.3,NA,"AS",NA,NA,NA,NA
7209,"Site1","2024-08-03","Plot1","4","2024-08-02","M18","_0M0388","_0M0388",1,"2024-08-02","alibertia sp.1",240.490033129114,340.499996857718,15.5,1.3,NA,"AS",NA,NA,NA,NA
8295,"Site1","2024-08-03","Plot1","4","2024-08-02","O14","_0O0357","_0O0357",1,"2024-08-02","rinorea lindeniana",299.430016170896,260.130004454404,12.6,1.3,NA,"AS",NA,NA,NA,NA
8668,"Site1","2024-08-03","Plot1","4","2024-08-02","P1","_0P0015","_0P0015",1,"2024-08-02","virola pavonis",305.019972239679,14.4599546305835,63,4,NA,"AS",NA,NA,NA,NA
7643,"Site1","2024-08-03","Plot1","4","2024-08-02","N10","_0N0204","_0N0204",1,"2024-08-02","sapindaceae sp.3",261.889967493305,193.700049258769,27.3,1.3,NA,"AS",NA,NA,NA,NA
11163,"Site1","2024-08-03","Plot1","4","2024-08-02","T24","_0T0532","_0T0532",1,"2024-08-02","eschweilera coriacea",380.780000812374,471.279998524114,21.3,1.3,NA,"AS",NA,NA,NA,NA
6338,"Site1","2024-08-03","Plot1","4","2024-08-02","K17","_0K3750","_0K3750",1,"2024-08-02","theobroma microcarpum",204.040022086177,336.680010296404,11.4,1.3,NA,"AS",NA,NA,NA,NA
8731,"Site1","2024-08-03","Plot1","4","2024-08-02","P5","_0P0110","_0P0110",1,"2024-08-02","euterpe precatoria",311.959984418587,83.1100353207439,15.9,2,NA,"AS",NA,NA,NA,NA
957,"Site1","2024-08-03","Plot1","4","2024-08-02","B21","_0B0544","_0B0544",1,"2024-08-02","naucleopsis krukovii",33.9399712341256,414.380005849525,12.1594376522208,1.3,NA,"AS",NA,NA,NA,NA
11974,"Site1","2024-08-03","Plot1","4","2024-08-02","V5","_0V0093","_0V0093",1,"2024-08-02","garcinia sp.1",422.440027544973,84.2899961378425,22.9,1.3,NA,"AS",NA,NA,NA,NA
8308,"Site1","2024-08-03","Plot1","4","2024-08-02","O16","_0O0383","_0O0383",1,"2024-08-02","zygia latifolia",286.259980980889,304.76001845859,23.1,1.3,NA,"AS",NA,NA,NA,NA
9694,"Site1","2024-08-03","Plot1","4","2024-08-02","Q11","_0Q2545","_0Q2545",1,"2024-08-02","garcinia sp.1",339.160002637014,213.44001234509,13,1.3,NA,"AS",NA,NA,NA,NA
2796,"Site1","2024-08-03","Plot1","4","2024-08-02","E9","_0E2124","_0E2124",1,"2024-08-02","myrtaceae sp.4",99.2800362039707,163.170011453331,12.3,1.3,NA,"AS",NA,NA,NA,NA
13390,"Site1","2024-08-03","Plot1","4","2024-08-02","X5","_0X0886","_0X0886",1,"2024-08-02","theobroma subincanum",469.330013190163,88.2000377532095,10.4,1.4,NA,"AS",NA,NA,NA,NA
1661,"Site1","2024-08-03","Plot1","4","2024-08-02","C10","_0C2423","_0C2423",1,"2024-08-02","hymenopus arachnoideus",40.2999999969616,194.709999999031,10.40873327821,1.3,NA,"AS",NA,NA,NA,NA
14807,"Site1","2024-08-03","Plot1","4","2024-08-02","W2","_2W0127","_2W0127",1,"2024-08-02",NA,444.249961950234,30.671490771696,12.7,1.3,NA,"AS",NA,NA,NA,NA
14225,"Site1","2024-08-03","Plot1","4","2024-08-02","G9","_1G0302","_1G0302",1,"2024-08-02","iriartea deltoidea",126.580018192995,178.259994400665,27.6,1.3,NA,"AS",NA,NA,NA,NA
497,"Site1","2024-08-03","Plot1","4","2024-08-02","A13","_0A2831","_0A2831",1,"2024-08-02","otoba glycycarpa",4.68999999173684,250.980000000447,11.2045079936694,1.3,NA,"AS",NA,NA,NA,NA
966,"Site1","2024-08-03","Plot1","4","2024-08-02","B22","_0B0566","_0B0566",1,"2024-08-02","pleurothyrium insigne",37.8000146461418,427.279966212809,19.6397199775399,1.3,NA,"AS",NA,NA,NA,NA
11522,"Site1","2024-08-03","Plot1","4","2024-08-02","U12","_0U0266","_0U0266",1,"2024-08-02","theobroma glaucum",411.96996297728,234.050013011321,17.4,1.3,NA,"AS",NA,NA,NA,NA
5658,"Site1","2024-08-03","Plot1","4","2024-08-02","J6","_0J1778","_0J1778",1,"2024-08-02","guatteria sp.2",196.939959222043,110.759990097955,22,1.3,NA,"AS",NA,NA,NA,NA
13040,"Site1","2024-08-03","Plot1","4","2024-08-02","X6","_0X0112","_0X0112",1,"2024-08-02","eschweilera coriacea",462.729999862902,118.939983004704,18.6,1.3,NA,"AS",NA,NA,NA,NA
3968,"Site1","2024-08-03","Plot1","4","2024-08-02","G16","_0G3369","_0G3369",1,"2024-08-02","caraipa grandifolia",131.249960031069,305.16999691911,13.6,1.3,NA,"AS",NA,NA,NA,NA
8684,"Site1","2024-08-03","Plot1","4","2024-08-02","P2","_0P0044","_0P0044",1,"2024-08-02","maquira calophylla",318.719992169237,27.0600336715579,22.4,1.3,NA,"AS",NA,NA,NA,NA
6288,"Site1","2024-08-03","Plot1","4","2024-08-02","K8","_0K2223","_0K2223",1,"2024-08-02","parkia multijuga",218.009971553867,140.270003413782,16.7,1.3,NA,"AS",NA,NA,NA,NA
4410,"Site1","2024-08-03","Plot1","4","2024-08-02","H23","_0H0544","_0H0544",1,"2024-08-02","moquilea guianensis",156.700019724842,452.569992881268,14.1,1.3,NA,"AS",NA,NA,NA,NA
1533,"Site1","2024-08-03","Plot1","4","2024-08-02","C22","_0C0465","_0C0465",1,"2024-08-02","inga spectabilis",43.9999998830608,420.250046528876,27.3109882345692,1.3,NA,"AS",NA,NA,NA,NA
8427,"Site1","2024-08-03","Plot1","4","2024-08-02","O23","_0O0562","_0O0562",1,"2024-08-02","pourouma sp.1",292.980015062727,456.349964924157,38.5,1.7,NA,"AS",NA,NA,NA,NA
6996,"Site1","2024-08-03","Plot1","4","2024-08-02","M3","_0M0059","_0M0059",1,"2024-08-02","oxandra riedeliana",245.779969111027,43.7900318000466,16.4,1.3,NA,"AS",NA,NA,NA,NA
7177,"Site1","2024-08-03","Plot1","4","2024-08-02","M15","_0M0333","_0M0333",1,"2024-08-02","conceveiba guianensis",248.259985153272,291.449989033863,24.8,1.3,NA,"AS",NA,NA,NA,NA
11640,"Site1","2024-08-03","Plot1","4","2024-08-02","U21","_0U0463","_0U0463",1,"2024-08-02","tetragastris panamensis",409.799955409835,414.239959720522,27.6,1.3,NA,"AS",NA,NA,NA,NA
11698,"Site1","2024-08-03","Plot1","4","2024-08-02","U24","_0U0541","_0U0541",1,"2024-08-02","coussapoa orthoneura",404.000033405377,479.119969228283,26.75,3.5,NA,"AS",NA,NA,NA,NA
10080,"Site1","2024-08-03","Plot1","4","2024-08-02","R23","_0R0462","_0R0462",1,"2024-08-02","scleronema micranthum",344.410009100509,454.55996722728,86.2,1.3,NA,"AS",NA,NA,NA,NA
14460,"Site1","2024-08-03","Plot1","4","2024-08-02","Y22","_1Y0406","_1Y0406",1,"2024-08-02","cecropia ficifolia",495.610022383684,438.260045707226,10.8,1.3,NA,"AS",NA,NA,NA,NA
1369,"Site1","2024-08-03","Plot1","4","2024-08-02","C12","_0C0247","_0C0247",1,"2024-08-02","guarea kunthiana",56.5499999929452,222.320000000298,37.8788764558711,1.3,NA,"AS",NA,NA,NA,NA
2090,"Site1","2024-08-03","Plot1","4","2024-08-02","D20","_0D0437","_0D0437",1,"2024-08-02","euterpe precatoria",77.5300319666858,394.569968007505,17.5,1.3,NA,"AS",NA,NA,NA,NA
9967,"Site1","2024-08-03","Plot1","4","2024-08-02","R13","_0R0264","_0R0264",1,"2024-08-02","brosimum guianense",351.870044785319,244.309991836548,19.9,1.3,NA,"AS",NA,NA,NA,NA
11660,"Site1","2024-08-03","Plot1","4","2024-08-02","U22","_0U0493","_0U0493",1,"2024-08-02","eschweilera coriacea",415.929963374219,433.37000018172,34.8,1.3,NA,"AS",NA,NA,NA,NA
9819,"Site1","2024-08-03","Plot1","4","2024-08-02","R1","_0R0016","_0R0016",1,"2024-08-02","naucleopsis ulei",354.030020750535,13.8300243467093,24.8,1.3,NA,"AS",NA,NA,NA,NA
2781,"Site1","2024-08-03","Plot1","4","2024-08-02","E7","_0E1719","_0E1719",1,"2024-08-02","otoba parvifolia",90.95996251615,133.180012563244,11.5,1.3,NA,"AS",NA,NA,NA,NA
11113,"Site1","2024-08-03","Plot1","4","2024-08-02","T21","_0T0466","_0T0466",1,"2024-08-02","pouteria multiflora",392.319991023687,417.199957592413,27.5,1.8,NA,"AS",NA,NA,NA,NA
5890,"Site1","2024-08-03","Plot1","4","2024-08-02","K7","_0K0150","_0K0150",1,"2024-08-02","vochysia lomatophylla",205.780012459378,135.939997334033,33.3,1.3,NA,"AS",NA,NA,NA,NA
9249,"Site1","2024-08-03","Plot1","4","2024-08-02","Q1","_0Q0017","_0Q0017",1,"2024-08-02","virola multinervia",335.179962932772,15.0100094135851,46.5,1.3,NA,"AS",NA,NA,NA,NA
3342,"Site1","2024-08-03","Plot1","4","2024-08-02","F12","_0F2733","_0F2733",1,"2024-08-02","iryanthera hostmannii",101.799962080258,237.990007460117,11.4,1.3,NA,"AS",NA,NA,NA,NA
8406,"Site1","2024-08-03","Plot1","4","2024-08-02","O22","_0O0524","_0O0524",1,"2024-08-02","zygia latifolia",284.780010966817,432.84999993816,13.7,1.3,NA,"AS",NA,NA,NA,NA
10733,"Site1","2024-08-03","Plot1","4","2024-08-02","S7","_0S1746","_0S1746",1,"2024-08-02","malouetia tamaquarina",370.739972349023,134.260041605681,11.1,1.3,NA,"AS",NA,NA,NA,NA
14701,"Site1","2024-08-03","Plot1","4","2024-08-02","S10","_2S0549","_2S0549",1,"2024-08-02",NA,378.636559534993,192.808600321412,22.8,1.7,NA,"AS",NA,NA,NA,NA
5347,"Site1","2024-08-03","Plot1","4","2024-08-02","J11","_0J0253","_0J0253",1,"2024-08-02","iryanthera elliptica",184.860021824134,208.72995352,13.9,1.3,NA,"AS",NA,NA,NA,NA
11181,"Site1","2024-08-03","Plot1","4","2024-08-02","T25","_0T0553","_0T0553",1,"2024-08-02","theobroma obovatum",385.170033469913,482.690040219575,17,1.3,NA,"AS",NA,NA,NA,NA
11665,"Site1","2024-08-03","Plot1","4","2024-08-02","U22","_0U0500","_0U0500",1,"2024-08-02","matayba purgans",413.510001956194,420.869970476255,18,1.3,NA,"AS",NA,NA,NA,NA
14677,"Site1","2024-08-03","Plot1","4","2024-08-02","R12","_2R0462","_2R0462",1,"2024-08-02",NA,358.391500191938,235.127096053213,28.6,1.5,NA,"AS",NA,NA,NA,NA
3046,"Site1","2024-08-03","Plot1","4","2024-08-02","F12","_0F0264","_0F0264",1,"2024-08-02","eschweilera bracteosa",107.910021221614,239.739978075027,15.6,1.3,NA,"AS",NA,NA,NA,NA
10342,"Site1","2024-08-03","Plot1","4","2024-08-02","S1","_0S0010","_0S0010",1,"2024-08-02","brosimum lactescens",371.869965829479,11.0100319609046,13.4,1.3,NA,"AS",NA,NA,NA,NA
3581,"Site1","2024-08-03","Plot1","4","2024-08-02","G11","_0G0215","_0G0215",1,"2024-08-02","otoba parvifolia",120.610005938157,202.479998964816,20.2,1.3,NA,"AS",NA,NA,NA,NA
4307,"Site1","2024-08-03","Plot1","4","2024-08-02","H18","_0H0398","_0H0398",1,"2024-08-02","virola multinervia",153.170007133158,351.819978903979,30.2,1.3,NA,"AS",NA,NA,NA,NA
4748,"Site1","2024-08-03","Plot1","4","2024-08-02","I7","_0I0168","_0I0168",1,"2024-08-02","eschweilera bracteosa",172.991360011685,123.902303373441,13.3,1.3,NA,"AS",NA,NA,NA,NA
13903,"Site1","2024-08-03","Plot1","4","2024-08-02","Y20","_0Y0486","_0Y0486",1,"2024-08-02","otoba parvifolia",487.620003421849,389.259974403307,29.9,1.3,NA,"AS",NA,NA,NA,NA
10363,"Site1","2024-08-03","Plot1","4","2024-08-02","S2","_0S0043","_0S0043",1,"2024-08-02","carapa guianensis",373.270023798279,31.7900257837027,16.4,1.3,NA,"AS",NA,NA,NA,NA
10331,"Site1","2024-08-03","Plot1","4","2024-08-02","R10","_0R5085","_0R5085",1,"2024-08-02",NA,359.694259948505,192.032921297476,13.7,1.3,NA,"AS",NA,NA,NA,NA
2690,"Site1","2024-08-03","Plot1","4","2024-08-02","E23","_0E0528","_0E0528",1,"2024-08-02","rauia prancei",89.2399885580526,445.219985717908,16.5,1.3,NA,"AS",NA,NA,NA,NA
12787,"Site1","2024-08-03","Plot1","4","2024-08-02","W24","_0W0578","_0W0578",1,"2024-08-02","tachigali setifera",449.500036274258,476.250047443435,15.3,1.3,NA,"AS",NA,NA,NA,NA
1815,"Site1","2024-08-03","Plot1","4","2024-08-02","D2","_0D0024","_0D0024",1,"2024-08-02","pseudolmedia rigida",64.2400325881899,20.7400429900736,35.3960593436375,1.3,NA,"AS",NA,NA,NA,NA
9120,"Site1","2024-08-03","Plot1","4","2024-08-02","P13","_0P2863","_0P2863",1,"2024-08-02","vochysia lomatophylla",311.300006480596,252.4399718903,13.4,1.3,NA,"AS",NA,NA,NA,NA
6953,"Site1","2024-08-03","Plot1","4","2024-08-02","M1","_0M0001","_0M0001",1,"2024-08-02","naucleopsis riparia",243.729991478787,2.39998896047473,18.2,1.3,NA,"AS",NA,NA,NA,NA
9613,"Site1","2024-08-03","Plot1","4","2024-08-02","Q25","_0Q0548","_0Q0548",1,"2024-08-02","inga stenoptera",338.110003831855,487.109960539266,23,1.3,NA,"AS",NA,NA,NA,NA
4171,"Site1","2024-08-03","Plot1","4","2024-08-02","H10","_0H0204","_0H0204",1,"2024-08-02","lecythis chartacea",151.119987795537,191.589956000447,19.9,1.3,NA,"AS",NA,NA,NA,NA
10478,"Site1","2024-08-03","Plot1","4","2024-08-02","S10","_0S0226","_0S0226",1,"2024-08-02","euterpe precatoria",368.10999166203,185.479958899319,19.7,1.3,NA,"AS",NA,NA,NA,NA
13107,"Site1","2024-08-03","Plot1","4","2024-08-02","X9","_0X0210","_0X0210",1,"2024-08-02","erisma uncinatum",473.189970633539,168.249968498945,31.3,1.3,NA,"AS",NA,NA,NA,NA
2625,"Site1","2024-08-03","Plot1","4","2024-08-02","E18","_0E0421","_0E0421",1,"2024-08-02","hasseltia floribunda",83.9100340332952,340.219956468791,16.4,1.3,NA,"AS",NA,NA,NA,NA
851,"Site1","2024-08-03","Plot1","4","2024-08-02","B14","_0B0385","_0B0385",1,"2024-08-02","guarea pterorhachis",31.0199999891338,261.519999999553,14.2284519124154,1.3,NA,"AS",NA,NA,NA,NA
5950,"Site1","2024-08-03","Plot1","4","2024-08-02","K11","_0K0241","_0K0241",1,"2024-08-02","batocarpus orinocensis",208.969958970149,207.88998539187,19.3,1.3,NA,"ABS",NA,NA,NA,NA
5845,"Site1","2024-08-03","Plot1","4","2024-08-02","K4","_0K0084","_0K0084",1,"2024-08-02","theobroma subincanum",213.950032131223,78.5500040836632,18.7,1.3,NA,"AS",NA,NA,NA,NA
4744,"Site1","2024-08-03","Plot1","4","2024-08-02","I7","_0I0162","_0I0162",1,"2024-08-02","stryphnodendron porcatum",170.179954057618,131.389965251088,24,2.65,NA,"AS",NA,NA,NA,NA
12203,"Site1","2024-08-03","Plot1","4","2024-08-02","V19","_0V0426","_0V0426",1,"2024-08-02","zygia latifolia",434.169981000072,363.489993296564,14.2,1.3,NA,"AS",NA,NA,NA,NA
2911,"Site1","2024-08-03","Plot1","4","2024-08-02","F2","_0F0044","_0F0044",1,"2024-08-02","cheiloclinium sp.1",118.009961518517,37.4699849691242,17.7,1.3,NA,"AS",NA,NA,NA,NA
8007,"Site1","2024-08-03","Plot1","4","2024-08-02","N19","_0N3876","_0N3876",1,"2024-08-02","inga nobilis",279.839991671906,373.600015236065,13,1.3,NA,"AS",NA,NA,NA,NA
2764,"Site1","2024-08-03","Plot1","4","2024-08-02","E6","_0E1497","_0E1497",1,"2024-08-02","faramea multiflora",80.6600059475168,110.759966092184,11.4,1.3,NA,"AS",NA,NA,NA,NA
7145,"Site1","2024-08-03","Plot1","4","2024-08-02","M13","_0M0290","_0M0290",1,"2024-08-02","astrocaryum ferrugineum",254.470008527336,258.040034389123,14.5,1.3,NA,"AS",NA,NA,NA,NA
8207,"Site1","2024-08-03","Plot1","4","2024-08-02","O10","_0O0235","_0O0235",1,"2024-08-02","swartzia oraria",291.680046599591,196.999989584088,18.6,3.6,NA,"AS",NA,NA,NA,NA
12608,"Site1","2024-08-03","Plot1","4","2024-08-02","W14","_0W0308","_0W0308",1,"2024-08-02","guarea pubescens",443.719994235784,266.320018965751,11.5,1.3,NA,"AS",NA,NA,NA,NA
13169,"Site1","2024-08-03","Plot1","4","2024-08-02","X14","_0X0301","_0X0301",1,"2024-08-02","guarea pubescens",462.800017806585,269.590037696064,47,2.85,NA,"AS",NA,NA,NA,NA
12779,"Site1","2024-08-03","Plot1","4","2024-08-02","W24","_0W0569","_0W0569",1,"2024-08-02","euterpe precatoria",443.709970685595,464.170023802668,16.7,1.3,NA,"AS",NA,NA,NA,NA
1311,"Site1","2024-08-03","Plot1","4","2024-08-02","C8","_0C0162","_0C0162",1,"2024-08-02","eschweilera coriacea",50.9999999905122,152.320000000298,29.1890165630536,1.3,NA,"AS",NA,NA,NA,NA
9567,"Site1","2024-08-03","Plot1","4","2024-08-02","Q23","_0Q0487","_0Q0487",1,"2024-08-02","brosimum guianense",321.150005717936,448.130024915561,18,1.3,NA,"AS",NA,NA,NA,NA
953,"Site1","2024-08-03","Plot1","4","2024-08-02","B21","_0B0539","_0B0539",1,"2024-08-02","iryanthera hostmannii",20.6300395824364,415.259994130582,15.5016914571506,1.3,NA,"AS",NA,NA,NA,NA
847,"Site1","2024-08-03","Plot1","4","2024-08-02","B14","_0B0380","_0B0380",1,"2024-08-02","eschweilera coriacea",33.4899999881745,273.209999999031,47.2690180982929,1.3,NA,"AS",NA,NA,NA,NA
14237,"Site1","2024-08-03","Plot1","4","2024-08-02",NA,"_1H0728","_1H0728",1,"2025-02-04",NA,154.358069354901,136.623711487278,16.1,1.3,NA,"AS",NA,NA,NA,NA
13925,"Site1","2024-08-03","Plot1","4","2024-08-02","Y21","_0Y0511","_0Y0511",1,"2024-08-02","socratea exorrhiza",481.350032620074,406.030002135783,14.15,4.8,NA,"AS",NA,NA,NA,NA
11994,"Site1","2024-08-03","Plot1","4","2024-08-02","V6","_0V0123","_0V0123",1,"2024-08-02","mollia gracilis",437.31999389705,112.069982981309,22.3,1.5,NA,"AS",NA,NA,NA,NA
6485,"Site1","2024-08-03","Plot1","4","2024-08-02","L6","_0L0135","_0L0135",1,"2024-08-02","pachira insignis",235.370001617179,116.430036583915,27.3,1.3,NA,"AS",NA,NA,NA,NA
10604,"Site1","2024-08-03","Plot1","4","2024-08-02","S22","_0S0472","_0S0472",1,"2024-08-02","ficus pertusa",372.559956177545,420.110034892336,52.5,1.3,NA,"AS",NA,NA,NA,NA
2037,"Site1","2024-08-03","Plot1","4","2024-08-02","D16","_0D0353","_0D0353",1,"2024-08-02","couepia macrophylla",71.6799592112657,315.230031078681,10.5,1.3,NA,"AS",NA,NA,NA,NA
5801,"Site1","2024-08-03","Plot1","4","2024-08-02","K1","_0K0019","_0K0019",1,"2024-08-02","guarea kunthiana",215.120007723686,19.3400017246604,16.7,1.3,NA,"AS",NA,NA,NA,NA
8570,"Site1","2024-08-03","Plot1","4","2024-08-02","O13","_0O2959","_0O2959",1,"2024-08-02","siparuna decipiens",297.579960567469,241.629994055256,10.4,1.3,NA,"AS",NA,NA,NA,NA
7979,"Site1","2024-08-03","Plot1","4","2024-08-02","N14","_0N2987","_0N2987",1,"2024-08-02","caraipa grandifolia",275.270015134418,266.260008789599,16.1,1.3,NA,"AS",NA,NA,NA,NA
9665,"Site1","2024-08-03","Plot1","4","2024-08-02","Q5","_0Q1627","_0Q1627",1,"2024-08-02","cordia nodosa",338.399963851378,96.7799607794732,10.3,1.3,NA,"AS",NA,NA,NA,NA
13800,"Site1","2024-08-03","Plot1","4","2024-08-02","Y15","_0Y0365","_0Y0365",1,"2024-08-02","sapindaceae sp.3",480.249953757157,284.660029066727,24.9,1.3,NA,"AS",NA,NA,NA,NA
13058,"Site1","2024-08-03","Plot1","4","2024-08-02","X7","_0X0139","_0X0139",1,"2024-08-02","euterpe precatoria",460.844113858533,139.723798714578,16.4,1.3,NA,"AS",NA,NA,NA,NA
9419,"Site1","2024-08-03","Plot1","4","2024-08-02","Q13","_0Q0271","_0Q0271",1,"2024-08-02","nealchornea yapurensis",320.11996121332,254.62003316544,17.2,1.3,NA,"AS",NA,NA,NA,NA
8492,"Site1","2024-08-03","Plot1","4","2024-08-02","O2","_0O1138","_0O1138",1,"2024-08-02","eugenia florida",298.71326511912,21.8395137265325,11.7,1.3,NA,"AS",NA,NA,NA,NA
3755,"Site1","2024-08-03","Plot1","4","2024-08-02","G20","_0G0459","_0G0459",1,"2024-08-02","eschweilera itayensis",137.740014121286,391.280013654381,24.5,1.3,NA,"AS",NA,NA,NA,NA
6274,"Site1","2024-08-03","Plot1","4","2024-08-02","K6","_0K1890","_0K1890",1,"2024-08-02","vochysia lomatophylla",211.967069982376,103.851170103997,13.8,1.3,NA,"AS",NA,NA,NA,NA
12893,"Site1","2024-08-03","Plot1","4","2024-08-02","W18","_0W3295","_0W3295",1,"2024-08-02","vatairea erythrocarpa",455.49998829572,355.620048230514,10.3,1.3,NA,"AS",NA,NA,NA,NA
6979,"Site1","2024-08-03","Plot1","4","2024-08-02","M2","_0M0034","_0M0034",1,"2024-08-02","eschweilera coriacea",247.939166993892,20.5580583773553,14.6,1.3,NA,"AS",NA,NA,NA,NA
11800,"Site1","2024-08-03","Plot1","4","2024-08-02","U9","_0U2016","_0U2016",1,"2024-08-02","brosimum sp.1",409.249996615865,163.839963369071,11.7,1.3,NA,"AS",NA,NA,NA,NA
1807,"Site1","2024-08-03","Plot1","4","2024-08-02","D1","_0D0015","_0D0015",1,"2024-08-02","pseudolmedia rigida",70.3199999873177,0.349999999627471,19.225917125501,1.3,NA,"AS",NA,NA,NA,NA
14406,"Site1","2024-08-03","Plot1","4","2024-08-02","U15","_1U0247","_1U0247",1,"2024-08-02","inga tenuistipula",415.97002327157,281.119950642809,15.8,1.3,NA,"AS",NA,NA,NA,NA
3433,"Site1","2024-08-03","Plot1","4","2024-08-02",NA,"_0F5167","_0F5167",1,"2025-03-14",NA,114.707522383251,269.51053946279,14.1,1.3,NA,"AS",NA,NA,NA,NA
12169,"Site1","2024-08-03","Plot1","4","2024-08-02","V17","_0V0372","_0V0372",1,"2024-08-02","zygia latifolia",438.459346972115,331.578878432512,13.7,1.3,NA,"ABS",NA,NA,NA,NA
6964,"Site1","2024-08-03","Plot1","4","2024-08-02","M1","_0M0013","_0M0013",1,"2024-08-02","eschweilera gigantea",245.02003540314,16.2100122012198,82.7,5.7,NA,"AS",NA,NA,NA,NA
5410,"Site1","2024-08-03","Plot1","4","2024-08-02","J14","_0J0336","_0J0336",1,"2024-08-02","sterculia colombiana",189.819952407561,269.300012309104,40.8,1.3,NA,"AS",NA,NA,NA,NA
3910,"Site1","2024-08-03","Plot1","4","2024-08-02","G9","_0G2169","_0G2169",1,"2024-08-02","couepia macrophylla",139.309960087819,173.450019504875,11.7,1.3,NA,"AS",NA,NA,NA,NA
14194,"Site1","2024-08-03","Plot1","4","2024-08-02","E6","_1E0248","_1E0248",1,"2024-08-02","guatteria megalophylla",94.9299780604779,102.720007646829,14.6,1.3,NA,"AS",NA,NA,NA,NA
8411,"Site1","2024-08-03","Plot1","4","2024-08-02","O22","_0O0532","_0O0532",1,"2024-08-02","cecropia sciadophylla",288.108165951737,431.369855863973,53.2,1.95,NA,"AS",NA,NA,NA,NA
4037,"Site1","2024-08-03","Plot1","4","2024-08-02","H1","_0H0016","_0H0016",1,"2024-08-02","sloanea guianensis",151.150020306522,8.09708423726261,80.1,1.3,NA,"AS",NA,NA,NA,NA
10651,"Site1","2024-08-03","Plot1","4","2024-08-02","S25","_0S0536","_0S0536",1,"2024-08-02","eschweilera bracteosa",366.920005001244,481.399971062317,17.6,1.3,NA,"AS",NA,NA,NA,NA
3057,"Site1","2024-08-03","Plot1","4","2024-08-02","F13","_0F0281","_0F0281",1,"2024-08-02","guarea kunthiana",104.20004072861,243.749983360991,13.5,1.3,NA,"AS",NA,NA,NA,NA
6879,"Site1","2024-08-03","Plot1","4","2024-08-02","L14","_0L3076","_0L3076",1,"2024-08-02","protium nodulosum",225.550042685412,269.77996115014,11.7,1.3,NA,"AS",NA,NA,NA,NA
13986,"Site1","2024-08-03","Plot1","4","2024-08-02","Y25","_0Y0612","_0Y0612",1,"2024-08-02","pouteria williamii",493.819951053825,494.750021228567,54.3,1.3,NA,"AS",NA,NA,NA,NA
12851,"Site1","2024-08-03","Plot1","4","2024-08-02","W9","_0W1919","_0W1919",1,"2024-08-02","gustavia augusta",450.510036656924,171.109974456951,10.7,1.3,NA,"AS",NA,NA,NA,NA
523,"Site1","2024-08-03","Plot1","4","2024-08-02","A16","_0A3466","_0A3466",1,"2024-08-02","guarea kunthiana",1.39002616150538,306.819963632151,10.7907051416305,1.3,NA,"AS",NA,NA,NA,NA
4927,"Site1","2024-08-03","Plot1","4","2024-08-02","I19","_0I0444","_0I0444",1,"2024-08-02","virola calophylla",171.119999965362,373.659951213747,23.2,1.3,NA,"AS",NA,NA,NA,NA
10077,"Site1","2024-08-03","Plot1","4","2024-08-02","R23","_0R0459","_0R0459",1,"2024-08-02","iryanthera hostmannii",347.699953731557,440.959955545142,10.8,1.3,NA,"AS",NA,NA,NA,NA
8515,"Site1","2024-08-03","Plot1","4","2024-08-02","O5","_0O1603","_0O1603",1,"2024-08-02","euterpe precatoria",299.299982602068,99.359964504838,15.6,1.3,NA,"AS",NA,NA,NA,NA
1534,"Site1","2024-08-03","Plot1","4","2024-08-02","C22","_0C0466","_0C0466",1,"2024-08-02","zygia latifolia",42.7699993410497,427.580008484423,11.0771840391959,1.3,NA,"AS",NA,NA,NA,NA
6944,"Site1","2024-08-03","Plot1","4","2024-08-02","L25","_0L5102","_0L5102",1,"2024-08-02","virola peruviana",222.809965591587,497.779990348965,13.1,1.3,NA,"AS",NA,NA,NA,NA
6389,"Site1","2024-08-03","Plot1","4","2024-08-02","K23","_0K5031","_0K5031",1,"2024-08-02","nealchornea yapurensis",215.97996363166,440.25995436497,11.9,1.3,NA,"AS",NA,NA,NA,NA
1641,"Site1","2024-08-03","Plot1","4","2024-08-02","C8","_0C2145","_0C2145",1,"2024-08-02","tachigali setifera",58.3199999919743,151.019999999553,40.2343696136311,1.3,NA,"AS",NA,NA,NA,NA
13254,"Site1","2024-08-03","Plot1","4","2024-08-02","X18","_0X0414","_0X0414",1,"2024-08-02","licaria sp.3",469.59997355059,349.26001194492,21.9,1.3,NA,"AS",NA,NA,NA,NA
14876,"Site1","2024-08-03","Plot1","4","2024-08-02",NA,"_3K0051","_3K0051",1,"2025-01-30",NA,218.420106453123,27.3815794568509,10.5,1.3,NA,"AS",NA,NA,NA,"No existe en base de datos ni contenia placa en campo. Pero si estaba marcado con pintura el POM"
10652,"Site1","2024-08-03","Plot1","4","2024-08-02","S25","_0S0537","_0S0537",1,"2024-08-02","eschweilera rufifolia",360.139989742835,497.910021334887,14.5,1.3,NA,"AS",NA,NA,NA,NA
663,"Site1","2024-08-03","Plot1","4","2024-08-02","B4","_0B0108","_0B0108",1,"2024-08-02","eschweilera coriacea",25.3299714328605,65.6800478063524,58.2507091716337,6.35,NA,"AS",NA,NA,NA,NA
13463,"Site1","2024-08-03","Plot1","4","2024-08-02","X17","_0X3361","_0X3361",1,"2024-08-02","tachigali formicarum",473.439973141882,320.150014458224,14.8,1.3,NA,"AS",NA,NA,NA,NA
4739,"Site1","2024-08-03","Plot1","4","2024-08-02","I7","_0I0154","_0I0154",1,"2024-08-02","eschweilera bracteosa",169.249953991442,123.159998795018,22.9,1.3,NA,"AS",NA,NA,NA,NA
7505,"Site1","2024-08-03","Plot1","4","2024-08-02","N1","_0N0018","_0N0018",1,"2024-08-02","macrolobium angustifolium",274.019995344221,10.9600296746939,31.7,1.3,NA,"AS",NA,NA,NA,NA
2299,"Site1","2024-08-03","Plot1","4","2024-08-02","D19","_0D4098","_0D4098",1,"2024-08-02","zygia latifolia",65.2895452736993,370.548822306097,11.4,1.3,NA,"AS",NA,NA,NA,NA
2447,"Site1","2024-08-03","Plot1","4","2024-08-02","E8","_0E0160","_0E0160",1,"2024-08-02","caryocar glabrum",89.6000403336948,148.61002987437,14.7,1.3,NA,"AS",NA,NA,NA,NA
14215,"Site1","2024-08-03","Plot1","4","2024-08-02","F2","_1F0132","_1F0132",1,"2024-08-02","talisia longifolia",108.279976015736,31.5500060282648,13.7,1.3,NA,"AS",NA,NA,NA,NA
1072,"Site1","2024-08-03","Plot1","4","2024-08-02","B9","_0B2251","_0B2251",1,"2024-08-02","inga capitata",22.5599999909173,170.049999998882,14.1647899351787,1.3,NA,"AS",NA,NA,NA,NA
3521,"Site1","2024-08-03","Plot1","4","2024-08-02","G6","_0G0126","_0G0126",1,"2024-08-02","iryanthera macrophylla",131.239960493229,104.010018242523,16.5,1.3,NA,"AS",NA,NA,NA,NA
12603,"Site1","2024-08-03","Plot1","4","2024-08-02","W13","_0W0296","_0W0296",1,"2024-08-02","astrocaryum ferrugineum",458.320030742267,250.740029292181,11.5,1.3,NA,"AS",NA,NA,NA,NA
7469,"Site1","2024-08-03","Plot1","4","2024-08-02","M23","_0M4562","_0M4562",1,"2024-08-02","guarea kunthiana",247.340021145414,449.489999763668,13.2,1.3,NA,"AS",NA,NA,NA,NA
13352,"Site1","2024-08-03","Plot1","4","2024-08-02","X24","_0X0582","_0X0582",1,"2024-08-02","symphonia globulifera",479.899999322311,478.910015519708,22.2,2.35,NA,"AS",NA,NA,NA,NA
8716,"Site1","2024-08-03","Plot1","4","2024-08-02","P5","_0P0094","_0P0094",1,"2024-08-02","campsiandra comosa",300.49002815783,90.7600032426417,12.8,1.3,NA,"AS",NA,NA,NA,NA
8998,"Site1","2024-08-03","Plot1","4","2024-08-02","P24","_0P0515","_0P0515",1,"2024-08-02","pseudolmedia laevis",304.320032028656,462.979970309883,27.4,1.3,NA,"AS",NA,NA,NA,NA
13989,"Site1","2024-08-03","Plot1","4","2024-08-02","Y25","_0Y0616","_0Y0616",1,"2024-08-02","naucleopsis riparia",496.020045776735,493.820010624826,21.98,1.3,NA,"AS",NA,NA,NA,NA
12798,"Site1","2024-08-03","Plot1","4","2024-08-02","W25","_0W0603","_0W0603",1,"2024-08-02","socratea exorrhiza",454.210047516623,497.729970347136,15.1,3.8,NA,"AS",NA,NA,NA,NA
8480,"Site1","2024-08-03","Plot1","4","2024-08-02","O1","_0O0828","_0O0828",1,"2024-08-02","virola pavonis",294.130004032806,17.9300239309669,13,1.7,NA,"AS",NA,NA,NA,NA
11765,"Site1","2024-08-03","Plot1","4","2024-08-02","U4","_0U1215","_0U1215",1,"2024-08-02","fusaea peruviana",403.610019463173,64.0299908537418,10.9,1.3,NA,"AS",NA,NA,NA,NA
9535,"Site1","2024-08-03","Plot1","4","2024-08-02","Q21","_0Q0448","_0Q0448",1,"2024-08-02","pouteria cladantha",334.96002857876,411.320013336837,39.2,1.3,NA,"AS",NA,NA,NA,NA
10498,"Site1","2024-08-03","Plot1","4","2024-08-02","S11","_0S0259","_0S0259",1,"2024-08-02","rudgea viburnoides",372.489971270901,212.509961154312,15.4,1.3,NA,"AS",NA,NA,NA,NA
5383,"Site1","2024-08-03","Plot1","4","2024-08-02","J12","_0J0300","_0J0300",1,"2024-08-02","anaueria brasiliensis",192.929986737203,226.85002794303,33.7,1.3,NA,"AS",NA,NA,NA,NA
11854,"Site1","2024-08-03","Plot1","4","2024-08-02","U16","_0U3032","_0U3032",1,"2024-08-02","matayba adenanthera",401.809993818577,318.520033881068,12.1,1.3,NA,"AS",NA,NA,NA,NA
4479,"Site1","2024-08-03","Plot1","4","2024-08-02","H3","_0H1151","_0H1151",1,"2024-08-02","sorocea steinbachii",147.639967591793,55.3800051864237,11.3,1.3,NA,"AS",NA,NA,NA,NA
8301,"Site1","2024-08-03","Plot1","4","2024-08-02","O15","_0O0367","_0O0367",1,"2024-08-02","theobroma obovatum",282.410037385824,299.45001800172,14.5,1.3,NA,"AS",NA,NA,NA,NA
8763,"Site1","2024-08-03","Plot1","4","2024-08-02","P7","_0P0156","_0P0156",1,"2024-08-02","sorocea steinbachii",307.039985344105,137.63999469392,12.7,1.3,NA,"AS",NA,NA,NA,NA
8008,"Site1","2024-08-03","Plot1","4","2024-08-02","N20","_0N3937","_0N3937",1,"2024-08-02","eschweilera rufifolia",260.199957059522,384.139997040853,14.2,1.3,NA,"AS",NA,NA,NA,NA
14874,"Site1","2024-08-03","Plot1","4","2024-08-02",NA,"_3G0972","_3G0972",1,"2025-03-25",NA,129.37313319504,463.974242728204,12.3,1.3,NA,"AS",NA,NA,NA,"Individuo con pintura en campo pero sin placa en campo y sin punto en el mapa"
13193,"Site1","2024-08-03","Plot1","4","2024-08-02","X14","_0X0332","_0X0332",1,"2024-08-02","stryphnodendron polystachyum",477.984048752871,264.246980767697,15.9,1.3,NA,"AS",NA,NA,NA,NA
532,"Site1","2024-08-03","Plot1","4","2024-08-02","A17","_0A3666","_0A3666",1,"2024-08-02","faramea multiflora",1.73001245880732,336.229961384088,11.0135220619592,1.3,NA,"AS",NA,NA,NA,NA
12042,"Site1","2024-08-03","Plot1","4","2024-08-02","V10","_0V0197","_0V0197",1,"2024-08-02","naucleopsis imitans",425.189991502266,182.969966545701,16.2,1.3,NA,"AS",NA,NA,NA,NA
2296,"Site1","2024-08-03","Plot1","4","2024-08-02","D19","_0D4064","_0D4064",1,"2024-08-02","eschweilera coriacea",65.260044274386,360.609974915162,12,1.3,NA,"AS",NA,NA,NA,NA
8956,"Site1","2024-08-03","Plot1","4","2024-08-02","P22","_0P0467","_0P0467",1,"2024-08-02","scleronema micranthum",307.549981624121,427.90000359714,17.7,1.3,NA,"AS",NA,NA,NA,NA
5882,"Site1","2024-08-03","Plot1","4","2024-08-02","K6","_0K0137","_0K0137",1,"2024-08-02","eschweilera bracteosa",213.329978656257,105.200043311343,13,1.3,NA,"AS",NA,NA,NA,NA
4435,"Site1","2024-08-03","Plot1","4","2024-08-02","H25","_0H0584","_0H0584",1,"2024-08-02","euterpe precatoria",147.500033537741,486.360048593953,19.4,1.3,NA,"AS",NA,NA,NA,NA
2464,"Site1","2024-08-03","Plot1","4","2024-08-02","E9","_0E0187","_0E0187",1,"2024-08-02","carapa guianensis",81.7693045010092,165.963101657107,18.9,1.3,NA,"AS",NA,NA,NA,NA
372,"Site1","2024-08-03","Plot1","4","2024-08-02","A24","_0A0550","_0A0550",1,"2024-08-02","virola sebifera",11.0199554830324,461.010006118566,22.7273258735227,1.3,NA,"AS",NA,NA,NA,NA
13157,"Site1","2024-08-03","Plot1","4","2024-08-02","X13","_0X0287","_0X0287",1,"2024-08-02","pseudolmedia laevis",477.052656261658,256.742527309805,13.4,1.3,NA,"AS",NA,NA,NA,NA
14715,"Site1","2024-08-03","Plot1","4","2024-08-02","S18","_2S1064","_2S1064",1,"2024-08-02",NA,362.341574442107,352.296203441918,10.2,1.3,NA,"AS",NA,NA,NA,NA
338,"Site1","2024-08-03","Plot1","4","2024-08-02","A22","_0A0491","_0A0491",1,"2024-08-02","oxandra riedeliana",0.460048348759301,426.239961413667,14.7695787189279,1.3,NA,"AS",NA,NA,NA,NA
540,"Site1","2024-08-03","Plot1","4","2024-08-02","A18","_0A3828","_0A3828",1,"2024-08-02","sterculia peruviana",6.99004327884177,340.989961892366,13.6554941172846,1.3,NA,"AS",NA,NA,NA,NA
7343,"Site1","2024-08-03","Plot1","4","2024-08-02","M20","_0M0588","_0M0588",1,"2024-08-02","casearia sylvestris",245.349951778131,393.870016837493,18.8,1.35,NA,"AS",NA,NA,NA,NA
10557,"Site1","2024-08-03","Plot1","4","2024-08-02","S17","_0S0391","_0S0391",1,"2024-08-02","swartzia leptopetala",375.870034926163,326.109987236559,19.1,1.3,NA,"AS",NA,NA,NA,NA
12750,"Site1","2024-08-03","Plot1","4","2024-08-02","W21","_0W0513","_0W0513",1,"2024-08-02","platymiscium stipulare",450.869980374409,415.429954042658,31.5,1.3,NA,"AS",NA,NA,NA,NA
13267,"Site1","2024-08-03","Plot1","4","2024-08-02","X18","_0X0430","_0X0430",1,"2024-08-02","scleronema micranthum",472.419990659866,346.22998175025,23.1,1.3,NA,"AS",NA,NA,NA,NA
13455,"Site1","2024-08-03","Plot1","4","2024-08-02","X17","_0X3241","_0X3241",1,"2024-08-02","lauraceae sp.1",468.78998989187,323.500034822151,10.8,1.3,NA,"AS",NA,NA,NA,NA
5844,"Site1","2024-08-03","Plot1","4","2024-08-02","K4","_0K0084","_0K0083",1,"2024-08-02","theobroma subincanum",213.950032131223,78.5500040836632,10.8,1.3,NA,"AS",NA,NA,NA,NA
1629,"Site1","2024-08-03","Plot1","4","2024-08-02","C6","_0C1720","_0C1720",1,"2024-08-02","trichilia solitudinis",58.7599999889499,118.699999999255,10.3769022895916,1.3,NA,"AS",NA,NA,NA,NA
10581,"Site1","2024-08-03","Plot1","4","2024-08-02","S21","_0S0447","_0S0447",1,"2024-08-02","cedrelinga cateniformis",371.120021729672,413.789964988828,130.8,1.3,NA,"AS",NA,NA,NA,NA
11622,"Site1","2024-08-03","Plot1","4","2024-08-02","U19","_0U0438","_0U0438",1,"2024-08-02","astrocaryum ferrugineum",415.459989072697,363.610048912466,12.3,1.3,NA,"AS",NA,NA,NA,NA
1958,"Site1","2024-08-03","Plot1","4","2024-08-02","D11","_0D0239","_0D0239",1,"2024-08-02","erisma sp.",70.2699874028913,210.960018198937,50.8659198121698,1.3,NA,"AS",NA,NA,NA,NA
8425,"Site1","2024-08-03","Plot1","4","2024-08-02","O23","_0O0560","_0O0560",1,"2024-08-02","bauhinia brachycalyx",290.810048530169,454.0799555704,15.6,1.3,NA,"AS",NA,NA,NA,NA
14851,"Site1","2024-08-03","Plot1","4","2024-08-02","Y23","_2Y0851","_2Y0851",1,"2024-08-02",NA,498.102691501204,446.35198613815,26,1.3,NA,"AS",NA,NA,NA,NA
2439,"Site1","2024-08-03","Plot1","4","2024-08-02","E7","_0E0148","_0E0148",1,"2024-08-02","abarema sp.1",92.7199902745779,133.270004697144,12.6,1.3,NA,"AS",NA,NA,NA,NA
6362,"Site1","2024-08-03","Plot1","4","2024-08-02","K20","_0K4179","_0K4179",1,"2024-08-02","ampelocera edentula",202.289963436371,385.350006865337,10.1,1.3,NA,"AS",NA,NA,NA,NA
1845,"Site1","2024-08-03","Plot1","4","2024-08-02","D4","_0D0081","_0D0081",1,"2024-08-02","guarea pterorhachis",69.1599999924074,68.2400000002235,10.6315501985386,1.3,NA,"AS",NA,NA,NA,NA
3105,"Site1","2024-08-03","Plot1","4","2024-08-02","F15","_0F0349","_0F0349",1,"2024-08-02","richeria sp.1",116.170019155019,285.929979899898,15.6,1.3,NA,"AS",NA,NA,NA,NA
6682,"Site1","2024-08-03","Plot1","4","2024-08-02","L21","_0L0457","_0L0457",1,"2024-08-02","handroanthus serratifolius",222.630034364876,401.219988392666,25.3,1.3,NA,"AS",NA,NA,NA,NA
1859,"Site1","2024-08-03","Plot1","4","2024-08-02","D4","_0D0097","_0D0097",1,"2024-08-02","vatairea erythrocarpa",75.1399659125018,73.229979397729,40.7,3.7,NA,"AS",NA,NA,NA,NA
9450,"Site1","2024-08-03","Plot1","4","2024-08-02","Q15","_0Q0310","_0Q0310",1,"2024-08-02","virola calophylla",337.910024500045,299.739998416975,14.3,1.3,NA,"AS",NA,NA,NA,NA
1053,"Site1","2024-08-03","Plot1","4","2024-08-02","B6","_0B1554","_0B1554",1,"2024-08-02","anacardium sp.1",22.1699999883422,107.049999998882,11.7456348001819,1.3,NA,"AS",NA,NA,NA,NA
5984,"Site1","2024-08-03","Plot1","4","2024-08-02","K12","_0K0286","_0K0286",1,"2024-08-02","osteophloeum platyspermum",217.479979430384,221.600038079545,18.8,1.3,NA,"AS",NA,NA,NA,NA
4514,"Site1","2024-08-03","Plot1","4","2024-08-02","H8","_0H2063","_0H2063",1,"2024-08-02","nealchornea yapurensis",158.699956527271,140.700040685013,13.5,1.3,NA,"AS",NA,NA,NA,NA
5529,"Site1","2024-08-03","Plot1","4","2024-08-02","J21","_0J0523","_0J0523",1,"2024-08-02","euterpe precatoria",196.269973512623,409.720030710101,15.7,1.3,NA,"AS",NA,NA,NA,NA
14493,"Site1","2024-08-03","Plot1","4","2024-08-02","C20","_2C0913","_2C0913",1,"2024-08-02",NA,46.078250425111,390.133721340448,10.7588741530121,1.3,NA,"AS",NA,NA,NA,NA
9269,"Site1","2024-08-03","Plot1","4","2024-08-02","Q2","_0Q0040","_0Q0040",1,"2024-08-02","abuta grandifolia",332.584631240403,33.60493279621,11.3,1.3,NA,"AS",NA,NA,NA,NA
2626,"Site1","2024-08-03","Plot1","4","2024-08-02","E18","_0E0422","_0E0422",1,"2024-08-02","iryanthera hostmannii",80.9899735939689,346.009982740507,16,1.3,NA,"AS",NA,NA,NA,NA
2092,"Site1","2024-08-03","Plot1","4","2024-08-02","D20","_0D0439","_0D0439",1,"2024-08-02","eschweilera coriacea",76.16998055164,381.76000251621,27.7,1.3,NA,"AS",NA,NA,NA,NA
12773,"Site1","2024-08-03","Plot1","4","2024-08-02","W23","_0W0549","_0W0549",1,"2024-08-02","socratea exorrhiza",442.390012550401,440.159978300333,16.5,3.4,NA,"AS",NA,NA,NA,NA
8310,"Site1","2024-08-03","Plot1","4","2024-08-02","O16","_0O0386","_0O0386",1,"2024-08-02","erythroxylum rufum",283.709994734207,318.830039104447,18.1,1.3,NA,"AS",NA,NA,NA,NA
368,"Site1","2024-08-03","Plot1","4","2024-08-02","A24","_0A0545","_0A0545",1,"2024-08-02","apeiba membranacea",16.2800266565173,476.209978988394,43.1309895779036,1.3,NA,"AS",NA,NA,NA,NA
3244,"Site1","2024-08-03","Plot1","4","2024-08-02","F23","_0F0556","_0F0556",1,"2024-08-02","eschweilera coriacea",117.200012441957,459.700001511723,19.8,1.3,NA,"AS",NA,NA,NA,NA
8687,"Site1","2024-08-03","Plot1","4","2024-08-02","P3","_0P0048","_0P0048",1,"2024-08-02","perebea guianensis",301.029985312605,46.5399783048779,18.1,1.78,NA,"AS",NA,NA,NA,NA
1418,"Site1","2024-08-03","Plot1","4","2024-08-02","C15","_0C0317","_0C0317",1,"2024-08-02","guarea kunthiana",50.1899999973248,281.179999999702,11.841127766037,1.3,NA,"AS",NA,NA,NA,NA
13692,"Site1","2024-08-03","Plot1","4","2024-08-02","Y8","_0Y0197","_0Y0197",1,"2024-08-02","cecropia sciadophylla",484.860025515722,141.269965251908,54.305,3.9,NA,"AS",NA,NA,NA,NA
8307,"Site1","2024-08-03","Plot1","4","2024-08-02","O16","_0O0382","_0O0382",1,"2024-08-02","eschweilera gigantea",285.3099906891,300.149956244975,14.8,1.3,NA,"AS",NA,NA,NA,NA
2840,"Site1","2024-08-03","Plot1","4","2024-08-02","E18","_0E3796","_0E3796",1,"2024-08-02","iriartea deltoidea",99.7900178889977,350.479970796034,24,1.3,NA,"AS",NA,NA,NA,NA
6283,"Site1","2024-08-03","Plot1","4","2024-08-02","K8","_0K2119","_0K2119",1,"2024-08-02","vochysia lomatophylla",209.109989260032,146.739987617359,46.5,1.3,NA,"AS",NA,NA,NA,NA
1351,"Site1","2024-08-03","Plot1","4","2024-08-02","C11","_0C0224","_0C0224",1,"2024-08-02","virola calophylla",59.8299999953015,205.150000000373,27.5974671321347,1.3,NA,"AS",NA,NA,NA,NA
12067,"Site1","2024-08-03","Plot1","4","2024-08-02","V11","_0V0229","_0V0229",1,"2024-08-02","humiriastrum piraparanense",439.699985809217,204.599959211424,30.4,1.3,NA,"AS",NA,NA,NA,NA
7446,"Site1","2024-08-03","Plot1","4","2024-08-02","M17","_0M3549","_0M3549",1,"2024-08-02","guarea gomma",256.740017460368,334.799980852753,10.5,1.3,NA,"AS",NA,NA,NA,NA
8509,"Site1","2024-08-03","Plot1","4","2024-08-02","O4","_0O1458","_0O1458",1,"2024-08-02","eschweilera coriacea",292.758826381352,74.4367547929287,12.3,1.3,NA,"AS",NA,NA,NA,NA
2969,"Site1","2024-08-03","Plot1","4","2024-08-02","F6","_0F0135","_0F0135",1,"2024-08-02","endlicheria sp.1",115.519991174631,112.670003520325,19.2,1.4,NA,"AS",NA,NA,NA,NA
12780,"Site1","2024-08-03","Plot1","4","2024-08-02","W24","_0W0571","_0W0571",1,"2024-08-02","lacmellea edulis",441.05995399243,465.290043655783,26.7,2.6,NA,"AS",NA,NA,NA,NA
11155,"Site1","2024-08-03","Plot1","4","2024-08-02","T23","_0T0522","_0T0522",1,"2024-08-02","hymenopus arachnoideus",394.609959492518,441.8200001847,45,1.3,NA,"AS",NA,NA,NA,NA
10291,"Site1","2024-08-03","Plot1","4","2024-08-02","R19","_0R3760","_0R3760",1,"2024-08-02","theobroma obovatum",352.560024408158,367.030011173338,10.6,1.3,NA,"AS",NA,NA,NA,NA
3299,"Site1","2024-08-03","Plot1","4","2024-08-02","F5","_0F1415","_0F1415",1,"2024-08-02","pourouma bicolor",108.649983088137,86.5699578244239,11.2,1.3,NA,"AS",NA,NA,NA,NA
5399,"Site1","2024-08-03","Plot1","4","2024-08-02","J13","_0J0321","_0J0321",1,"2024-08-02","eschweilera rufifolia",198.769995173847,254.830005394295,10.7,1.3,NA,"AS",NA,NA,NA,NA
8513,"Site1","2024-08-03","Plot1","4","2024-08-02","O4","_0O1525","_0O1525",1,"2024-08-02","mollia gracilis",299.050320182985,65.2564175929874,12.9,1.69,NA,"AS",NA,NA,NA,NA
8756,"Site1","2024-08-03","Plot1","4","2024-08-02","P16","_0P0146","_0P0146",1,"2024-08-02","vochysia lomatophylla",316.750007036899,313.25997998938,19.1,1.3,NA,"AS",NA,NA,NA,NA
3811,"Site1","2024-08-03","Plot1","4","2024-08-02","G24","_0G0544","_0G0544",1,"2024-08-02","lindackeria paludosa",131.740011251299,467.959979765117,12.3,1.3,NA,"AS",NA,NA,NA,NA
14212,"Site1","2024-08-03","Plot1","4","2024-08-02","F1","_1F0094","_1F0094",1,"2024-08-02","apeiba tibourbou",119.500025151647,8.63002838008106,17.5,1.3,NA,"AS",NA,NA,NA,NA
8656,"Site1","2024-08-03","Plot1","4","2024-08-02","O11","_0O5482","_0O5482",1,"2024-08-02",NA,285.89058544935,201.950580978766,12.9,1.3,NA,"AS",NA,NA,NA,NA
10941,"Site1","2024-08-03","Plot1","4","2024-08-02","T6","_0T0133","_0T0133",1,"2024-08-02","ficus maxima",388.779959835869,112.729995938018,19.7,1.3,NA,"AS",NA,NA,NA,NA
5114,"Site1","2024-08-03","Plot1","4","2024-08-02","I9","_0I2310","_0I2310",1,"2024-08-02","theobroma obovatum",175.400006622716,160.859976179898,12.2,1.3,NA,"AS",NA,NA,NA,NA
8391,"Site1","2024-08-03","Plot1","4","2024-08-02","O21","_0O0508","_0O0508",1,"2024-08-02","maytenus amazonica",291.639995489328,407.940014814958,20,1.3,NA,"AS",NA,NA,NA,NA
7553,"Site1","2024-08-03","Plot1","4","2024-08-02","N4","_0N0079","_0N0079",1,"2024-08-02","conceveiba guianensis",269.739986988192,65.8099946416914,19.6,1.3,NA,"AS",NA,NA,NA,NA
6307,"Site1","2024-08-03","Plot1","4","2024-08-02","K12","_0K2800","_0K2800",1,"2024-08-02","iriartea deltoidea",206.620027685829,225.739977860823,10.8,1.3,NA,"AS",NA,NA,NA,NA
603,"Site1","2024-08-03","Plot1","4","2024-08-02","B1","_0B0010","_0B0010",1,"2024-08-02","neea spruceana",20.2999999896274,10.480000000447,33.3270450834429,1.3,NA,"AS",NA,NA,NA,NA
2564,"Site1","2024-08-03","Plot1","4","2024-08-02","E14","_0E0319","_0E0319",1,"2024-08-02","theobroma microcarpum",81.4799719028524,275.119989227504,29.6,1.3,NA,"AS",NA,NA,NA,NA
1524,"Site1","2024-08-03","Plot1","4","2024-08-02","C21","_0C0455","_0C0455",1,"2024-08-02","chrysophyllum venezuelanum",55.7399894589907,412.460034033284,28.1067629500287,1.3,NA,"AS",NA,NA,NA,NA
12189,"Site1","2024-08-03","Plot1","4","2024-08-02","V18","_0V0405","_0V0405",1,"2024-08-02","zygia latifolia",439.890048425412,354.079957673326,12.55,1.3,NA,"AS",NA,NA,NA,NA
14838,"Site1","2024-08-03","Plot1","4","2024-08-02","X5","_2X0220","_2X0220",1,"2024-08-02",NA,460.361406061973,80.587196951732,14.7,1.3,NA,"AS",NA,NA,NA,NA
7909,"Site1","2024-08-03","Plot1","4","2024-08-02","N25","_0N0560","_0N0560",1,"2024-08-02","eugenia sp.14",267.049975402479,483.270014418289,12.6,1.3,NA,"AS",NA,NA,NA,NA
1284,"Site1","2024-08-03","Plot1","4","2024-08-02","C6","_0C0127","_0C0127",1,"2024-08-02","oxandra riedeliana",45.3599999931757,100.990000000224,10.8543671188673,1.3,NA,"AS",NA,NA,NA,NA
13200,"Site1","2024-08-03","Plot1","4","2024-08-02","X15","_0X0340","_0X0340",1,"2024-08-02","virola pavonis",467.97906818625,288.573272773996,19.2,3,NA,"AS",NA,NA,NA,NA
974,"Site1","2024-08-03","Plot1","4","2024-08-02","B23","_0B0579","_0B0579",1,"2024-08-02","dendrobangia multinervia",27.890012805874,457.969992538914,21.4859173174059,1.3,NA,"AS",NA,NA,NA,NA
14161,"Site1","2024-08-03","Plot1","4","2024-08-02","B1","_1B0005","_1B0005",1,"2024-08-02","iriartea deltoidea",22.0199935150449,6.81999282538891,10.6315501985386,1.3,NA,"AS",NA,NA,NA,NA
3608,"Site1","2024-08-03","Plot1","4","2024-08-02","G12","_0G0260","_0G0260",1,"2024-08-02","otoba glycycarpa",136.329038089782,235.369357258081,26,1.3,NA,"AS",NA,NA,NA,NA
6768,"Site1","2024-08-03","Plot1","4","2024-08-02","L6","_0L0583","_0L0583",1,"2024-08-02","theobroma obovatum",229.129989254172,100.180019155145,17.3,1.3,NA,"AS",NA,NA,NA,NA
5668,"Site1","2024-08-03","Plot1","4","2024-08-02","J8","_0J2029","_0J2029",1,"2024-08-02","protium nodulosum",185.639968796226,156.749954808503,13.7,1.3,NA,"AS",NA,NA,NA,NA
369,"Site1","2024-08-03","Plot1","4","2024-08-02","A24","_0A0547","_0A0547",1,"2024-08-02","scleronema micranthum",17.319974367565,477.100043877959,12.7960574245884,1.3,NA,"AS",NA,NA,NA,NA
12430,"Site1","2024-08-03","Plot1","4","2024-08-02","W2","_0W0025","_0W0025",1,"2024-08-02","myrtaceae sp.4",446.960046492342,27.3599676191807,17.8,1.3,NA,"AS",NA,NA,NA,NA
3803,"Site1","2024-08-03","Plot1","4","2024-08-02","G24","_0G0534","_0G0534",1,"2024-08-02","inga fastuosa",123.750032126438,478.459968779236,25.2,1.3,NA,"AS",NA,NA,NA,NA
2803,"Site1","2024-08-03","Plot1","4","2024-08-02","E12","_0E2597","_0E2597",1,"2024-08-02","leptobalanus longistylus",91.0199968151283,236.230006592348,10.3,1.3,NA,"AS",NA,NA,NA,NA
4095,"Site1","2024-08-03","Plot1","4","2024-08-02","H4","_0H0088","_0H0088",1,"2024-08-02","endlicheria sp.7",158.259955446294,70.3400281649083,21.4,1.3,NA,"AS",NA,NA,NA,NA
5561,"Site1","2024-08-03","Plot1","4","2024-08-02","J23","_0J0565","_0J0565",1,"2024-08-02","tetrorchidium rubrivenium",193.215554863738,454.330474141985,14.4,1.35,NA,"AS",NA,NA,NA,NA
13236,"Site1","2024-08-03","Plot1","4","2024-08-02","X17","_0X0391","_0X0391",1,"2024-08-02","hymenopus heteromorphus",466.129959414538,324.580001089722,12.9,1.3,NA,"AS",NA,NA,NA,NA
12587,"Site1","2024-08-03","Plot1","4","2024-08-02","W13","_0W0275","_0W0275",1,"2024-08-02","brosimum guianense",443.040005578892,244.860019288957,15.1,1.3,NA,"AS",NA,NA,NA,NA
7465,"Site1","2024-08-03","Plot1","4","2024-08-02","M22","_0M4365","_0M4365",1,"2024-08-02","protium robustum",243.51003245241,436.009963499382,10.2,1.3,NA,"AS",NA,NA,NA,NA
923,"Site1","2024-08-03","Plot1","4","2024-08-02","B19","_0B0491","_0B0491",1,"2024-08-02","eschweilera coriacea",22.7899999929359,372.240000000224,42.9400036461934,1.3,NA,"AS",NA,NA,NA,NA
1685,"Site1","2024-08-03","Plot1","4","2024-08-02","C13","_0C3069","_0C3069",1,"2024-08-02","sterculia tessmannii",54.4499999969266,252.269999999553,10.2814093237364,1.3,NA,"AS",NA,NA,NA,NA
4043,"Site1","2024-08-03","Plot1","4","2024-08-02","H2","_0H0023","_0H0023",1,"2024-08-02","iriartea deltoidea",140.660040328454,20.9799710232764,25,2.7,NA,"AS",NA,NA,NA,NA
684,"Site1","2024-08-03","Plot1","4","2024-08-02","B5","_0B0137","_0B0137",1,"2024-08-02","otoba glycycarpa",27.9199999957928,88.1699999999255,16.7431000132674,1.3,NA,"AS",NA,NA,NA,NA
11990,"Site1","2024-08-03","Plot1","4","2024-08-02","V6","_0V0119","_0V0119",1,"2024-08-02","euterpe precatoria",428.226283599623,110.648936258629,17.2,1.3,NA,"AS",NA,NA,NA,NA
12290,"Site1","2024-08-03","Plot1","4","2024-08-02","V6","_0V1488","_0V1488",1,"2024-08-02","ficus sp.1",431.080031050777,107.270034063607,15.1,1.3,NA,"AS",NA,NA,NA,NA
10102,"Site1","2024-08-03","Plot1","4","2024-08-02","R24","_0R0491","_0R0491",1,"2024-08-02","eschweilera gigantea",346.679961124377,476.290021333843,14.9,1.3,NA,"AS",NA,NA,NA,NA
13886,"Site1","2024-08-03","Plot1","4","2024-08-02","Y19","_0Y0465","_0Y0465",1,"2024-08-02","naucleopsis sp.1",483.17003455112,371.699982747436,21.5,1.3,NA,"AS",NA,NA,NA,NA
11825,"Site1","2024-08-03","Plot1","4","2024-08-02","U12","_0U2462","_0U2462",1,"2024-08-02","inga acicularis",408.519951196446,238.970048997551,10.3,1.3,NA,"AS",NA,NA,NA,NA
2962,"Site1","2024-08-03","Plot1","4","2024-08-02","F6","_0F0125","_0F0125",1,"2024-08-02","euterpe precatoria",104.210014799144,110.620048325509,18.8,1.3,NA,"AS",NA,NA,NA,NA
10594,"Site1","2024-08-03","Plot1","4","2024-08-02","S22","_0S0461","_0S0461",1,"2024-08-02","pseudolmedia laevis",363.570016853395,431.389971785247,15.1,1.3,NA,"AS",NA,NA,NA,NA
10851,"Site1","2024-08-03","Plot1","4","2024-08-02","S25","_0S4564","_0S4564",1,"2024-08-02","inga leiocalycina",368.869958137802,491.660043941811,14.6,1.3,NA,"AS",NA,NA,NA,NA
4309,"Site1","2024-08-03","Plot1","4","2024-08-02","H18","_0H0402","_0H0402",1,"2024-08-02","erisma laurifolium",155.381806568301,356.172453304753,13.6,1.3,NA,"AS",NA,NA,NA,NA
6811,"Site1","2024-08-03","Plot1","4","2024-08-02","L4","_0L1306","_0L1306",1,"2024-08-02","euterpe precatoria",237.439993995067,66.630015835166,17.5,1.3,NA,"AS",NA,NA,NA,NA
12329,"Site1","2024-08-03","Plot1","4","2024-08-02","V13","_0V2446","_0V2446",1,"2024-08-02","mollia gracilis",420.470025676361,249.73995324783,11.3,1.3,NA,"AS",NA,NA,NA,NA
12398,"Site1","2024-08-03","Plot1","4","2024-08-02","V24","_0V3833","_0V3833",1,"2024-08-02","cecropia ficifolia",431.340024614998,466.699985798448,13.6,1.3,NA,"AS",NA,NA,NA,NA
10542,"Site1","2024-08-03","Plot1","4","2024-08-02","S15","_0S0350","_0S0350",1,"2024-08-02","alchorneopsis floribunda",366.050014452718,290.99004195258,37.7,1.3,NA,"AS",NA,NA,NA,NA
9474,"Site1","2024-08-03","Plot1","4","2024-08-02","Q17","_0Q0347","_0Q0347",1,"2024-08-02","sterculia apeibophylla",337.089989116648,334.970016853884,36.6,1.3,NA,"AS",NA,NA,NA,NA
10612,"Site1","2024-08-03","Plot1","4","2024-08-02","S23","_0S0481","_0S0481",1,"2024-08-02","clarisia racemosa",361.479952581634,453.979968868196,38.5,1.98,NA,"AS",NA,NA,NA,NA
97,"Site1","2024-08-03","Plot1","4","2024-08-02","A6","_0A0146","_0A0146",1,"2024-08-02","scleronema micranthum",7.33004760142649,119.000020278618,51.9481734251946,1.3,NA,"AS",NA,NA,NA,NA
5655,"Site1","2024-08-03","Plot1","4","2024-08-02","J6","_0J1732","_0J1732",1,"2024-08-02","erisma laurifolium",190.134998926485,115.700458699837,12,1.3,NA,"AS",NA,NA,NA,NA
11916,"Site1","2024-08-03","Plot1","4","2024-08-02","V1","_0V0010","_0V0010",1,"2024-08-02","brosimum lactescens",428.620031187893,16.7399698607624,28.2,1.3,NA,"AS",NA,NA,NA,NA
7388,"Site1","2024-08-03","Plot1","4","2024-08-02","M8","_0M1845","_0M1845",1,"2024-08-02","iryanthera juruensis",246.730025465193,150.320000112057,12.1,1.3,NA,"AS",NA,NA,NA,NA
3813,"Site1","2024-08-03","Plot1","4","2024-08-02","G24","_0G0547","_0G0547",1,"2024-08-02","otoba parvifolia",139.380022407451,469.349979367107,39.6,1.7,NA,"AS",NA,NA,NA,NA
8604,"Site1","2024-08-03","Plot1","4","2024-08-02","O18","_0O3756","_0O3756",1,"2024-08-02","virola duckei",294.940016985463,355.830034947023,18.8,1.3,NA,"AS",NA,NA,NA,NA
2939,"Site1","2024-08-03","Plot1","4","2024-08-02","F4","_0F0096","_0F0096",1,"2024-08-02","byrsonima flexipes",112.240049011656,64.8300412129611,31.7,1.3,NA,"AS",NA,NA,NA,NA
8993,"Site1","2024-08-03","Plot1","4","2024-08-02","P23","_0P0510","_0P0510",1,"2024-08-02","brosimum acutifolium",315.249972979247,447.310040881857,50.8,3.75,NA,"AS",NA,NA,NA,NA
1992,"Site1","2024-08-03","Plot1","4","2024-08-02","D13","_0D0288","_0D0288",1,"2024-08-02","helicostylis tomentosa",79.0100473189377,253.53999376297,18.5256353758966,1.3,NA,"AS",NA,NA,NA,NA
10440,"Site1","2024-08-03","Plot1","4","2024-08-02","S7","_0S0158","_0S0158",1,"2024-08-02","astrocaryum ferrugineum",363.310013118375,139.46004053764,13.9,1.3,NA,"AS",NA,NA,NA,NA
4128,"Site1","2024-08-03","Plot1","4","2024-08-02","H7","_0H0138","_0H0138",1,"2024-08-02","socratea exorrhiza",145.240035542112,129.409985620528,14.8,4.4,NA,"AS",NA,NA,NA,NA
9182,"Site1","2024-08-03","Plot1","4","2024-08-02","P18","_0P4072","_0P4072",1,"2024-08-02","matayba macrostylis",318.910026484926,342.320014370605,11.7,1.3,NA,"AS",NA,NA,NA,NA
407,"Site1","2024-08-03","Plot1","4","2024-08-02","A2","_0A0827","_0A0827",1,"2024-08-02","duguetia quitarensis",6.12001777492696,31.2400051597506,14.0692969693235,1.3,NA,"AS",NA,NA,NA,NA
4267,"Site1","2024-08-03","Plot1","4","2024-08-02","H15","_0H0326","_0H0326",1,"2024-08-02","protium nodulosum",148.479953601549,296.339961567894,17.5,1.8,NA,"AS",NA,NA,NA,NA
3587,"Site1","2024-08-03","Plot1","4","2024-08-02","G11","_0G0227","_0G0227",1,"2024-08-02","naucleopsis ulei",135.209961410379,215.670006955042,13.6,1.3,NA,"AS",NA,NA,NA,NA
7125,"Site1","2024-08-03","Plot1","4","2024-08-02","M12","_0M0264","_0M0264",1,"2024-08-02","eschweilera rufifolia",258.269965373445,233.970043780282,18.4,1.3,NA,"AS",NA,NA,NA,NA
9921,"Site1","2024-08-03","Plot1","4","2024-08-02","R9","_0R0181","_0R0181",1,"2024-08-02","eschweilera coriacea",345.519997595169,164.139965530485,18.05,1.3,NA,"AS",NA,NA,NA,NA
13022,"Site1","2024-08-03","Plot1","4","2024-08-02","X5","_0X0091","_0X0091",1,"2024-08-02","tachigali poeppigiana",479.349959560845,97.029981629923,51.5,3.1,NA,"AS",NA,NA,NA,NA
2839,"Site1","2024-08-03","Plot1","4","2024-08-02","E18","_0E3779","_0E3779",1,"2024-08-02","iriartea deltoidea",99.8300316710374,356.929993702099,19.6,1.3,NA,"AS",NA,NA,NA,NA
10409,"Site1","2024-08-03","Plot1","4","2024-08-02","S5","_0S0104","_0S0104",1,"2024-08-02","vochysia lomatophylla",360.949957077682,80.749967539683,57.3,3.75,NA,"AS",NA,NA,NA,NA
4317,"Site1","2024-08-03","Plot1","4","2024-08-02","H18","_0H0410","_0H0410",1,"2024-08-02","brosimum guianense",151.749998798128,348.520024951547,19,1.3,NA,"AS",NA,NA,NA,NA
9761,"Site1","2024-08-03","Plot1","4","2024-08-02","Q19","_0Q3853","_0Q3853",1,"2024-08-02","iryanthera hostmannii",328.653850661649,378.985943377018,10.4,1.3,NA,"AS",NA,NA,NA,NA
9822,"Site1","2024-08-03","Plot1","4","2024-08-02","R1","_0R0019","_0R0019",1,"2024-08-02","otoba parvifolia",356.539987674973,19.5600121449679,20,1.3,NA,"AS",NA,NA,NA,NA
151,"Site1","2024-08-03","Plot1","4","2024-08-02","A8","_0A0227","_0A0227",1,"2024-08-02","garcinia madruno",18.0899763346533,158.480007838458,19.4169030572112,1.3,NA,"AS",NA,NA,NA,NA
8887,"Site1","2024-08-03","Plot1","4","2024-08-02","P16","_0P0340","_0P0340",1,"2024-08-02","annona dolichophylla",306.869983656041,318.330044643953,14.1,1.3,NA,"AS",NA,NA,NA,NA
7395,"Site1","2024-08-03","Plot1","4","2024-08-02","M9","_0M2069","_0M2069",1,"2024-08-02","eschweilera coriacea",254.939991157269,177.600011177361,10.2,1.3,NA,"AS",NA,NA,NA,NA
13084,"Site1","2024-08-03","Plot1","4","2024-08-02","X8","_0X0171","_0X0171",1,"2024-08-02","sapium marmieri",474.309956410143,159.110002884641,44.5,1.3,NA,"AS",NA,NA,NA,NA
2702,"Site1","2024-08-03","Plot1","4","2024-08-02","E23","_0E0545","_0E0545",1,"2024-08-02","chrysochlamys weberbaueri",96.1599653687445,447.509956007823,14.8,1.3,NA,"AS",NA,NA,NA,NA
8190,"Site1","2024-08-03","Plot1","4","2024-08-02","O9","_0O0208","_0O0208",1,"2024-08-02","brosimum guianense",290.32998678711,170.089975588024,28,1.3,NA,"AS",NA,NA,NA,NA
14507,"Site1","2024-08-03","Plot1","4","2024-08-02","D18","_2D1063","_2D1063",1,"2024-08-02",NA,75.1535181623767,351.968161903322,14.4,1.3,NA,"AS",NA,NA,NA,NA
8588,"Site1","2024-08-03","Plot1","4","2024-08-02","O15","_0O3271","_0O3271",1,"2024-08-02","tachigali sp.1",296.400025060226,298.580016007647,18.1,1.5,NA,"AS",NA,NA,NA,NA
5084,"Site1","2024-08-03","Plot1","4","2024-08-02","I4","_0I1332","_0I1332",1,"2024-08-02","eschweilera bracteosa",175.9154137554,62.7294837161899,11.3,1.3,NA,"AS",NA,NA,NA,NA
3429,"Site1","2024-08-03","Plot1","4","2024-08-02","F25","_0F5074","_0F5074",1,"2024-08-02","zygia latifolia",105.640034365293,490.579971820116,12,1.3,NA,"AS",NA,NA,NA,NA
5860,"Site1","2024-08-03","Plot1","4","2024-08-02","K5","_0K0102","_0K0102",1,"2024-08-02","zygia latifolia",200.270043536264,99.3299882467836,26.2,1.3,NA,"ABS",NA,NA,NA,NA
3351,"Site1","2024-08-03","Plot1","4","2024-08-02","F14","_0F3108","_0F3108",1,"2024-08-02","lacmellea sp.1",100.630047016719,274.379984095693,14.3,1.3,NA,"AS",NA,NA,NA,NA
10541,"Site1","2024-08-03","Plot1","4","2024-08-02","S15","_0S0349","_0S0349",1,"2024-08-02","astrocaryum ferrugineum",363.899994332634,297.440016208217,13.1,1.3,NA,"AS",NA,NA,NA,NA
2814,"Site1","2024-08-03","Plot1","4","2024-08-02","E14","_0E3085","_0E3085",1,"2024-08-02","guatteria sp.2",90.770045043726,266.010040413588,15,1.3,NA,"AS",NA,NA,NA,NA
6603,"Site1","2024-08-03","Plot1","4","2024-08-02","L15","_0L0325","_0L0325",1,"2024-08-02","pouteria bangii",222.359977388696,295.45995253697,38,1.3,NA,"AS",NA,NA,NA,NA
7854,"Site1","2024-08-03","Plot1","4","2024-08-02","N22","_0N0489","_0N0489",1,"2024-08-02","iryanthera macrophylla",277.040043867251,435.540037348866,11.6,1.3,NA,"AS",NA,NA,NA,NA
13380,"Site1","2024-08-03","Plot1","4","2024-08-02","X4","_0X0695","_0X0695",1,"2024-08-02","diospyros guatterioides",461.809986204433,70.4499802757055,12.2,1.3,NA,"AS",NA,NA,NA,NA
14928,"Site1","2024-08-03","Plot1","4","2024-08-02",NA,"_3S0683","_3S0683",1,"2024-11-27",NA,378.875408682157,356.176036966965,27.3,1.3,NA,"AS",NA,NA,NA,NA
8242,"Site1","2024-08-03","Plot1","4","2024-08-02","O12","_0O0280","_0O0280",1,"2024-08-02","rinorea lindeniana",280.359990945377,234.26000861451,11.2,1.3,NA,"AS",NA,NA,NA,NA
7993,"Site1","2024-08-03","Plot1","4","2024-08-02","N17","_0N3423","_0N3423",1,"2024-08-02","guatteria boliviana",268.660031592648,321.580008653924,14.5,1.3,NA,"AS",NA,NA,NA,NA
12604,"Site1","2024-08-03","Plot1","4","2024-08-02","W13","_0W0300","_0W0300",1,"2024-08-02","euterpe precatoria",451.179957844259,249.559987213463,13,1.3,NA,"AS",NA,NA,NA,NA
8266,"Site1","2024-08-03","Plot1","4","2024-08-02","O13","_0O0310","_0O0310",1,"2024-08-02","annona neoinsignis",280.820008893439,253.509954679757,32.1,1.5,NA,"AS",NA,NA,NA,NA
1736,"Site1","2024-08-03","Plot1","4","2024-08-02","C19","_0C4319","_0C4319",1,"2024-08-02","pouteria vernicosa",52.5506672332413,364.508362172171,12.8915503904435,1.3,NA,"AS",NA,NA,NA,NA
10407,"Site1","2024-08-03","Plot1","4","2024-08-02","S4","_0S0101","_0S0101",1,"2024-08-02","pouteria cuspidata",377.869973578549,65.2099950257689,18,1.3,NA,"AS",NA,NA,NA,NA
7793,"Site1","2024-08-03","Plot1","4","2024-08-02","N19","_0N0408","_0N0408",1,"2024-08-02","cordia lasseri",265.790045751957,375.550028612837,33,1.3,NA,"AS",NA,NA,NA,NA
3928,"Site1","2024-08-03","Plot1","4","2024-08-02","G11","_0G2526","_0G2526",1,"2024-08-02","annona ambotay",135.780015307071,203.239978941157,10.2,1.3,NA,"AS",NA,NA,NA,NA
7918,"Site1","2024-08-03","Plot1","4","2024-08-02","N25","_0N0574","_0N0574",1,"2024-08-02","virola pavonis",276.469982238603,480.660033749416,23.5,1.8,NA,"AS",NA,NA,NA,NA
11043,"Site1","2024-08-03","Plot1","4","2024-08-02","T15","_0T0358","_0T0358",1,"2024-08-02","sapindaceae sp.3",394.900009000266,280.20995738171,14.6,1.3,NA,"ABS",NA,NA,NA,NA
12619,"Site1","2024-08-03","Plot1","4","2024-08-02","W14","_0W0320","_0W0320",1,"2024-08-02","hirtella schultesii",447.069987481518,273.489985724911,16.4,1.3,NA,"AS",NA,NA,NA,NA
2082,"Site1","2024-08-03","Plot1","4","2024-08-02","D20","_0D0427","_0D0427",1,"2024-08-02","neea spruceana",64.5099882161012,389.359956508502,37.6,2.1,NA,"AS",NA,NA,NA,NA
5686,"Site1","2024-08-03","Plot1","4","2024-08-02","J10","_0J2373","_0J2373",1,"2024-08-02","dendropanax cuneatus",181.270012119494,195.580001367256,10.7,1.3,NA,"AS",NA,NA,NA,NA
1751,"Site1","2024-08-03","Plot1","4","2024-08-02","C21","_0C4551","_0C4551",1,"2024-08-02","fusaea peruviana",41.7700078341295,416.670028794557,11.6819728229451,1.3,NA,"AS",NA,NA,NA,NA
7843,"Site1","2024-08-03","Plot1","4","2024-08-02","N22","_0N0475","_0N0475",1,"2024-08-02","conceveiba guianensis",269.339951078757,427.159996042028,24.5,1.3,NA,"AS",NA,NA,NA,NA
2719,"Site1","2024-08-03","Plot1","4","2024-08-02","E24","_0E0568","_0E0568",1,"2024-08-02","psychotria borjensis",95.2600254741847,468.14002003707,13.5,1.3,NA,"AS",NA,NA,NA,NA
4451,"Site1","2024-08-03","Plot1","4","2024-08-02","H25","_0H0605","_0H0605",1,"2024-08-02","sterculia peruviana",156.820009372663,489.24001353234,14.8,1.3,NA,"AS",NA,NA,NA,NA
3922,"Site1","2024-08-03","Plot1","4","2024-08-02","G11","_0G2425","_0G2425",1,"2024-08-02","siparuna decipiens",128.770035661466,200.089984802529,10.3,1.3,NA,"AS",NA,NA,NA,NA
4933,"Site1","2024-08-03","Plot1","4","2024-08-02","I20","_0I0454","_0I0454",1,"2024-08-02","socratea exorrhiza",163.22000892181,388.790042987093,10.4,1.3,NA,"AS",NA,NA,NA,NA
2496,"Site1","2024-08-03","Plot1","4","2024-08-02","E10","_0E0229","_0E0229",1,"2024-08-02","chrysochlamys weberbaueri",99.5499936903943,192.110017295927,13.7,1.3,NA,"AS",NA,NA,NA,NA
4543,"Site1","2024-08-03","Plot1","4","2024-08-02","H13","_0H3002","_0H3002",1,"2024-08-02","ocotea sp.12",145.73998474126,252.579984381795,21.7,1.3,NA,"AS",NA,NA,NA,NA
14539,"Site1","2024-08-03","Plot1","4","2024-08-02","H15","_2H0410","_2H0410",1,"2024-08-02",NA,140.740195346763,296.306698886678,12.5,1.9,NA,"AS",NA,NA,NA,NA
13567,"Site1","2024-08-03","Plot1","4","2024-08-02","Y2","_0Y0026","_0Y0026",1,"2024-08-02","alseis microcarpa",485.499951115809,29.0299973264337,14.75,1.3,NA,"AS",NA,NA,NA,NA
5354,"Site1","2024-08-03","Plot1","4","2024-08-02","J11","_0J0268","_0J0268",1,"2024-08-02","pseudolmedia laevis",194.299989720399,219.56002869457,47.1,1.3,NA,"AS",NA,NA,NA,NA
7440,"Site1","2024-08-03","Plot1","4","2024-08-02","M16","_0M3301","_0M3301",1,"2024-08-02","buchenavia amazonia",252.949978246179,319.800014318898,11,1.3,NA,"AS",NA,NA,NA,NA
2673,"Site1","2024-08-03","Plot1","4","2024-08-02","E21","_0E0502","_0E0502",1,"2024-08-02","chrysophyllum bombycinum",95.8900382036809,408.270042365417,37.7,3.5,NA,"AS",NA,NA,NA,NA
6862,"Site1","2024-08-03","Plot1","4","2024-08-02","L11","_0L2476","_0L2476",1,"2024-08-02","inga fastuosa",230.229976473434,217.329977188259,10.3,1.3,NA,"AS",NA,NA,NA,NA
8757,"Site1","2024-08-03","Plot1","4","2024-08-02","P7","_0P0148","_0P0148",1,"2024-08-02","xylopia calophylla",307.799960885488,125.490022080019,22.3,1.3,NA,"AS",NA,NA,NA,NA
9524,"Site1","2024-08-03","Plot1","4","2024-08-02","Q20","_0Q0423","_0Q0423",1,"2024-08-02","guarea kunthiana",333.190032420505,390.460015108809,23.3,1.3,NA,"AS",NA,NA,NA,NA
8162,"Site1","2024-08-03","Plot1","4","2024-08-02","O7","_0O0159","_0O0159",1,"2024-08-02","euterpe precatoria",283.929969184042,136.339988321066,16.5,1.3,NA,"AS",NA,NA,NA,NA
11548,"Site1","2024-08-03","Plot1","4","2024-08-02","U14","_0U0308","_0U0308",1,"2024-08-02","amaioua corymbosa",405.110031081829,265.890040300786,27.3,2.2,NA,"AS",NA,NA,NA,NA
4566,"Site1","2024-08-03","Plot1","4","2024-08-02","H16","_0H3502","_0H3502",1,"2024-08-02","ophiocaryon heterophyllum",148.56004074373,305.600034883246,10.1,1.3,NA,"AS",NA,NA,NA,NA
8154,"Site1","2024-08-03","Plot1","4","2024-08-02","O6","_0O0149","_0O0149",1,"2024-08-02","euterpe precatoria",291.030034578987,105.689954083413,17.2,1.3,NA,"AS",NA,NA,NA,NA
13869,"Site1","2024-08-03","Plot1","4","2024-08-02","Y18","_0Y0447","_0Y0447",1,"2024-08-02","pouteria williamii",489.430001302215,350.859989073128,17.45,1.3,NA,"AS",NA,NA,NA,NA
8153,"Site1","2024-08-03","Plot1","4","2024-08-02","O6","_0O0147","_0O0147",1,"2024-08-02","brosimum lactescens",290.250043344859,104.27999984473,24.2,2.2,NA,"AS",NA,NA,NA,NA
1550,"Site1","2024-08-03","Plot1","4","2024-08-02","C23","_0C0497","_0C0497",1,"2024-08-02","conceveiba martiana",50.9900298303692,458.060005154461,41.4,4.03,NA,"AS",NA,NA,NA,NA
5194,"Site1","2024-08-03","Plot1","4","2024-08-02","I24","_0I4752","_0I4752",1,"2024-08-02","richeria sp.1",175.289954808948,477.73000074923,11.1,1.3,NA,"AS",NA,NA,NA,NA
7258,"Site1","2024-08-03","Plot1","4","2024-08-02","M21","_0M0459","_0M0459",1,"2024-08-02","pouteria sp.1",249.25995391031,414.149954780936,38.9,1.92,NA,"AS",NA,NA,NA,NA
3075,"Site1","2024-08-03","Plot1","4","2024-08-02","F13","_0F0304","_0F0304",1,"2024-08-02","magnolia rimachii",112.260017011256,242.509981811047,32.2,1.3,NA,"AS",NA,NA,NA,NA
2643,"Site1","2024-08-03","Plot1","4","2024-08-02","E19","_0E0457","_0E0457",1,"2024-08-02","pseudolmedia laevis",94.4400483302888,366.340009735897,18.6,1.3,NA,"AS",NA,NA,NA,NA
9510,"Site1","2024-08-03","Plot1","4","2024-08-02","Q19","_0Q0405","_0Q0405",1,"2024-08-02","leonia glycycarpa",334.350045757077,361.299986422062,15.7,1.3,NA,"AS",NA,NA,NA,NA
3816,"Site1","2024-08-03","Plot1","4","2024-08-02","G25","_0G0553","_0G0553",1,"2024-08-02","astrocaryum ferrugineum",120.399996602384,495.049969099462,27.5,1.9,NA,"AS",NA,NA,NA,NA
7265,"Site1","2024-08-03","Plot1","4","2024-08-02","M21","_0M0467","_0M0467",1,"2024-08-02","naucleopsis ulei",250.98000298586,409.530027255416,24.9,1.3,NA,"AS",NA,NA,NA,NA
11615,"Site1","2024-08-03","Plot1","4","2024-08-02","U19","_0U0428","_0U0428",1,"2024-08-02","neea ovalifolia",412.419961922511,372.650005528703,20.4,1.3,NA,"AS",NA,NA,NA,NA
11684,"Site1","2024-08-03","Plot1","4","2024-08-02","U23","_0U0526","_0U0526",1,"2024-08-02","moquilea jaramilloi",417.300006836595,447.699971912429,35.2,1.3,NA,"AS",NA,NA,NA,NA
14418,"Site1","2024-08-03","Plot1","4","2024-08-02","V17","_1V0188","_1V0188",1,"2024-08-02","euterpe precatoria",426.000041409803,321.839960562065,17.7,1.3,NA,"AS",NA,NA,NA,NA
6509,"Site1","2024-08-03","Plot1","4","2024-08-02","L9","_0L0184","_0L0184",1,"2024-08-02","guarea sp.1",229.010004717507,164.260014735162,18.5,1.55,NA,"AS",NA,NA,NA,NA
4770,"Site1","2024-08-03","Plot1","4","2024-08-02","I9","_0I0204","_0I0204",1,"2024-08-02","iryanthera hostmannii",168.809993680334,165.149970559403,12.6,1.3,NA,"AS",NA,NA,NA,NA
14530,"Site1","2024-08-03","Plot1","4","2024-08-02","F23","_2F0675","_2F0675",1,"2024-08-02",NA,114.365481628978,444.737876001745,15,1.3,NA,"AS",NA,NA,NA,NA
5551,"Site1","2024-08-03","Plot1","4","2024-08-02","J22","_0J0552","_0J0552",1,"2024-08-02","inga capitata",199.819999962463,423.139998525381,21.5,1.5,NA,"AS",NA,NA,NA,NA
10356,"Site1","2024-08-03","Plot1","4","2024-08-02","S2","_0S0035","_0S0035",1,"2024-08-02","apeiba membranacea",363.809979764221,37.990032736212,50,1.3,NA,"AS",NA,NA,NA,NA
13271,"Site1","2024-08-03","Plot1","4","2024-08-02","X19","_0X0436","_0X0436",1,"2024-08-02","apeiba membranacea",461.779980085732,363.280002128333,40.9,1.3,NA,"AS",NA,NA,NA,NA
12375,"Site1","2024-08-03","Plot1","4","2024-08-02","V19","_0V3313","_0V3313",1,"2024-08-02","euterpe precatoria",430.99998975842,361.340022202581,18.3,1.3,NA,"AS",NA,NA,NA,NA
14770,"Site1","2024-08-03","Plot1","4","2024-08-02","U9","_2U0399","_2U0399",1,"2024-08-02",NA,404.303854959551,172.946971323341,15.2,1.3,NA,"AS",NA,NA,NA,NA
1428,"Site1","2024-08-03","Plot1","4","2024-08-02","C16","_0C0329","_0C0329",1,"2024-08-02","pouteria sp.5",44.0499999888125,301,38.2290173306733,1.3,NA,"AS",NA,NA,NA,NA
3456,"Site1","2024-08-03","Plot1","4","2024-08-02","G2","_0G0034","_0G0034",1,"2024-08-02","moquilea guianensis",136.889962376503,34.1899506617337,15.9,1.3,NA,"AS",NA,NA,NA,NA
14132,"Site1","2024-08-03","Plot1","4","2024-08-02","Y1","_0Y4898","_0Y4898",1,"2024-08-02","garcinia macrophylla",486.46995934454,3.2999666929245,10.94,1.3,NA,"AS",NA,NA,NA,NA
10989,"Site1","2024-08-03","Plot1","4","2024-08-02","T10","_0T0231","_0T0231",1,"2024-08-02","sapindaceae sp.3",398.459994614299,195.619998199865,20.7,1.3,NA,"AS",NA,NA,NA,NA
11460,"Site1","2024-08-03","Plot1","4","2024-08-02","U9","_0U0174","_0U0174",1,"2024-08-02","hymenopus arachnoideus",408.360004616494,161.37997996062,15.8,1.3,NA,"AS",NA,NA,NA,NA
12748,"Site1","2024-08-03","Plot1","4","2024-08-02","W21","_0W0511","_0W0511",1,"2024-08-02","spondias globosa",448.729967056657,415.800033077598,27.4,1.3,NA,"AS",NA,NA,NA,NA
12790,"Site1","2024-08-03","Plot1","4","2024-08-02","W24","_0W0587","_0W0587",1,"2024-08-02","aptandra tubicina",457.65998969943,464.170034073293,40.2,1.3,NA,"AS",NA,NA,NA,NA
367,"Site1","2024-08-03","Plot1","4","2024-08-02","A24","_0A0544","_0A0544",1,"2024-08-02","otoba glycycarpa",11.250003541878,479.629992093891,19.0349311937907,1.3,NA,"AS",NA,NA,NA,NA
2319,"Site1","2024-08-03","Plot1","4","2024-08-02","D24","_0D4767","_0D4767",1,"2024-08-02","pterocarpus sp.1",68.8999533436145,477.979984583333,12.3,1.3,NA,"AS",NA,NA,NA,NA
14340,"Site1","2024-08-03","Plot1","4","2024-08-02","Q5","_1Q0237","_1Q0237",1,"2024-08-02","euterpe precatoria",333.310084484925,87.5001783892512,12.5,1.3,NA,"AS",NA,NA,NA,NA
5090,"Site1","2024-08-03","Plot1","4","2024-08-02","I5","_0I1461","_0I1461",1,"2024-08-02","eschweilera rufifolia",178.228913521569,94.429621707648,15.4,1.3,NA,"AS",NA,NA,NA,NA
9081,"Site1","2024-08-03","Plot1","4","2024-08-02","P5","_0P1530","_0P1530",1,"2024-08-02","virola loretensis",305.504124953586,91.85062414594,10.1,1.3,NA,"AS",NA,NA,NA,NA
12570,"Site1","2024-08-03","Plot1","4","2024-08-02","W12","_0W0254","_0W0254",1,"2024-08-02","garcinia sp.1",446.720009385434,223.299978099763,13.6,1.3,NA,"AS",NA,NA,NA,NA
9039,"Site1","2024-08-03","Plot1","4","2024-08-02","P25","_0P0561","_0P0561",1,"2024-08-02","tachigali poeppigiana",315.699979591533,487.430019183084,47.5,2.15,NA,"AS",NA,NA,NA,NA
403,"Site1","2024-08-03","Plot1","4","2024-08-02","A2","_0A0782","_0A0782",1,"2024-08-02","ficus americana",5.17000321537489,23.8100479803979,10.8543671188673,1.3,NA,"AS",NA,NA,NA,NA
6062,"Site1","2024-08-03","Plot1","4","2024-08-02","K18","_0K0397","_0K0397",1,"2024-08-02","rudgea viburnoides",209.099988228467,341.060048528016,12.8,1.3,NA,"AS",NA,NA,NA,NA
6834,"Site1","2024-08-03","Plot1","4","2024-08-02","L8","_0L1761","_0L1761",1,"2024-08-02","ormosia macrocalyx",220.750012066623,149.3200058043,13.8,1.3,NA,"AS",NA,NA,NA,NA
574,"Site1","2024-08-03","Plot1","4","2024-08-02","A24","_0A4785","_0A4785",1,"2024-08-02","tachigali setifera",16.0299843670218,474.260002169758,30.2712701760785,1.3,NA,"AS",NA,NA,NA,NA
6226,"Site1","2024-08-03","Plot1","4","2024-08-02","K2","_0K0958","_0K0958",1,"2024-08-02","tapura amazonica",202.909971555171,30.670044599101,10.2,1.3,NA,"AS",NA,NA,NA,NA
4293,"Site1","2024-08-03","Plot1","4","2024-08-02","H17","_0H0369","_0H0369",1,"2024-08-02","tachigali setifera",140.710013510252,331.480023419484,33.7,1.3,NA,"AS",NA,NA,NA,NA
11168,"Site1","2024-08-03","Plot1","4","2024-08-02","T24","_0T0537","_0T0537",1,"2024-08-02","iryanthera lancifolia",388.829970185005,474.22001613304,24.8,1.3,NA,"AS",NA,NA,NA,NA
12270,"Site1","2024-08-03","Plot1","4","2024-08-02","V3","_0V1021","_0V1021",1,"2024-08-02","eschweilera coriacea",426.029957047023,44.420006852597,13.6,1.3,NA,"AS",NA,NA,NA,NA
2922,"Site1","2024-08-03","Plot1","4","2024-08-02","F3","_0F0069","_0F0069",1,"2024-08-02","trichilia solitudinis",111.950020705932,46.5699854176491,11.8,1.3,NA,"AS",NA,NA,NA,NA
13502,"Site1","2024-08-03","Plot1","4","2024-08-02","X23","_0X4154","_0X4154",1,"2024-08-02","euterpe precatoria",468.699966721295,443.439982110634,17.5,1.3,NA,"AS",NA,NA,NA,NA
5960,"Site1","2024-08-03","Plot1","4","2024-08-02","K11","_0K0256","_0K0256",1,"2024-08-02","hevea guianensis",216.809970724105,218.530013123527,45.5,1.3,NA,"AS",NA,NA,NA,NA
4287,"Site1","2024-08-03","Plot1","4","2024-08-02","H16","_0H0360","_0H0360",1,"2024-08-02","chimarrhis glabriflora",153.940031036793,309.110046451911,20.9,1.3,NA,"AS",NA,NA,NA,NA
8737,"Site1","2024-08-03","Plot1","4","2024-08-02","P6","_0P0117","_0P0117",1,"2024-08-02","gustavia hexapetala",303.499982613255,104.879967289045,18.7,1.3,NA,"AS",NA,NA,NA,NA
5299,"Site1","2024-08-03","Plot1","4","2024-08-02","J7","_0J0178","_0J0178",1,"2024-08-02","eschweilera coriacea",198.959971624601,124.240008432418,24.7,1.3,NA,"AS",NA,NA,NA,NA
6584,"Site1","2024-08-03","Plot1","4","2024-08-02","L13","_0L0293","_0L0293",1,"2024-08-02","oxandra riedeliana",237.669951885415,241.080010037869,12.2,1.3,NA,"AS",NA,NA,NA,NA
4185,"Site1","2024-08-03","Plot1","4","2024-08-02","H11","_0H0223","_0H0223",1,"2024-08-02","sorocea steinbachii",145.221224062669,212.338380672038,16.6,1.3,NA,"AS",NA,NA,NA,NA
8021,"Site1","2024-08-03","Plot1","4","2024-08-02","N21","_0N4311","_0N4311",1,"2024-08-02","virola peruviana",278.920029703469,404.439961731434,12.2,1.3,NA,"AS",NA,NA,NA,NA
2078,"Site1","2024-08-03","Plot1","4","2024-08-02","D19","_0D0421","_0D0421",1,"2024-08-02","iriartea deltoidea",72.7600356550538,377.449963673949,25,2.24,NA,"AS",NA,NA,NA,NA
13406,"Site1","2024-08-03","Plot1","4","2024-08-02","X7","_0X1280","_0X1280",1,"2024-08-02","eschweilera coriacea",464.558924732439,137.168292123824,11.5,1.3,NA,"AS",NA,NA,NA,NA
1419,"Site1","2024-08-03","Plot1","4","2024-08-02","C15","_0C0318","_0C0318",1,"2024-08-02","myrcia aliena",51.5599799523479,284.029976354912,33.3,2.76,NA,"AS",NA,NA,NA,NA
11910,"Site1","2024-08-03","Plot1","4","2024-08-02","U17","_0U4457","_0U4457",1,"2024-08-02",NA,405.929716642655,332.677322503179,13.5,1.3,NA,"AS",NA,NA,NA,NA
13587,"Site1","2024-08-03","Plot1","4","2024-08-02","Y3","_0Y0058","_0Y0058",1,"2024-08-02","astrocaryum ferrugineum",480.47003437375,51.1299923639745,12.31,1.3,NA,"AS",NA,NA,NA,NA
311,"Site1","2024-08-03","Plot1","4","2024-08-02","A20","_0A0449","_0A0449",1,"2024-08-02","annona jucunda",1.1900099713821,392.30002961494,22.249861044247,1.3,NA,"AS",NA,NA,NA,NA
7744,"Site1","2024-08-03","Plot1","4","2024-08-02","N16","_0N0338","_0N0338",1,"2024-08-02","calliandra trinervia",269.636984224839,308.757536007091,12.6,1.3,NA,"AS",NA,NA,NA,NA
180,"Site1","2024-08-03","Plot1","4","2024-08-02","A12","_0A0272","_0A0272",1,"2024-08-02","sloanea gladysiae",4.96002142556245,227.330002864823,25.6,2.2,NA,"AS",NA,NA,NA,NA
5042,"Site1","2024-08-03","Plot1","4","2024-08-02","I25","_0I0587","_0I0587",1,"2024-08-02","ormosia sp.1",160.574030306772,489.486435005441,12.3,1.3,NA,"AS",NA,NA,NA,NA
3081,"Site1","2024-08-03","Plot1","4","2024-08-02","F14","_0F0312","_0F0312",1,"2024-08-02","astrocaryum ferrugineum",100.430005794449,265.420010609552,11.8,1.3,NA,"AS",NA,NA,NA,NA
12485,"Site1","2024-08-03","Plot1","4","2024-08-02","W5","_0W0112","_0W0112",1,"2024-08-02","naucleopsis ulei",451.490018925339,85.3999810796231,10.6,1.3,NA,"AS",NA,NA,NA,NA
2431,"Site1","2024-08-03","Plot1","4","2024-08-02","E7","_0E0137","_0E0137",1,"2024-08-02","apeiba membranacea",89.4699702079524,128.560042269528,29.5,1.3,NA,"AS",NA,NA,NA,NA
1490,"Site1","2024-08-03","Plot1","4","2024-08-02","C19","_0C0405","_0C0405",1,"2024-08-02","sapindaceae sp.3",41.3600309697795,360.85998644121,10.7907051416305,1.3,NA,"AS",NA,NA,NA,NA
3235,"Site1","2024-08-03","Plot1","4","2024-08-02","F23","_0F0542","_0F0542",1,"2024-08-02","swartzia leptopetala",100.91084945458,456.588312782347,27.8,1.3,NA,"AS",NA,NA,NA,NA
9280,"Site1","2024-08-03","Plot1","4","2024-08-02","Q3","_0Q0059","_0Q0059",1,"2024-08-02","heisteria ovata",325.485411057656,43.0115175768733,11,1.3,NA,"AS",NA,NA,NA,NA
11190,"Site1","2024-08-03","Plot1","4","2024-08-02","T25","_0T0564","_0T0564",1,"2024-08-02","symphonia globulifera",398.170007958601,492.009975332767,25.2,4.2,NA,"AS",NA,NA,NA,NA
12289,"Site1","2024-08-03","Plot1","4","2024-08-02","V6","_0V1483","_0V1483",1,"2024-08-02","eschweilera coriacea",431.609958792804,104.360037997365,10.2,1.3,NA,"AS",NA,NA,NA,NA
8809,"Site1","2024-08-03","Plot1","4","2024-08-02","P11","_0P0236","_0P0236",1,"2024-08-02","iriartea deltoidea",306.999982423964,207.360017757863,25.1,2,NA,"AS",NA,NA,NA,NA
14532,"Site1","2024-08-03","Plot1","4","2024-08-02","G1","_2G0027","_2G0027",1,"2024-08-02",NA,130.491070795048,0.539972933009267,16.8,1.3,NA,"AS",NA,NA,NA,NA
167,"Site1","2024-08-03","Plot1","4","2024-08-02","A11","_0A0255","_0A0255",1,"2024-08-02","quararibea loretoyacuensis",8.25996957317693,208.589989516884,15.3743675026771,1.3,NA,"AS",NA,NA,NA,NA
5099,"Site1","2024-08-03","Plot1","4","2024-08-02","I7","_0I1751","_0I1751",1,"2024-08-02","byrsonima flexipes",170.26002755115,131.279982304201,24,2.65,NA,"AS",NA,NA,NA,NA
13024,"Site1","2024-08-03","Plot1","4","2024-08-02","X5","_0X0093","_0X0093",1,"2024-08-02","pseudolmedia laevis",471.889966298826,84.8100025244057,17,1.3,NA,"AS",NA,NA,NA,NA
6197,"Site1","2024-08-03","Plot1","4","2024-08-02","K12","_0K0582","_0K0582",1,"2024-08-02","warszewiczia coccinea",214.950013240625,234.79997481592,16.6,1.3,NA,"AS",NA,NA,NA,NA
1463,"Site1","2024-08-03","Plot1","4","2024-08-02","C17","_0C0374","_0C0374",1,"2024-08-02","guarea pubescens",59.7999999903259,335.129999998957,18.3664804328047,1.3,NA,"AS",NA,NA,NA,NA
13197,"Site1","2024-08-03","Plot1","4","2024-08-02","X15","_0X0336","_0X0336",1,"2024-08-02","pseudolmedia laevis",460.860027202696,288.630036139861,13.5,1.3,NA,"AS",NA,NA,NA,NA
9522,"Site1","2024-08-03","Plot1","4","2024-08-02","Q20","_0Q0421","_0Q0421",1,"2024-08-02","naucleopsis ulei",329.610006103117,391.100011913106,16.4,1.3,NA,"AS",NA,NA,NA,NA
10548,"Site1","2024-08-03","Plot1","4","2024-08-02","S16","_0S0366","_0S0366",1,"2024-08-02","matayba purgans",364.250020247942,317.759993690997,12.3,1.3,NA,"AS",NA,NA,NA,NA
1745,"Site1","2024-08-03","Plot1","4","2024-08-02","C20","_0C4419","_0C4419",1,"2024-08-02","siparuna guianensis",52.6699765328667,398.209999291226,12.6050714928781,1.3,NA,"AS",NA,NA,NA,NA
14949,"Site1","2024-08-03","Plot1","4","2024-08-02",NA,"_3V0740","_3V0740",1,"2024-09-24",NA,420.946595690621,410.263325912878,11.7,1.3,NA,"AS",NA,NA,NA,NA
10743,"Site1","2024-08-03","Plot1","4","2024-08-02","S9","_0S2034","_0S2034",1,"2024-08-02","conceveiba guianensis",369.250034253637,170.90000439994,10.2,1.3,NA,"AS",NA,NA,NA,NA
11587,"Site1","2024-08-03","Plot1","4","2024-08-02","U17","_0U0388","_0U0388",1,"2024-08-02","eschweilera coriacea",413.900049880904,324.31996300444,16.2,1.3,NA,"AS",NA,NA,NA,NA
712,"Site1","2024-08-03","Plot1","4","2024-08-02","B6","_0B0176","_0B0176",1,"2024-08-02","clarisia racemosa",30.5199999902397,115.459999999031,16.2338041953733,1.3,NA,"AS",NA,NA,NA,NA
14019,"Site1","2024-08-03","Plot1","4","2024-08-02","Y7","_0Y1481","_0Y1481",1,"2024-08-02","casearia ulmifolia",490.41996137955,124.229990758002,10.9,1.3,NA,"AS",NA,NA,NA,NA
2826,"Site1","2024-08-03","Plot1","4","2024-08-02","E17","_0E3458","_0E3458",1,"2024-08-02","endlicheria sp.7",80.7399546625093,322.100007530302,10.7,1.3,NA,"AS",NA,NA,NA,NA
6105,"Site1","2024-08-03","Plot1","4","2024-08-02","K20","_0K0457","_0K0457",1,"2024-08-02","otoba parvifolia",217.769956859353,391.220048014075,21.8,1.3,NA,"AS",NA,NA,NA,NA
3724,"Site1","2024-08-03","Plot1","4","2024-08-02","G19","_0G0419","_0G0419",1,"2024-08-02","xylopia calophylla",125.209953321551,363.209997486323,26,1.3,NA,"AS",NA,NA,NA,NA
8534,"Site1","2024-08-03","Plot1","4","2024-08-02","O7","_0O1828","_0O1828",1,"2024-08-02","leptobalanus octandrus",291.863882390084,132.001320904121,12.5,1.3,NA,"AS",NA,NA,NA,NA
12571,"Site1","2024-08-03","Plot1","4","2024-08-02","W12","_0W0255","_0W0255",1,"2024-08-02","symphonia globulifera",449.169991532865,223.94999910146,27.6,1.3,NA,"AS",NA,NA,NA,NA
10543,"Site1","2024-08-03","Plot1","4","2024-08-02","S15","_0S0351","_0S0351",1,"2024-08-02","leptobalanus octandrus",372.050025171658,291.929983623326,22.8,1.3,NA,"AS",NA,NA,NA,NA
3154,"Site1","2024-08-03","Plot1","4","2024-08-02","F18","_0F0437","_0F0437",1,"2024-08-02","ocotea cernua",118.420015690266,344.380030063912,21.6,1.3,NA,"AS",NA,NA,NA,NA
9725,"Site1","2024-08-03","Plot1","4","2024-08-02","Q16","_0Q3302","_0Q3302",1,"2024-08-02","virola pavonis",323.28003900859,312.250007314608,11.7,1.3,NA,"AS",NA,NA,NA,NA
9127,"Site1","2024-08-03","Plot1","4","2024-08-02","P14","_0P3019","_0P3019",1,"2024-08-02","iryanthera laevis",306.2700439482,268.150027740747,10.6,1.3,NA,"AS",NA,NA,NA,NA
3303,"Site1","2024-08-03","Plot1","4","2024-08-02","F5","_0F1496","_0F1496",1,"2024-08-02","tachigali setifera",112.380012792768,93.2899816296995,19.3,1.3,NA,"AS",NA,NA,NA,NA
14678,"Site1","2024-08-03","Plot1","4","2024-08-02","R12","_2R0463","_2R0463",1,"2024-08-02",NA,355.153030192363,234.301400830969,17,3.25,NA,"AS",NA,NA,NA,NA
14227,"Site1","2024-08-03","Plot1","4","2024-08-02","G17","_1G0644","_1G0644",1,"2024-08-02","astrocaryum ferrugineum",135.650042233465,321.940011655912,10.7,1.3,NA,"AS",NA,NA,NA,NA
2111,"Site1","2024-08-03","Plot1","4","2024-08-02","D22","_0D0465","_0D0465",1,"2024-08-02","conceveiba martiana",69.7699525931966,420.260040251538,45.1,1.3,NA,"AS",NA,NA,NA,NA
11315,"Site1","2024-08-03","Plot1","4","2024-08-02","T16","_0T3042","_0T3042",1,"2024-08-02","gustavia augusta",397.879995475698,310.579993855208,11.2,1.3,NA,"AS",NA,NA,NA,NA
8172,"Site1","2024-08-03","Plot1","4","2024-08-02","O7","_0O0175","_0O0175",1,"2024-08-02","campsiandra comosa",297.110039073334,121.799998579547,41.5,3,NA,"AS",NA,NA,NA,NA
1527,"Site1","2024-08-03","Plot1","4","2024-08-02","C21","_0C0458","_0C0458",1,"2024-08-02","annona neoinsignis",54.5000026666676,401.250023700297,17.6980296718188,1.3,NA,"AS",NA,NA,NA,NA
2838,"Site1","2024-08-03","Plot1","4","2024-08-02","E18","_0E3778","_0E3778",1,"2024-08-02","neea ovalifolia",99.3100340658566,358.709969447926,15.2,1.3,NA,"AS",NA,NA,NA,NA
9167,"Site1","2024-08-03","Plot1","4","2024-08-02","P17","_0P3853","_0P3853",1,"2024-08-02","otoba glycycarpa",311.609991193109,327.549973063171,12.1,1.3,NA,"AS",NA,NA,NA,NA
1630,"Site1","2024-08-03","Plot1","4","2024-08-02","C6","_0C1759","_0C1759",1,"2024-08-02","nealchornea yapurensis",55.3299999950104,105.259999999776,13.5918321400479,1.3,NA,"AS",NA,NA,NA,NA
6988,"Site1","2024-08-03","Plot1","4","2024-08-02","M2","_0M0044","_0M0044",1,"2024-08-02","nealchornea yapurensis",253.170034814801,33.689977157861,20.5,1.3,NA,"AS",NA,NA,NA,NA
9164,"Site1","2024-08-03","Plot1","4","2024-08-02","P17","_0P3822","_0P3822",1,"2024-08-02","theobroma subincanum",317.87004682183,339.069974247366,10.7,1.3,NA,"AS",NA,NA,NA,NA
3938,"Site1","2024-08-03","Plot1","4","2024-08-02","G13","_0G2782","_0G2782",1,"2024-08-02","tachigali setifera",130.780017957266,257.430000273511,10.7,1.3,NA,"AS",NA,NA,NA,NA
661,"Site1","2024-08-03","Plot1","4","2024-08-02","B4","_0B0105","_0B0105",1,"2024-08-02","manilkara bidentata",22.5700063491822,69.5199945084751,20.5946496360913,1.3,NA,"AS",NA,NA,NA,NA
2614,"Site1","2024-08-03","Plot1","4","2024-08-02","E17","_0E0403","_0E0403",1,"2024-08-02","protium opacum",81.4900171893532,331.730020962656,18.3,2.3,NA,"AS",NA,NA,NA,NA
537,"Site1","2024-08-03","Plot1","4","2024-08-02","A17","_0A3780","_0A3780",1,"2024-08-02","bauhinia brachycalyx",15.199989646615,327.179962769151,10.8225361302489,1.3,NA,"AS",NA,NA,NA,NA
8055,"Site1","2024-08-03","Plot1","4","2024-08-02","N8","_0N5276","_0N5276",1,"2024-08-02",NA,274.406298657588,148.360465239733,14.7,1.3,NA,"AS",NA,NA,NA,NA
4606,"Site1","2024-08-03","Plot1","4","2024-08-02","H22","_0H4586","_0H4586",1,"2024-08-02","leonia glycycarpa",159.170019614277,437.269991861656,12.5,1.4,NA,"AS",NA,NA,NA,NA
5361,"Site1","2024-08-03","Plot1","4","2024-08-02","J11","_0J0276","_0J0276",1,"2024-08-02","naucleopsis riparia",190.649999727902,209.209971917793,11.7,1.3,NA,"AS",NA,NA,NA,NA
2255,"Site1","2024-08-03","Plot1","4","2024-08-02","D14","_0D3320","_0D3320",1,"2024-08-02","bauhinia brachycalyx",79.1399525902816,272.62001142092,11.2045079936694,1.3,NA,"AS",NA,NA,NA,NA
2457,"Site1","2024-08-03","Plot1","4","2024-08-02","E8","_0E0172","_0E0172",1,"2024-08-02","nealchornea yapurensis",93.0799698824412,150.569996776059,21.4,1.3,NA,"AS",NA,NA,NA,NA
5381,"Site1","2024-08-03","Plot1","4","2024-08-02","J12","_0J0297","_0J0297",1,"2024-08-02","naucleopsis glabra",191.328422357969,221.024930698797,16.1,1.3,NA,"AS",NA,NA,NA,NA
4389,"Site1","2024-08-03","Plot1","4","2024-08-02","H22","_0H0513","_0H0513",1,"2024-08-02","ecclinusa sp.nov.",155.819961773755,427.770041419193,36.5,1.3,NA,"AS",NA,NA,NA,NA
13250,"Site1","2024-08-03","Plot1","4","2024-08-02","X18","_0X0409","_0X0409",1,"2024-08-02","guarea sp.1",461.070049735659,349.449982998893,11.9,1.3,NA,"AS",NA,NA,NA,NA
5591,"Site1","2024-08-03","Plot1","4","2024-08-02","J25","_0J0605","_0J0605",1,"2024-08-02","guarea glabra",181.259960789292,485.260008085519,25.4,2.1,NA,"AS",NA,NA,NA,NA
608,"Site1","2024-08-03","Plot1","4","2024-08-02","B1","_0B0018","_0B0018",1,"2024-08-02","chimarrhis glabriflora",30.1899999913876,19.2099999990314,15.6926773888609,1.3,NA,"AS",NA,NA,NA,NA
7740,"Site1","2024-08-03","Plot1","4","2024-08-02","N15","_0N0333","_0N0333",1,"2024-08-02","hymenopus arachnoideus",276.170039214427,287.659997459501,42,1.3,NA,"AS",NA,NA,NA,NA
14648,"Site1","2024-08-03","Plot1","4","2024-08-02","P21","_2P0615","_2P0615",1,"2024-08-02",NA,311.121194136038,405.844747411087,18.8,1.3,NA,"AS",NA,NA,NA,NA
602,"Site1","2024-08-03","Plot1","4","2024-08-02","B1","_0B0009","_0B0009",1,"2024-08-02","chimarrhis glabriflora",28.8399999926332,6.5,25.0509880426643,1.3,NA,"AS",NA,NA,NA,NA
6543,"Site1","2024-08-03","Plot1","4","2024-08-02","L10","_0L0224","_0L0224",1,"2024-08-02","iryanthera elliptica",232.219979059475,188.31004945375,17.7,1.3,NA,"AS",NA,NA,NA,NA
13356,"Site1","2024-08-03","Plot1","4","2024-08-02","X25","_0X0593","_0X0593",1,"2024-08-02","virola elongata",465.280005847337,487.870004635304,15.9,1.3,NA,"AS",NA,NA,NA,NA
3525,"Site1","2024-08-03","Plot1","4","2024-08-02","G7","_0G0132","_0G0132",1,"2024-08-02","guarea kunthiana",126.509976665955,123.579952806234,22.9,1.45,NA,"AS",NA,NA,NA,NA
13905,"Site1","2024-08-03","Plot1","4","2024-08-02","Y20","_0Y0488","_0Y0488",1,"2024-08-02","cordia ucayaliensis",488.939976466994,389.140013230965,17.4,1.3,NA,"AS",NA,NA,NA,NA
4457,"Site1","2024-08-03","Plot1","4","2024-08-02","H13","_0H0611","_0H0611",1,"2024-08-02","ophiocaryon heterophyllum",149.550037920533,244.010015098378,10.6,1.3,NA,"AS",NA,NA,NA,NA
5555,"Site1","2024-08-03","Plot1","4","2024-08-02","J23","_0J0558","_0J0558",1,"2024-08-02","eschweilera gigantea",188.520033089851,440.900001488626,57.5,4.3,NA,"AS",NA,NA,NA,NA
14808,"Site1","2024-08-03","Plot1","4","2024-08-02","W4","_2W0249","_2W0249",1,"2024-08-02",NA,449.519549630408,77.2359916493297,12.9,1.82,NA,"AS",NA,NA,NA,NA
3988,"Site1","2024-08-03","Plot1","4","2024-08-02","G19","_0G3838","_0G3838",1,"2024-08-02","otoba glycycarpa",138.179957025626,375.389970587566,15,1.3,NA,"AS",NA,NA,NA,NA
6027,"Site1","2024-08-03","Plot1","4","2024-08-02","K15","_0K0340","_0K0340",1,"2024-08-02","alibertia sp.1",211.479990853928,285.099976308644,20.7,1.3,NA,"AS",NA,NA,NA,NA
14932,"Site1","2024-08-03","Plot1","4","2024-08-02",NA,"_3S0733","_3S0733",1,"2024-11-28",NA,367.569870317413,388.729956552386,20.9,1.3,NA,"AS",NA,NA,NA,NA
8051,"Site1","2024-08-03","Plot1","4","2024-08-02","N11","_0N5264","_0N5264",1,"2024-08-02","faramea anisocalyx",278.630030836735,211.289955800399,10.5,1.3,NA,"AS",NA,NA,NA,NA
10238,"Site1","2024-08-03","Plot1","4","2024-08-02","R12","_0R2616","_0R2616",1,"2024-08-02","trichilia pallida",351.289975262305,230.450047049671,14.7,1.3,NA,"AS",NA,NA,NA,NA
9292,"Site1","2024-08-03","Plot1","4","2024-08-02","Q4","_0Q0080","_0Q0080",1,"2024-08-02","apeiba membranacea",325.239982293511,67.8400294817984,38.3,1.3,NA,"AS",NA,NA,NA,NA
545,"Site1","2024-08-03","Plot1","4","2024-08-02","A19","_0A4014","_0A4014",1,"2024-08-02","pseudolmedia laevis",11.5099724760512,377.219975210726,10.1222543806445,1.3,NA,"AS",NA,NA,NA,NA
7613,"Site1","2024-08-03","Plot1","4","2024-08-02","N8","_0N0168","_0N0168",1,"2024-08-02","astrocaryum ferrugineum",274.049955907918,159.840025508776,16.4,1.3,NA,"AS",NA,NA,NA,NA
4469,"Site1","2024-08-03","Plot1","4","2024-08-02","H1","_0H0835","_0H0835",1,"2024-08-02","scleronema micranthum",151.779994064826,8.670016258955,12.3,1.3,NA,"AS",NA,NA,NA,NA
9791,"Site1","2024-08-03","Plot1","4","2024-08-02","Q24","_0Q5084","_0Q5084",1,"2024-08-02","myrtaceae sp.5",335.920042701589,466.27995352447,10.5,1.3,NA,"AS",NA,NA,NA,NA
11121,"Site1","2024-08-03","Plot1","4","2024-08-02","T21","_0T0477","_0T0477",1,"2024-08-02","sterculia frondosa",392.970019915723,408.240036940202,18.2,1.3,NA,"AS",NA,NA,NA,NA
1107,"Site1","2024-08-03","Plot1","4","2024-08-02","B13","_0B3119","_0B3119",1,"2024-08-02","aspidosperma excelsum",38.3099999897531,259.61999999918,15.788170354716,1.3,NA,"AS",NA,NA,NA,NA
7410,"Site1","2024-08-03","Plot1","4","2024-08-02","M11","_0M2374","_0M2374",1,"2024-08-02","pseudolmedia laevis",248.929958108056,215.58995795995,10.4,1.3,NA,"AS",NA,NA,NA,NA
13358,"Site1","2024-08-03","Plot1","4","2024-08-02","X25","_0X0596","_0X0596",1,"2024-08-02","sterculia tessmannii",468.779992659634,485.750014321879,12.6,1.3,NA,"AS",NA,NA,NA,NA
1560,"Site1","2024-08-03","Plot1","4","2024-08-02","C24","_0C0515","_0C0515",1,"2024-08-02","eugenia florida",41.7299747029901,473.960007682443,115.2,1.3,NA,"AS",NA,NA,NA,NA
2739,"Site1","2024-08-03","Plot1","4","2024-08-02","E1","_0E0712","_0E0712",1,"2024-08-02","rinorea viridifolia",87.4499624958844,18.0599940028042,10.2,1.3,NA,"AS",NA,NA,NA,NA
10601,"Site1","2024-08-03","Plot1","4","2024-08-02","S22","_0S0469","_0S0469",1,"2024-08-02","myrtaceae sp.1",378.779985175992,437.91999476403,13,1.3,NA,"AS",NA,NA,NA,NA
3099,"Site1","2024-08-03","Plot1","4","2024-08-02","F15","_0F0341","_0F0341",1,"2024-08-02","dendropanax cuneatus",111.979984541482,299.779968682677,16.5,1.3,NA,"AS",NA,NA,NA,NA
1546,"Site1","2024-08-03","Plot1","4","2024-08-02","C23","_0C0493","_0C0493",1,"2024-08-02","macrolobium angustifolium",48.3599819128285,458.96004123427,15.7245083774793,1.3,NA,"AS",NA,NA,NA,NA
8733,"Site1","2024-08-03","Plot1","4","2024-08-02","P5","_0P0113","_0P0113",1,"2024-08-02","euterpe precatoria",310.460003824846,88.4899710454047,15.1,2,NA,"AS",NA,NA,NA,NA
14284,"Site1","2024-08-03","Plot1","4","2024-08-02","L2","_1L0094","_1L0094",1,"2024-08-02","cordia panamensis",228.820022139698,34.2500257790089,18,1.3,NA,"AS",NA,NA,NA,NA
3799,"Site1","2024-08-03","Plot1","4","2024-08-02","G24","_0G0527","_0G0527",1,"2024-08-02","swartzia calva",121.399962458701,466.08002702333,15.5,1.35,NA,"AS",NA,NA,NA,NA
13887,"Site1","2024-08-03","Plot1","4","2024-08-02","Y19","_0Y0466","_0Y0466",1,"2024-08-02","astrocaryum ferrugineum",480.249966549047,375.470049437135,17,1.3,NA,"AS",NA,NA,NA,NA
7771,"Site1","2024-08-03","Plot1","4","2024-08-02","N18","_0N0375","_0N0375",1,"2024-08-02","caraipa grandifolia",263.870009816543,342.859979121014,11.4,1.3,NA,"AS",NA,NA,NA,NA
2055,"Site1","2024-08-03","Plot1","4","2024-08-02","D17","_0D0382","_0D0382",1,"2024-08-02","ocotea sp.7",78.6199694802635,328.259960783646,37.6,2.67,NA,"AS",NA,NA,NA,NA
6346,"Site1","2024-08-03","Plot1","4","2024-08-02","K18","_0K3892","_0K3892",1,"2024-08-02","virola crebrinervia",207.439966350794,341.620008846745,17,1.3,NA,"AS",NA,NA,NA,NA
14629,"Site1","2024-08-03","Plot1","4","2024-08-02","O15","_2O0422","_2O0422",1,"2024-08-02",NA,295.186862681701,280.356629781425,11.4,1.3,NA,"AS",NA,NA,NA,NA
1147,"Site1","2024-08-03","Plot1","4","2024-08-02","B21","_0B4542","_0B4542",1,"2024-08-02","pseudolmedia laevis",29.5000356125529,407.020014241338,10.7907051416305,1.3,NA,"AS",NA,NA,NA,NA
10710,"Site1","2024-08-03","Plot1","4","2024-08-02","S5","_0S1451","_0S1451",1,"2024-08-02","coccoloba densifrons",377.300031025836,87.0399522893131,10.3,1.3,NA,"AS",NA,NA,NA,NA
5955,"Site1","2024-08-03","Plot1","4","2024-08-02","K11","_0K0250","_0K0250",1,"2024-08-02","endlicheria sp.7",202.69003098266,212.8499624338,11.6,1.3,NA,"AS",NA,NA,NA,NA
1070,"Site1","2024-08-03","Plot1","4","2024-08-02","B9","_0B2238","_0B2238",1,"2024-08-02","rinorea viridifolia",27.719999992114,163.759999999776,10.4405642668283,1.3,NA,"AS",NA,NA,NA,NA
12105,"Site1","2024-08-03","Plot1","4","2024-08-02","V13","_0V0281","_0V0281",1,"2024-08-02","brosimum lactescens",433.160017523682,240.179997079074,22,1.3,NA,"AS",NA,NA,NA,NA
689,"Site1","2024-08-03","Plot1","4","2024-08-02","B5","_0B0147","_0B0147",1,"2024-08-02","casearia sylvestris",23.4899999936461,95.980000000447,14.9287336620198,1.3,NA,"AS",NA,NA,NA,NA
13279,"Site1","2024-08-03","Plot1","4","2024-08-02","X19","_0X0449","_0X0449",1,"2024-08-02","virola multinervia",472.030035850767,360.450034426525,18.1,1.3,NA,"AS",NA,NA,NA,NA
4580,"Site1","2024-08-03","Plot1","4","2024-08-02","H18","_0H3788","_0H3788",1,"2024-08-02","eschweilera itayensis",146.650008171506,342.589990511537,10.5,1.3,NA,"AS",NA,NA,NA,NA
8,"Site1","2024-08-03","Plot1","4","2024-08-02","A1","_0A0012","_0A0012",1,"2024-08-02","sloanea pubescens",12.0299607894267,13.0900478046387,16.5202830929387,1.3,NA,"AS",NA,NA,NA,NA
2622,"Site1","2024-08-03","Plot1","4","2024-08-02","E17","_0E0414","_0E0414",1,"2024-08-02","nealchornea yapurensis",90.5799955304828,321.239993583411,14.5,1.3,NA,"AS",NA,NA,NA,NA
11785,"Site1","2024-08-03","Plot1","4","2024-08-02","U5","_0U1509","_0U1509",1,"2024-08-02","eschweilera coriacea",417.319966420298,85.9999973978847,14.08,1.3,NA,"AS",NA,NA,NA,NA
7687,"Site1","2024-08-03","Plot1","4","2024-08-02","N12","_0N0260","_0N0260",1,"2024-08-02","compsoneura sprucei",270.939988041413,224.639989605173,12.5,1.3,NA,"AS",NA,NA,NA,NA
7360,"Site1","2024-08-03","Plot1","4","2024-08-02","M3","_0M1121","_0M1121",1,"2024-08-02","banara nitida",245.249964009679,52.7299804631621,10.7,2.6,NA,"ABS",NA,NA,NA,NA
7584,"Site1","2024-08-03","Plot1","4","2024-08-02","N6","_0N0130","_0N0130",1,"2024-08-02","astrocaryum ferrugineum",268.849975947465,118.710013922304,13.9,1.3,NA,"AS",NA,NA,NA,NA
9157,"Site1","2024-08-03","Plot1","4","2024-08-02","P17","_0P3763","_0P3763",1,"2024-08-02","astrocaryum ferrugineum",305.599992126983,332.399961540475,11.8,1.3,NA,"AS",NA,NA,NA,NA
6023,"Site1","2024-08-03","Plot1","4","2024-08-02","K15","_0K0336","_0K0336",1,"2024-08-02","couepia macrophylla",210.589996038529,299.370037712157,19.3,1.3,NA,"AS",NA,NA,NA,NA
7693,"Site1","2024-08-03","Plot1","4","2024-08-02","N12","_0N0267","_0N0267",1,"2024-08-02","duguetia ulei",275.920025994361,224.129990277812,20.4,1.3,NA,"AS",NA,NA,NA,NA
6014,"Site1","2024-08-03","Plot1","4","2024-08-02","K14","_0K0321","_0K0321",1,"2024-08-02","guarea sp.1",211.579974948952,260.269996451214,17,1.3,NA,"AS",NA,NA,NA,NA
5202,"Site1","2024-08-03","Plot1","4","2024-08-02","I19","_0I5053","_0I5053",1,"2024-08-02",NA,162.062519618019,365.613365555182,11.3,1.3,NA,"AS",NA,NA,NA,NA
12534,"Site1","2024-08-03","Plot1","4","2024-08-02","W8","_0W0192","_0W0192",1,"2024-08-02","sapotaceae sp.4",458.859962184331,145.730035506189,14.1,1.3,NA,"AS",NA,NA,NA,NA
3865,"Site1","2024-08-03","Plot1","4","2024-08-02","G3","_0G1085","_0G1085",1,"2024-08-02","tachigali setifera",131.489995217125,50.8800218421966,38,1.3,NA,"AS",NA,NA,NA,NA
5647,"Site1","2024-08-03","Plot1","4","2024-08-02","J5","_0J1509","_0J1509",1,"2024-08-02","virola pavonis",182.389995658421,95.0599642843008,11.8,1.3,NA,"ABS",NA,NA,NA,NA
3197,"Site1","2024-08-03","Plot1","4","2024-08-02","F21","_0F0496","_0F0496",1,"2024-08-02","chrysophyllum venezuelanum",115.530016959587,416.209980944172,22.3,1.3,NA,"AS",NA,NA,NA,NA
10073,"Site1","2024-08-03","Plot1","4","2024-08-02","R23","_0R0453","_0R0453",1,"2024-08-02","perebea guianensis",346.720015680592,441.259983737022,21.8,1.3,NA,"AS",NA,NA,NA,NA
2665,"Site1","2024-08-03","Plot1","4","2024-08-02","E21","_0E0493","_0E0493",1,"2024-08-02","virola pavonis",80.2300394154736,415.600025357679,10.4,1.3,NA,"AS",NA,NA,NA,NA
13607,"Site1","2024-08-03","Plot1","4","2024-08-02","Y4","_0Y0084","_0Y0084",1,"2024-08-02","guarea kunthiana",499.330037356645,77.8200366385281,17.7,1.3,NA,"AS",NA,NA,NA,NA
7550,"Site1","2024-08-03","Plot1","4","2024-08-02","N3","_0N0075","_0N0075",1,"2024-08-02","iryanthera hostmannii",278.149997942557,41.3999690953642,12.5,1.3,NA,"AS",NA,NA,NA,NA
1310,"Site1","2024-08-03","Plot1","4","2024-08-02","C8","_0C0159","_0C0159",1,"2024-08-02","pseudolmedia laevis",42.7699999898323,157.61999999918,14.9605646506382,1.3,NA,"AS",NA,NA,NA,NA
14478,"Site1","2024-08-03","Plot1","4","2024-08-02","B11","_0B2739","_2B0598",1,"2024-08-02",NA,37.1814999884227,209.308000000194,100,1.3,NA,"AS",NA,NA,NA,"Diámetro menor a 1 cm"
3015,"Site1","2024-08-03","Plot1","4","2024-08-02","F10","_0F0211","_0F0211",1,"2024-08-02","guarea cristata",102.799971029977,189.040000820532,10.9,1.3,NA,"AS",NA,NA,NA,NA
11907,"Site1","2024-08-03","Plot1","4","2024-08-02","U10","_0U4454","_0U4454",1,"2024-08-02",NA,415.42194818618,180.468035206199,14,1.3,NA,"AS",NA,NA,NA,NA
1711,"Site1","2024-08-03","Plot1","4","2024-08-02","C16","_0C3718","_0C3718",1,"2024-08-02","pseudolmedia laevis",58.5199999909964,313.269999999553,11.4909868912348,1.3,NA,"AS",NA,NA,NA,NA
13521,"Site1","2024-08-03","Plot1","4","2024-08-02","X1","_0X4595","_0X4596",1,"2024-08-02","zygia latifolia",460.659988317813,16.4700111113489,29,1.3,NA,"AS",NA,NA,NA,NA
2171,"Site1","2024-08-03","Plot1","4","2024-08-02","D1","_0D0722","_0D0722",1,"2024-08-02","perebea xanthochyma",72.6399999887799,12.1999999992549,11.7138038115635,1.3,NA,"AS",NA,NA,NA,NA
7124,"Site1","2024-08-03","Plot1","4","2024-08-02","M12","_0M0263","_0M0263",1,"2024-08-02","parkia multijuga",258.26999782765,234.559988792986,15.6,1.3,NA,"AS",NA,NA,NA,NA
14867,"Site1","2024-08-03","Plot1","4","2024-08-02",NA,"_3F0130","_3F0130",1,"2025-03-03",NA,118.592313454021,73.0404206234962,14.9,1.3,NA,"AS",NA,NA,NA,NA
1004,"Site1","2024-08-03","Plot1","4","2024-08-02","B25","_0B0634","_0B0634",1,"2024-08-02","virola peruviana",38.2800494482508,490.759956091642,42.9,3.6,NA,"AS",NA,NA,NA,NA
10505,"Site1","2024-08-03","Plot1","4","2024-08-02","S11","_0S0270","_0S0270",1,"2024-08-02","simira rubescens",379.450017162424,206.100044261664,34.5,3.35,NA,"AS",NA,NA,NA,NA
11835,"Site1","2024-08-03","Plot1","4","2024-08-02","U14","_0U2689","_0U2689",1,"2024-08-02","eschweilera coriacea",408.405979000847,269.499053398147,16.5,1.3,NA,"AS",NA,NA,NA,NA
14813,"Site1","2024-08-03","Plot1","4","2024-08-02","W5","_2W0338","_2W0338",1,"2024-08-02",NA,446.93220052903,84.138395421207,29.7,3.4,NA,"AS",NA,NA,NA,NA
14345,"Site1","2024-08-03","Plot1","4","2024-08-02","Q19","_1Q0699","_1Q0699",1,"2024-08-02","conceveiba martiana",328.66002355091,376.339967222884,12.6,1.3,NA,"AS",NA,NA,NA,NA
3280,"Site1","2024-08-03","Plot1","4","2024-08-02","F1","_0F0757","_0F0757",1,"2024-08-02","pourouma guianensis",110.540023510868,17.1099555175751,30.6,1.3,NA,"AS",NA,NA,NA,NA
10591,"Site1","2024-08-03","Plot1","4","2024-08-02","S22","_0S0458","_0S0458",1,"2024-08-02","lacunaria jenmanii",360.57002804341,431.280034067109,31.4,1.3,NA,"AS",NA,NA,NA,NA
2852,"Site1","2024-08-03","Plot1","4","2024-08-02","E19","_0E4035","_0E4035",1,"2024-08-02","tetrorchidium rubrivenium",99.8099903362454,365.619999626651,12.6,1.3,NA,"AS",NA,NA,NA,NA
2652,"Site1","2024-08-03","Plot1","4","2024-08-02","E20","_0E0477","_0E0477",1,"2024-08-02","minquartia guianensis",99.3099683831679,398.780029008165,24,2.1,NA,"AS",NA,NA,NA,NA
14279,"Site1","2024-08-03","Plot1","4","2024-08-02","K17","_1K0617","_1K0617",1,"2024-08-02","conceveiba martiana",206.669953013363,323.139993056655,14.9,1.3,NA,"AS",NA,NA,NA,NA
9800,"Site1","2024-08-03","Plot1","4","2024-08-02","Q25","_0Q5308","_0Q5308",1,"2024-08-02","brosimum guianense",335.019967494882,497.320037614554,14.3,1.3,NA,"AS",NA,NA,NA,NA
6933,"Site1","2024-08-03","Plot1","4","2024-08-02","L23","_0L4763","_0L4763",1,"2024-08-02","coccoloba sp.1",239.83001007454,455.30997203663,11,1.3,NA,"AS",NA,NA,NA,NA
1436,"Site1","2024-08-03","Plot1","4","2024-08-02","C16","_0C0337","_0C0337",1,"2024-08-02","carapa guianensis",48.989999994752,304.839999999851,14.5149308099809,1.3,NA,"AS",NA,NA,NA,NA
8910,"Site1","2024-08-03","Plot1","4","2024-08-02","P18","_0P0392","_0P0392",1,"2024-08-02","astrocaryum ferrugineum",317.309981122904,344.230011848733,14.6,1.3,NA,"AS",NA,NA,NA,NA
14806,"Site1","2024-08-03","Plot1","4","2024-08-02","V25","_2V0818","_2V0818",1,"2024-08-02",NA,420.114978600235,494.238283181563,13.7,1.3,NA,"AS",NA,NA,NA,NA
13647,"Site1","2024-08-03","Plot1","4","2024-08-02","Y6","_0Y0134","_0Y0134",1,"2024-08-02","chimarrhis glabriflora",488.320001596003,101.350019553676,11.52,1.3,NA,"AS",NA,NA,NA,NA
14316,"Site1","2024-08-03","Plot1","4","2024-08-02","O19","_1O0834","_1O0834",1,"2024-08-02","apeiba membranacea",284.099979082879,376.04998261854,13.3,1.3,NA,"AS",NA,NA,NA,NA
10618,"Site1","2024-08-03","Plot1","4","2024-08-02","S23","_0S0488","_0S0488",1,"2024-08-02","oxandra xylopioides",375.9699732812,455.499995369464,23,1.3,NA,"AS",NA,NA,NA,NA
4478,"Site1","2024-08-03","Plot1","4","2024-08-02","H3","_0H1108","_0H1108",1,"2024-08-02","scleronema micranthum",145.479951644607,43.9000270590186,11,1.3,NA,"AS",NA,NA,NA,NA
12199,"Site1","2024-08-03","Plot1","4","2024-08-02","V19","_0V0421","_0V0421",1,"2024-08-02","astrocaryum ferrugineum",431.279984204972,374.450044207275,18.1,1.3,NA,"AS",NA,NA,NA,NA
5709,"Site1","2024-08-03","Plot1","4","2024-08-02","J16","_0J3473","_0J3473",1,"2024-08-02","esenbeckia amazonica",191.480014725588,302.160019878298,12.9,1.3,NA,"AS",NA,NA,NA,NA
14379,"Site1","2024-08-03","Plot1","4","2024-08-02","S20","_0S3443","_1S0298",1,"2024-08-02","casearia arborea",362.530001929204,394.050020100549,17.7,1.3,NA,"AS",NA,NA,NA,NA
4984,"Site1","2024-08-03","Plot1","4","2024-08-02","I22","_0I0520","_0I0520",1,"2024-08-02","sterculia frondosa",174.440036212502,422.250003648922,22.1,1.3,NA,"AS",NA,NA,NA,NA
9333,"Site1","2024-08-03","Plot1","4","2024-08-02","Q6","_0Q0145","_0Q0145",1,"2024-08-02","euterpe precatoria",339.660000040953,109.839956117794,17.6,1.3,NA,"AS",NA,NA,NA,NA
7567,"Site1","2024-08-03","Plot1","4","2024-08-02","N5","_0N0103","_0N0103",1,"2024-08-02","euterpe precatoria",264.82002623257,99.8300489038229,14.7,1.3,NA,"AS",NA,NA,NA,NA
294,"Site1","2024-08-03","Plot1","4","2024-08-02","A19","_0A0428","_0A0428",1,"2024-08-02","dussia tessmannii",6.77999264147365,378.979991720989,21.1994384198405,1.3,NA,"AS",NA,NA,NA,NA
12980,"Site1","2024-08-03","Plot1","4","2024-08-02","X2","_0X0035","_0X0035",1,"2024-08-02","terminalia dichotoma",470.319766500907,24.6913457568735,38.8,2.9,NA,"AS",NA,NA,NA,NA
1179,"Site1","2024-08-03","Plot1","4","2024-08-02","B24","_0B5085","_0B5085",1,"2024-08-02","coccoloba sp.1",36.7600285140215,464.799961343408,19.0985931710274,1.3,NA,"AS",NA,NA,NA,NA
13272,"Site1","2024-08-03","Plot1","4","2024-08-02","X19","_0X0439","_0X0439",1,"2024-08-02","astrocaryum ferrugineum",465.929952879203,363.260015791282,17.4,1.3,NA,"AS",NA,NA,NA,NA
13270,"Site1","2024-08-03","Plot1","4","2024-08-02","X18","_0X0434","_0X0434",1,"2024-08-02","guarea kunthiana",479.09002507577,349.079968664795,15.1,1.3,NA,"AS",NA,NA,NA,NA
3002,"Site1","2024-08-03","Plot1","4","2024-08-02","F9","_0F0188","_0F0188",1,"2024-08-02","myrtaceae sp.8",106.910000841541,168.529966143891,13,1.3,NA,"AS",NA,NA,NA,NA
2271,"Site1","2024-08-03","Plot1","4","2024-08-02","D16","_0D3665","_0D3665",1,"2024-08-02","guarea pubescens",79.860028281284,311.769955927506,15.2,1.3,NA,"AS",NA,NA,NA,NA
11166,"Site1","2024-08-03","Plot1","4","2024-08-02","T24","_0T0535","_0T0535",1,"2024-08-02","otoba glycycarpa",382.689965908998,477.509983832017,28.7,1.3,NA,"AS",NA,NA,NA,NA
1643,"Site1","2024-08-03","Plot1","4","2024-08-02","C8","_0C2186","_0C2186",1,"2024-08-02","apeiba membranacea",55.1199999902165,141.129999998957,10.4723952554467,1.3,NA,"AS",NA,NA,NA,NA
6406,"Site1","2024-08-03","Plot1","4","2024-08-02","K25","_0K5426","_0K5426",1,"2024-08-02","warszewiczia coccinea",216.185139322071,488.246398296207,12.2,1.3,NA,"AS",NA,NA,NA,NA
492,"Site1","2024-08-03","Plot1","4","2024-08-02","A12","_0A2718","_0A2718",1,"2024-08-02","inga acicularis",16.40999999427,232.919999999925,11.1408460164327,1.3,NA,"AS",NA,NA,NA,NA
5110,"Site1","2024-08-03","Plot1","4","2024-08-02","I9","_0I2105","_0I2105",1,"2024-08-02","compsoneura sprucei",166.70995604567,165.609983598813,12.9,1.3,NA,"AS",NA,NA,NA,NA
13871,"Site1","2024-08-03","Plot1","4","2024-08-02","Y18","_0Y0449","_0Y0449",1,"2024-08-02","otoba glycycarpa",495.739984049927,352.209958069026,20.6,1.3,NA,"AS",NA,NA,NA,NA
6574,"Site1","2024-08-03","Plot1","4","2024-08-02","L13","_0L0277","_0L0277",1,"2024-08-02","vatairea erythrocarpa",230.950049731648,251.350040541962,15.6,1.3,NA,"AS",NA,NA,NA,NA
2240,"Site1","2024-08-03","Plot1","4","2024-08-02","D13","_0D2957","_0D2957",1,"2024-08-02","tachigali setifera",61.759997421992,245.730011794716,32.3402844362731,1.3,NA,"AS",NA,NA,NA,NA
7029,"Site1","2024-08-03","Plot1","4","2024-08-02","M5","_0M0101","_0M0101",1,"2024-08-02","vochysia lomatophylla",243.16000758158,86.6999771874398,24.7,1.4,NA,"AS",NA,NA,NA,NA
12883,"Site1","2024-08-03","Plot1","4","2024-08-02","W17","_0W3007","_0W3007",1,"2024-08-02","garcinia macrophylla",441.790005351941,326.750031899661,11.2,1.3,NA,"AS",NA,NA,NA,NA
10062,"Site1","2024-08-03","Plot1","4","2024-08-02","R22","_0R0439","_0R0439",1,"2024-08-02","iriartea deltoidea",346.060005541367,428.569974800572,23.3,2.8,NA,"AS",NA,NA,NA,NA
8799,"Site1","2024-08-03","Plot1","4","2024-08-02","P10","_0P0224","_0P0224",1,"2024-08-02","trattinnickia lancifolia",315.509974451212,197.490008099005,59.2,1.3,NA,"AS",NA,NA,NA,NA
9093,"Site1","2024-08-03","Plot1","4","2024-08-02","P8","_0P2039","_0P2039",1,"2024-08-02","matayba macrostylis",310.170774346392,148.75750043802,10.4,1.6,NA,"AS",NA,NA,NA,NA
6304,"Site1","2024-08-03","Plot1","4","2024-08-02","K11","_0K2740","_0K2740",1,"2024-08-02","lacistema nena",214.440007189347,206.589986285195,10.8,1.35,NA,"AS",NA,NA,NA,NA
11829,"Site1","2024-08-03","Plot1","4","2024-08-02","U12","_0U2535","_0U2535",1,"2024-08-02","licania canescens",415.259980332281,225.909971272573,11.2,1.3,NA,"AS",NA,NA,NA,NA
4348,"Site1","2024-08-03","Plot1","4","2024-08-02","H20","_0H0456","_0H0456",1,"2024-08-02","astrocaryum ferrugineum",156.790001268673,384.109994189814,14.4,1.3,NA,"AS",NA,NA,NA,NA
3674,"Site1","2024-08-03","Plot1","4","2024-08-02","G16","_0G0356","_0G0356",1,"2024-08-02","naucleopsis riparia",126.419973981567,311.719994431362,16,1.3,NA,"AS",NA,NA,NA,NA
4629,"Site1","2024-08-03","Plot1","4","2024-08-02","H1","_0H5131","_0H5131",1,"2024-08-02",NA,146.683314272843,29.9119063913822,10.5,1.25,NA,"AS",NA,NA,NA,NA
8905,"Site1","2024-08-03","Plot1","4","2024-08-02","P17","_0P0369","_0P0369",1,"2024-08-02","eschweilera coriacea",317.749975294049,320.119994184002,16.3,1.3,NA,"AS",NA,NA,NA,NA
7546,"Site1","2024-08-03","Plot1","4","2024-08-02","N3","_0N0070","_0N0070",1,"2024-08-02","sorocea pubivena",274.559970999195,42.1999895051122,14.6,1.3,NA,"AS",NA,NA,NA,NA
9224,"Site1","2024-08-03","Plot1","4","2024-08-02","P24","_0P5526","_0P5526",1,"2024-08-02","astrocaryum ferrugineum",317.970001347072,468.739985413849,10.6,1.42,NA,"AS",NA,NA,NA,NA
6012,"Site1","2024-08-03","Plot1","4","2024-08-02","K14","_0K0318","_0K0318",1,"2024-08-02","parkia multijuga",217.660047680547,279.670011520386,64.5,2.45,NA,"AS",NA,NA,NA,NA
4098,"Site1","2024-08-03","Plot1","4","2024-08-02","H4","_0H0091","_0H0091",1,"2024-08-02","iryanthera hostmannii",158.96004968643,66.0999593157321,11.3,1.3,NA,"AS",NA,NA,NA,NA
8013,"Site1","2024-08-03","Plot1","4","2024-08-02","N20","_0N3990","_0N3990",1,"2024-08-02","symphonia globulifera",261.409952200309,392.549962120131,10.1,1.3,NA,"AS",NA,NA,NA,NA
681,"Site1","2024-08-03","Plot1","4","2024-08-02","B5","_0B0133","_0B0133",1,"2024-08-02","rinorea lindeniana",24.2499999911524,88.6999999992549,13.7828180717581,1.3,NA,"AS",NA,NA,NA,NA
11736,"Site1","2024-08-03","Plot1","4","2024-08-02","U1","_0U0743","_0U0743",1,"2024-08-02","euterpe precatoria",403.360022946668,17.6799653116614,17,1.3,NA,"AS",NA,NA,NA,NA
5143,"Site1","2024-08-03","Plot1","4","2024-08-02","I14","_0I3205","_0I3205",1,"2024-08-02","annonaceae sp.1",172.969981345406,263.919990042225,10.7,1.3,NA,"AS",NA,NA,NA,NA
14143,"Site1","2024-08-03","Plot1","4","2024-08-02","Y2","_0Y5138","_0Y5138",1,"2024-08-02","pouteria sp.5",483.989966286987,36.0700405351818,10.2,1.3,NA,"AS",NA,NA,NA,NA
13432,"Site1","2024-08-03","Plot1","4","2024-08-02","X12","_0X2086","_0X2086",1,"2024-08-02","iriartea deltoidea",464.270000999968,236.120041349903,21.8,1.3,NA,"AS",NA,NA,NA,NA
14597,"Site1","2024-08-03","Plot1","4","2024-08-02","L6","_2L0279","_2L0279",1,"2024-08-02",NA,230.833738239307,115.298986563459,16.9,3.1,NA,"AS",NA,NA,NA,NA
7117,"Site1","2024-08-03","Plot1","4","2024-08-02","M12","_0M0250","_0M0250",1,"2024-08-02","iryanthera macrophylla",249.280035061471,226.13000126183,12.3,1.3,NA,"AS",NA,NA,NA,NA
7233,"Site1","2024-08-03","Plot1","4","2024-08-02","M19","_0M0420","_0M0420",1,"2024-08-02","osteophloeum platyspermum",250.640024310676,376.17999253422,34.6,1.3,NA,"AS",NA,NA,NA,NA
3053,"Site1","2024-08-03","Plot1","4","2024-08-02","F12","_0F0271","_0F0271",1,"2024-08-02","pera sp.1",119.150030021847,233.330014422536,20.5,1.3,NA,"AS",NA,NA,NA,NA
5779,"Site1","2024-08-03","Plot1","4","2024-08-02","J25","_0J5311","_0J5311",1,"2024-08-02","myrtaceae sp.10",196.460011323506,495.699970690534,10.1,1.3,NA,"AS",NA,NA,NA,NA
8458,"Site1","2024-08-03","Plot1","4","2024-08-02","O25","_0O0608","_0O0608",1,"2024-08-02","ficus paraensis",289.520042616292,494.670001083985,51,3.9,NA,"AS",NA,NA,NA,NA
8720,"Site1","2024-08-03","Plot1","4","2024-08-02","P5","_0P0098","_0P0098",1,"2024-08-02","vitex orinocensis",303.050004638906,96.2000041902065,33,1.3,NA,"AS",NA,NA,NA,NA
465,"Site1","2024-08-03","Plot1","4","2024-08-02","A8","_0A1953","_0A1953",1,"2024-08-02","vochysia lomatophylla",8.62999706424307,151.370015697554,12.8597194018251,1.3,NA,"AS",NA,NA,NA,NA
13988,"Site1","2024-08-03","Plot1","4","2024-08-02","Y25","_0Y0614","_0Y0614",1,"2024-08-02","anaxagorea brevipes",494.010002794734,495.909974982962,11.1,1.3,NA,"AS",NA,NA,NA,NA
4813,"Site1","2024-08-03","Plot1","4","2024-08-02","I11","_0I0263","_0I0263",1,"2024-08-02","guarea pubescens",170.249956500484,214.250006690621,15.2,1.3,NA,"AS",NA,NA,NA,NA
8563,"Site1","2024-08-03","Plot1","4","2024-08-02","O11","_0O2419","_0O2419",1,"2024-08-02","euterpe precatoria",285.62003766821,218.399960899726,10.5,1.3,NA,"AS",NA,NA,NA,NA
2044,"Site1","2024-08-03","Plot1","4","2024-08-02","D16","_0D0363","_0D0363",1,"2024-08-02","sapindaceae sp.2",75.3299780722591,303.479980688542,23.3,1.3,NA,"AS",NA,NA,NA,NA
776,"Site1","2024-08-03","Plot1","4","2024-08-02","B9","_0B0269","_0B0269",1,"2024-08-02","pouteria campanulata",30.8099999897531,163.969999998808,23.1092977369432,1.3,NA,"AS",NA,NA,NA,NA
4786,"Site1","2024-08-03","Plot1","4","2024-08-02","I10","_0I0230","_0I0230",1,"2024-08-02","pseudolmedia laevigata",160.739980431797,193.210002524778,28.3,1.3,NA,"AS",NA,NA,NA,NA
11214,"Site1","2024-08-03","Plot1","4","2024-08-02","T2","_0T0852","_0T0852",1,"2024-08-02","eschweilera itayensis",386.400010739046,35.3300124034286,10.6,1.3,NA,"AS",NA,NA,NA,NA
11088,"Site1","2024-08-03","Plot1","4","2024-08-02","T20","_0T0439","_0T0439",1,"2024-08-02","talisia dasyclada",388.180013468082,398.74998655729,11.1,1.3,NA,"AS",NA,NA,NA,NA
1721,"Site1","2024-08-03","Plot1","4","2024-08-02","C17","_0C3986","_0C3986",1,"2024-08-02","ophiocaryon heterophyllum",55.8799999966868,325.109999999404,10.0585924034078,1.3,NA,"AS",NA,NA,NA,NA
13351,"Site1","2024-08-03","Plot1","4","2024-08-02","X24","_0X0579","_0X0579",1,"2024-08-02","socratea exorrhiza",471.009967838472,473.200004529208,16.5,3.2,NA,"AS",NA,NA,NA,NA
8813,"Site1","2024-08-03","Plot1","4","2024-08-02","P11","_0P0241","_0P0241",1,"2024-08-02","annona neoinsignis",304.880046093313,218.939962856472,37.6,1.3,NA,"AS",NA,NA,NA,NA
11891,"Site1","2024-08-03","Plot1","4","2024-08-02","U24","_0U4275","_0U4275",1,"2024-08-02","tachigali formicarum",414.860012186633,464.000035820529,10.9,1.3,NA,"AS",NA,NA,NA,NA
14641,"Site1","2024-08-03","Plot1","4","2024-08-02","P9","_2P0230","_2P0230",1,"2024-08-02",NA,319.459057816421,179.412754848599,33.8,2.15,NA,"AS",NA,NA,NA,NA
158,"Site1","2024-08-03","Plot1","4","2024-08-02","A10","_0A0238","_0A0238",1,"2024-08-02","astrocaryum ferrugineum",7.97004698042292,192.980045355856,14.5467617985992,1.3,NA,"AS",NA,NA,NA,NA
1365,"Site1","2024-08-03","Plot1","4","2024-08-02","C12","_0C0241","_0C0241",1,"2024-08-02","iriartea deltoidea",54.1999999915715,235.689999999478,28.297748881739,2.58,NA,"AS",NA,NA,NA,NA
9119,"Site1","2024-08-03","Plot1","4","2024-08-02","P13","_0P2849","_0P2849",1,"2024-08-02","eschweilera gigantea",306.439944153361,254.679155131802,10.4,1.3,NA,"AS",NA,NA,NA,NA
3460,"Site1","2024-08-03","Plot1","4","2024-08-02","G2","_0G0040","_0G0040",1,"2024-08-02","lecythis chartacea",138.950040116266,24.7999548763037,15.5,1.3,NA,"AS",NA,NA,NA,NA
11018,"Site1","2024-08-03","Plot1","4","2024-08-02","T13","_0T0286","_0T0286",1,"2024-08-02","brosimum guianense",387.059964296001,248.269993456081,26.5,1.3,NA,"AS",NA,NA,NA,NA
7557,"Site1","2024-08-03","Plot1","4","2024-08-02","N4","_0N0083","_0N0083",1,"2024-08-02","euterpe precatoria",260.309988554742,73.0099628660828,14.3,1.3,NA,"AS",NA,NA,NA,NA
13238,"Site1","2024-08-03","Plot1","4","2024-08-02","X17","_0X0393","_0X0393",1,"2024-08-02","guatteriella sp.1",464.499979952176,332.149980165064,29.1,1.3,NA,"AS",NA,NA,NA,NA
8251,"Site1","2024-08-03","Plot1","4","2024-08-02","O12","_0O0292","_0O0292",1,"2024-08-02","pouteria sagotiana",291.889980992943,227.250005001202,20.3,1.3,NA,"AS",NA,NA,NA,NA
2923,"Site1","2024-08-03","Plot1","4","2024-08-02","F3","_0F0070","_0F0070",1,"2024-08-02","eschweilera coriacea",117.059957048506,41.3000050224364,23.9,1.3,NA,"AS",NA,NA,NA,NA
9756,"Site1","2024-08-03","Plot1","4","2024-08-02","Q18","_0Q3762","_0Q3762",1,"2024-08-02","tapirira guianensis",338.860018550768,349.270042946562,14,1.3,NA,"AS",NA,NA,NA,NA
767,"Site1","2024-08-03","Plot1","4","2024-08-02","B9","_0B0253","_0B0253",1,"2024-08-02","guarea macrophylla",21.02999998827,167,11.8092967774186,1.3,NA,"AS",NA,NA,NA,NA
3341,"Site1","2024-08-03","Plot1","4","2024-08-02","F12","_0F2725","_0F2725",1,"2024-08-02","guarea kunthiana",103.810022312799,231.410010341555,11.2,1.3,NA,"AS",NA,NA,NA,NA
10358,"Site1","2024-08-03","Plot1","4","2024-08-02","S2","_0S0037","_0S0037",1,"2024-08-02","calliandra trinervia",366.49003047985,39.310013923794,11.9,1.3,NA,"AS",NA,NA,NA,NA
3202,"Site1","2024-08-03","Plot1","4","2024-08-02","F21","_0F0504","_0F0504",1,"2024-08-02","iriartea deltoidea",117.509992595122,402.529957838356,25.8,1.3,NA,"AS",NA,NA,NA,NA
10193,"Site1","2024-08-03","Plot1","4","2024-08-02","R7","_0R1731","_0R1731",1,"2024-08-02","protium krukoffii",354.719983420335,138.739968279377,15.1,1.3,NA,"AS",NA,NA,NA,NA
11566,"Site1","2024-08-03","Plot1","4","2024-08-02","U15","_0U0345","_0U0345",1,"2024-08-02","carapa guianensis",413.540036029415,296.509960398078,20.9,1.3,NA,"AS",NA,NA,NA,NA
3324,"Site1","2024-08-03","Plot1","4","2024-08-02","F9","_0F2222","_0F2222",1,"2024-08-02","virola calophylla",106.084151955729,171.172950960696,11.7,1.3,NA,"AS",NA,NA,NA,NA
3147,"Site1","2024-08-03","Plot1","4","2024-08-02","F18","_0F0419","_0F0419",1,"2024-08-02","guarea kunthiana",106.900048429321,350.59000569582,12.3,3.6,NA,"AS",NA,NA,NA,NA
4929,"Site1","2024-08-03","Plot1","4","2024-08-02","I19","_0I0447","_0I0447",1,"2024-08-02","minquartia guianensis",171.249981863773,365.510008189827,29.5,1.3,NA,"AS",NA,NA,NA,NA
14267,"Site1","2024-08-03","Plot1","4","2024-08-02","J8","_1J0305","_1J0305",1,"2024-08-02","vochysia lomatophylla",194.01002004341,155.499999960884,14.8,1.3,NA,"AS",NA,NA,NA,NA
12364,"Site1","2024-08-03","Plot1","4","2024-08-02","V17","_0V3069","_0V3069",1,"2024-08-02","symphonia globulifera",425.920033786388,339.339998470619,11.9,1.3,NA,"AS",NA,NA,NA,NA
6238,"Site1","2024-08-03","Plot1","4","2024-08-02","K3","_0K1300","_0K1300",1,"2024-08-02","pseudolmedia laevis",218.529997427482,49.2299790773541,10.5,1.3,NA,"AS",NA,NA,NA,NA
11583,"Site1","2024-08-03","Plot1","4","2024-08-02","U17","_0U0383","_0U0383",1,"2024-08-02","apeiba membranacea",404.049974761147,336.260024566203,29.3,1.3,NA,"AS",NA,NA,NA,NA
10314,"Site1","2024-08-03","Plot1","4","2024-08-02","R24","_0R4619","_0R4619",1,"2024-08-02","inga umbellifera",347.269950720074,468.340039877221,14.6,1.3,NA,"AS",NA,NA,NA,NA
3224,"Site1","2024-08-03","Plot1","4","2024-08-02","F22","_0F0528","_0F0528",1,"2024-08-02","perebea xanthochyma",119.560036488401,427.909975517541,15.7,1.3,NA,"AS",NA,NA,NA,NA
10645,"Site1","2024-08-03","Plot1","4","2024-08-02","S25","_0S0527","_0S0527",1,"2024-08-02","iriartea deltoidea",361.860008276068,480.299973381683,26.5,1.3,NA,"AS",NA,NA,NA,NA
1528,"Site1","2024-08-03","Plot1","4","2024-08-02","C21","_0C0459","_0C0459",1,"2024-08-02","inga cylindrica",53.769976827607,407.459988441318,42.55,4.64,NA,"AS",NA,NA,NA,NA
908,"Site1","2024-08-03","Plot1","4","2024-08-02","B18","_0B0471","_0B0471",1,"2024-08-02","guarea kunthiana",21.9700120801572,352.490004375577,11.2681699709062,1.3,NA,"AS",NA,NA,NA,NA
13545,"Site1","2024-08-03","Plot1","4","2024-08-02","X22","_0X4993","_0X4993",1,"2024-08-02",NA,478.937469035038,424.043644675985,12.5,1.3,NA,"AS",NA,NA,NA,NA
3373,"Site1","2024-08-03","Plot1","4","2024-08-02","F15","_0F3457","_0F3457",1,"2024-08-02","handroanthus serratifolius",110.480020242161,285.97999550961,11.3,1.3,NA,"AS",NA,NA,NA,NA
9495,"Site1","2024-08-03","Plot1","4","2024-08-02","Q18","_0Q0377","_0Q0377",1,"2024-08-02","sterculia tessmannii",337.000022821885,359.390040729195,14.7,1.3,NA,"AS",NA,NA,NA,NA
561,"Site1","2024-08-03","Plot1","4","2024-08-02","A22","_0A4486","_0A4486",1,"2024-08-02","couepia macrophylla",12.5300043185125,438.870043620467,10.4405642668283,1.3,NA,"AS",NA,NA,NA,NA
5687,"Site1","2024-08-03","Plot1","4","2024-08-02","J10","_0J2398","_0J2398",1,"2024-08-02","eschweilera gigantea",188.490011283488,192.060047417879,10.1,1.3,NA,"AS",NA,NA,NA,NA
12436,"Site1","2024-08-03","Plot1","4","2024-08-02","W2","_0W0036","_0W0036",1,"2024-08-02","crudia glaberrima",458.219980122056,37.1999736297876,28.1,1.3,NA,"AS",NA,NA,NA,NA
3121,"Site1","2024-08-03","Plot1","4","2024-08-02","F16","_0F0378","_0F0378",1,"2024-08-02","tachigali poeppigiana",116.270009950793,305.210041489452,13.4,1.6,NA,"AS",NA,NA,NA,NA
11102,"Site1","2024-08-03","Plot1","4","2024-08-02","T21","_0T0453","_0T0453",1,"2024-08-02","ampelocera edentula",380.919958002574,408.160049142316,20.75,1.3,NA,"AS",NA,NA,NA,NA
2300,"Site1","2024-08-03","Plot1","4","2024-08-02","D19","_0D4101","_0D4101",1,"2024-08-02","iriartea deltoidea",69.0899735522689,372.480027968064,20.8,2.62,NA,"AS",NA,NA,NA,NA
7409,"Site1","2024-08-03","Plot1","4","2024-08-02","M11","_0M2370","_0M2370",1,"2024-08-02","otoba parvifolia",249.829994346306,219.43003281951,19.2,1.3,NA,"AS",NA,NA,NA,NA
5250,"Site1","2024-08-03","Plot1","4","2024-08-02","J3","_0J0077","_0J0077",1,"2024-08-02","pouteria guianensis",199.289987238066,47.320016188547,31.3,2,NA,"AS",NA,NA,NA,NA
4311,"Site1","2024-08-03","Plot1","4","2024-08-02","H18","_0H0404","_0H0404",1,"2024-08-02","dendropanax cuneatus",158.259957789851,357.589951040223,19.8,1.3,NA,"AS",NA,NA,NA,NA
949,"Site1","2024-08-03","Plot1","4","2024-08-02","B21","_0B0532","_0B0532",1,"2024-08-02","eschweilera coriacea",23.0400265866774,405.989986833185,46,3.35,NA,"AS",NA,NA,NA,NA
6551,"Site1","2024-08-03","Plot1","4","2024-08-02","L11","_0L0235","_0L0235",1,"2024-08-02","handroanthus chrysanthus",226.999980926921,218.819969674572,19,1.3,NA,"AS",NA,NA,NA,NA
2247,"Site1","2024-08-03","Plot1","4","2024-08-02","D14","_0D3225","_0D3225",1,"2024-08-02","pouteria williamii",65.9100303343148,275.690039521083,11.7774657888003,1.3,NA,"AS",NA,NA,NA,NA
9389,"Site1","2024-08-03","Plot1","4","2024-08-02","Q11","_0Q0228","_0Q0228",1,"2024-08-02","pouteria macrocarpa",334.359967141354,217.539992406964,35.3,4.2,NA,"AS",NA,NA,NA,NA
5116,"Site1","2024-08-03","Plot1","4","2024-08-02","I9","_0I2319","_0I2319",1,"2024-08-02","virola sebifera",178.470031192934,162.459999658167,12.3,1.3,NA,"AS",NA,NA,NA,NA
3072,"Site1","2024-08-03","Plot1","4","2024-08-02","F13","_0F0301","_0F0301",1,"2024-08-02","micropholis guyanensis",116.412977238011,257.033314315602,14.6,1.3,NA,"AS",NA,NA,NA,NA
9131,"Site1","2024-08-03","Plot1","4","2024-08-02","P14","_0P3089","_0P3089",1,"2024-08-02","virola duckei",309.849954866862,274.38998477906,11.4,1.3,NA,"AS",NA,NA,NA,NA
2262,"Site1","2024-08-03","Plot1","4","2024-08-02","D15","_0D3528","_0D3528",1,"2024-08-02","erisma laurifolium",70.1599533066037,289.809985760599,16.2,1.3,NA,"AS",NA,NA,NA,NA
1328,"Site1","2024-08-03","Plot1","4","2024-08-02","C9","_0C0186","_0C0186",1,"2024-08-02","faramea multiflora",50.2599999933736,168.189999999478,16.1701422181366,1.3,NA,"AS",NA,NA,NA,NA
4995,"Site1","2024-08-03","Plot1","4","2024-08-02","I23","_0I0531","_0I0531",1,"2024-08-02","guarea kunthiana",160.340022621618,449.270027915016,16.6,1.3,NA,"AS",NA,NA,NA,NA
8487,"Site1","2024-08-03","Plot1","4","2024-08-02","O2","_0O1071","_0O1071",1,"2024-08-02","eschweilera gigantea",298.116474836308,31.0833013635129,13.4,1.3,NA,"AS",NA,NA,NA,NA
14198,"Site1","2024-08-03","Plot1","4","2024-08-02","E14","_1E0473","_1E0473",1,"2024-08-02","",83.4200248415,276.129997398704,13.9,2.05,NA,"AS",NA,NA,NA,NA
2123,"Site1","2024-08-03","Plot1","4","2024-08-02","D22","_0D0480","_0D0480",1,"2024-08-02","lauraceae sp.3",74.2699707857682,422.509990045801,13.6,1.3,NA,"AS",NA,NA,NA,NA
655,"Site1","2024-08-03","Plot1","4","2024-08-02","B3","_0B0093","_0B0093",1,"2024-08-02","eschweilera coriacea",39.5500407619984,53.9899648819119,24.3825372816784,1.3,NA,"AS",NA,NA,NA,NA
9821,"Site1","2024-08-03","Plot1","4","2024-08-02","R1","_0R0018","_0R0018",1,"2024-08-02","iriartea deltoidea",355.52000782825,15.6700227763504,29.4,2.7,NA,"AS",NA,NA,NA,NA
4626,"Site1","2024-08-03","Plot1","4","2024-08-02","H8","_0H5128","_0H5128",1,"2024-08-02",NA,149.990684156015,144.000971080735,11.7,1.3,NA,"AS",NA,NA,NA,NA
10848,"Site1","2024-08-03","Plot1","4","2024-08-02","S25","_0S4520","_0S4520",1,"2024-08-02","dendropanax cuneatus",361.010009536578,492.010048737749,10.2,1.3,NA,"AS",NA,NA,NA,NA
505,"Site1","2024-08-03","Plot1","4","2024-08-02","A13","_0A2941","_0A2941",1,"2024-08-02","crepidospermum rhoifolium",11.3999504964449,247.9900369104,12.2549306180759,1.3,NA,"AS",NA,NA,NA,NA
10092,"Site1","2024-08-03","Plot1","4","2024-08-02","R24","_0R0478","_0R0478",1,"2024-08-02","qualea paraensis",341.030049353663,460.279959764332,29.1,1.3,NA,"AS",NA,NA,NA,NA
14919,"Site1","2024-08-03","Plot1","4","2024-08-02",NA,"_3S0469","_3S0469",1,"2024-11-21",NA,372.968732408888,230.963255602866,10.1,1.3,NA,"AS",NA,NA,NA,NA
14333,"Site1","2024-08-03","Plot1","4","2024-08-02","P20","_1P1143","_1P1143",1,"2024-08-02","iriartea deltoidea",319.669974642398,383.540023311973,28.9,1.85,NA,"AS",NA,NA,NA,NA
6016,"Site1","2024-08-03","Plot1","4","2024-08-02","K14","_0K0324","_0K0324",1,"2024-08-02","otoba glycycarpa",218.820004102832,268.190028393641,34.2,1.3,NA,"AS",NA,NA,NA,NA
9812,"Site1","2024-08-03","Plot1","4","2024-08-02","R1","_0R0005","_0R0005",1,"2024-08-02","inga cylindrica",345.649982289877,5.50996568799019,40.5,3.8,NA,"AS",NA,NA,NA,NA
5009,"Site1","2024-08-03","Plot1","4","2024-08-02","I23","_0I0547","_0I0547",1,"2024-08-02","iriartea deltoidea",171.030038165161,458.840010784566,23.1,1.3,NA,"AS",NA,NA,NA,NA
2897,"Site1","2024-08-03","Plot1","4","2024-08-02","F1","_0F0025","_0F0025",1,"2024-08-02","iryanthera hostmannii",114.029985312198,6.67001366615295,14.3,1.3,NA,"AS",NA,NA,NA,NA
3997,"Site1","2024-08-03","Plot1","4","2024-08-02","G22","_0G4294","_0G4294",1,"2024-08-02","inga loruscans",120.859994492261,433.000010514632,17,1.3,NA,"AS",NA,NA,NA,NA
7694,"Site1","2024-08-03","Plot1","4","2024-08-02","N12","_0N0268","_0N0268",1,"2024-08-02","micropholis guyanensis",276.069991184573,224.72996606119,39.3,4.3,NA,"AS",NA,NA,NA,NA
10665,"Site1","2024-08-03","Plot1","4","2024-08-02","S6","_0S0555","_0S0555",1,"2024-08-02","euterpe precatoria",371.079980410344,118.400032844394,16.8,1.3,NA,"AS",NA,NA,NA,NA
5971,"Site1","2024-08-03","Plot1","4","2024-08-02","K12","_0K0271","_0K0271",1,"2024-08-02","maquira guianensis",209.040020451532,230.849977688864,48.5,2.9,NA,"AS",NA,NA,NA,NA
13255,"Site1","2024-08-03","Plot1","4","2024-08-02","X18","_0X0415","_0X0415",1,"2024-08-02","eschweilera rufifolia",466.649980831717,344.169954007491,14.7,1.3,NA,"AS",NA,NA,NA,NA
12176,"Site1","2024-08-03","Plot1","4","2024-08-02","V18","_0V0384","_0V0384",1,"2024-08-02","socratea exorrhiza",421.169965597102,344.199964905158,14.95,4.5,NA,"AS",NA,NA,NA,NA
14271,"Site1","2024-08-03","Plot1","4","2024-08-02","J15","_1J0537","_1J0537",1,"2024-08-02","vochysia sp.1",198.220044298621,291.299969144166,15.6,1.3,NA,"AS",NA,NA,NA,NA
6580,"Site1","2024-08-03","Plot1","4","2024-08-02","L13","_0L0288","_0L0288",1,"2024-08-02","iryanthera juruensis",230.290019740758,246.509996080771,24.5,1.3,NA,"AS",NA,NA,NA,NA
4588,"Site1","2024-08-03","Plot1","4","2024-08-02","H19","_0H3971","_0H3971",1,"2024-08-02","dendropanax cuneatus",147.052791554423,369.215447200462,11.1,1.3,NA,"AS",NA,NA,NA,NA
10068,"Site1","2024-08-03","Plot1","4","2024-08-02","R22","_0R0447","_0R0447",1,"2024-08-02","pseudolmedia laevis",350.289957685629,438.720013413578,17,1.3,NA,"AS",NA,NA,NA,NA
6057,"Site1","2024-08-03","Plot1","4","2024-08-02","K18","_0K0391","_0K0391",1,"2024-08-02","iriartea deltoidea",201.299970537715,348.70997152105,27.2,2.3,NA,"AS",NA,NA,NA,NA
11954,"Site1","2024-08-03","Plot1","4","2024-08-02","V4","_0V0065","_0V0065",1,"2024-08-02","apeiba membranacea",424.860008585209,65.1799833588302,42.7,1.3,NA,"AS",NA,NA,NA,NA
5567,"Site1","2024-08-03","Plot1","4","2024-08-02","J23","_0J0576","_0J0576",1,"2024-08-02","sterculia frondosa",198.220018527994,449.080027811229,22,1.3,NA,"AS",NA,NA,NA,NA
9798,"Site1","2024-08-03","Plot1","4","2024-08-02","Q25","_0Q5285","_0Q5285",1,"2024-08-02","maquira calophylla",334.28997088928,491.199996110052,10.1,1.3,NA,"AS",NA,NA,NA,NA
10061,"Site1","2024-08-03","Plot1","4","2024-08-02","R22","_0R0438","_0R0438",1,"2024-08-02","pouteria campanulata",343.779977034486,422.909970687702,42,2.65,NA,"AS",NA,NA,NA,NA
10198,"Site1","2024-08-03","Plot1","4","2024-08-02","R8","_0R1838","_0R1838",1,"2024-08-02","virola sebifera",340.940035239619,157.770016718656,13.6,1.3,NA,"AS",NA,NA,NA,NA
2088,"Site1","2024-08-03","Plot1","4","2024-08-02","D20","_0D0435","_0D0435",1,"2024-08-02","guarea cristata",76.020028770843,395.080002263188,35.8,1.3,NA,"AS",NA,NA,NA,NA
8062,"Site1","2024-08-03","Plot1","4","2024-08-02","O1","_0O0002","_0O0002",1,"2024-08-02","pseudolmedia laevigata",282.079989588063,3.30001545883715,18.9,1.3,NA,"AS",NA,NA,NA,NA
3895,"Site1","2024-08-03","Plot1","4","2024-08-02","G8","_0G1948","_0G1948",1,"2024-08-02","inga sp.8",125.38004749635,157.059957362711,11,1.3,NA,"AS",NA,NA,NA,NA
7572,"Site1","2024-08-03","Plot1","4","2024-08-02","N5","_0N0110","_0N0110",1,"2024-08-02","pouteria bilocularis",269.660018445808,92.499962599948,16,1.3,NA,"AS",NA,NA,NA,NA
11923,"Site1","2024-08-03","Plot1","4","2024-08-02","V2","_0V0026","_0V0026",1,"2024-08-02","eschweilera coriacea",426.540007582691,28.7999883517623,51.26,2.6,NA,"AS",NA,NA,NA,NA
14730,"Site1","2024-08-03","Plot1","4","2024-08-02","T11","_2T0485","_2T0485",1,"2024-08-02",NA,399.375844848924,207.597223252058,17.8,1.3,NA,"AS",NA,NA,NA,NA
5751,"Site1","2024-08-03","Plot1","4","2024-08-02","J23","_0J4772","_0J4772",1,"2024-08-02","tapirira guianensis",184.842001950892,446.797240966931,20.4,1.3,NA,"AS",NA,NA,NA,NA
11852,"Site1","2024-08-03","Plot1","4","2024-08-02","U15","_0U2972","_0U2972",1,"2024-08-02","myrcia aliena",419.280002059357,283.119989395142,10.4,1.3,NA,"AS",NA,NA,NA,NA
4149,"Site1","2024-08-03","Plot1","4","2024-08-02","H8","_0H0170","_0H0170",1,"2024-08-02","conceveiba martiana",153.719993174658,143.810030192137,30.7,1.3,NA,"AS",NA,NA,NA,NA
3122,"Site1","2024-08-03","Plot1","4","2024-08-02","F16","_0F0379","_0F0379",1,"2024-08-02","hymenopus arachnoideus",118.029964637302,302.429980603978,18.3,1.3,NA,"AS",NA,NA,NA,NA
14937,"Site1","2024-08-03","Plot1","4","2024-08-02",NA,"_3T0546","_3T0546",1,"2024-11-21",NA,399.46655719087,219.492473609746,18.2,1.3,NA,"AS",NA,NA,NA,NA
9364,"Site1","2024-08-03","Plot1","4","2024-08-02","Q9","_0Q0188","_0Q0188",1,"2024-08-02","zygia latifolia",334.359975740721,178.819985710084,24.1,1.3,NA,"AS",NA,NA,NA,NA
14549,"Site1","2024-08-03","Plot1","4","2024-08-02","J1","_2J0039","_2J0039",1,"2024-08-02",NA,181.018452449411,19.0807282142341,13,1.4,NA,"AS",NA,NA,NA,NA
475,"Site1","2024-08-03","Plot1","4","2024-08-02","A9","_0A2205","_0A2205",1,"2024-08-02","otoba parvifolia",19.0599528356106,171.60996514,17.6661986832004,1.3,NA,"AS",NA,NA,NA,NA
2634,"Site1","2024-08-03","Plot1","4","2024-08-02","E18","_0E0437","_0E0437",1,"2024-08-02","otoba glycycarpa",92.1299935418065,348.389989277348,27.5,1.3,NA,"AS",NA,NA,NA,NA
13997,"Site1","2024-08-03","Plot1","4","2024-08-02","Y3","_0Y0629","_0Y0629",1,"2024-08-02","astrocaryum ferrugineum",488.920003257634,51.7000103350729,15.5,1.3,NA,"AS",NA,NA,NA,NA
1519,"Site1","2024-08-03","Plot1","4","2024-08-02","C21","_0C0445","_0C0445",1,"2024-08-02","otoba glycycarpa",40.6300245277234,408.220019510016,46.4095814055967,1.3,NA,"AS",NA,NA,NA,NA
3274,"Site1","2024-08-03","Plot1","4","2024-08-02","F1","_0F0679","_0F0679",1,"2024-08-02","otoba glycycarpa",106.442945618008,9.45081787742674,13.5,1.3,NA,"AS",NA,NA,NA,NA
11767,"Site1","2024-08-03","Plot1","4","2024-08-02","U4","_0U1249","_0U1249",1,"2024-08-02","eschweilera coriacea",405.740028473199,63.4700260516256,13,1.3,NA,"AS",NA,NA,NA,NA
907,"Site1","2024-08-03","Plot1","4","2024-08-02","B18","_0B0469","_0B0469",1,"2024-08-02","symphonia globulifera",26.0300342919072,349.460020191967,17.1569028653063,1.3,NA,"AS",NA,NA,NA,NA
14220,"Site1","2024-08-03","Plot1","4","2024-08-02","F3","_1F0004A","_1F0004A",1,"2024-08-02","unidentified",101.829974095279,52.4500000849366,12.5,1.3,NA,"AS",NA,NA,NA,NA
3789,"Site1","2024-08-03","Plot1","4","2024-08-02","G23","_0G0513","_0G0513",1,"2024-08-02","conceveiba martiana",130.84995774756,451.469998223707,30.7,1.9,NA,"AS",NA,NA,NA,NA
2166,"Site1","2024-08-03","Plot1","4","2024-08-02","D1","_0D0677","_0D0677",1,"2024-08-02","gloeospermum sphaerocarpum",67.7899999884539,1.32000000029802,11.3000009595246,1.3,NA,"AS",NA,NA,NA,NA
1749,"Site1","2024-08-03","Plot1","4","2024-08-02","C21","_0C4548","_0C4548",1,"2024-08-02","miconia napoana",43.4093371176277,410.841350767761,12.509578527023,1.3,NA,"AS",NA,NA,NA,NA
3017,"Site1","2024-08-03","Plot1","4","2024-08-02","F10","_0F0213","_0F0213",1,"2024-08-02","mollia gracilis",107.456059680146,183.78401074931,38.5,1.3,NA,"AS",NA,NA,NA,NA
11118,"Site1","2024-08-03","Plot1","4","2024-08-02","T21","_0T0472","_0T0472",1,"2024-08-02","xylopia calophylla",390.990035577852,400.230008089915,24.5,1.6,NA,"AS",NA,NA,NA,NA
5416,"Site1","2024-08-03","Plot1","4","2024-08-02","J14","_0J0343","_0J0343",1,"2024-08-02","tetrathylacium macrophyllum",181.390043268737,271.969994105399,13.3,1.3,NA,"AS",NA,NA,NA,NA
11866,"Site1","2024-08-03","Plot1","4","2024-08-02","U19","_0U3446","_0U3446",1,"2024-08-02","eugenia florida",418.139950469485,368.539964552969,11.5,1.3,NA,"AS",NA,NA,NA,NA
1176,"Site1","2024-08-03","Plot1","4","2024-08-02","B24","_0B5029","_0B5029",1,"2024-08-02","socratea exorrhiza",31.8299801099347,470.999997086823,16.6,4.1,NA,"AS",NA,NA,NA,NA
6257,"Site1","2024-08-03","Plot1","4","2024-08-02","K5","_0K1606","_0K1606",1,"2024-08-02","virola duckei",208.909960764518,97.599992390722,12.8,1.3,NA,"AS",NA,NA,NA,NA
9671,"Site1","2024-08-03","Plot1","4","2024-08-02","Q7","_0Q1859","_0Q1859",1,"2024-08-02","euterpe precatoria",324.290005591058,120.969963954762,17.1,1.3,NA,"AS",NA,NA,NA,NA
8575,"Site1","2024-08-03","Plot1","4","2024-08-02","O14","_0O3037","_0O3037",1,"2024-08-02","symphonia globulifera",293.459966770315,278.490017352626,15.9,1.3,NA,"AS",NA,NA,NA,NA
7764,"Site1","2024-08-03","Plot1","4","2024-08-02","N17","_0N0366","_0N0366",1,"2024-08-02","conceveiba guianensis",270.919980899838,335.620022475719,14,1.3,NA,"AS",NA,NA,NA,NA
10688,"Site1","2024-08-03","Plot1","4","2024-08-02","S3","_0S0986","_0S0986",1,"2024-08-02","theobroma microcarpum",363.26995135867,43.5000054445118,10.4,1.3,NA,"AS",NA,NA,NA,NA
11517,"Site1","2024-08-03","Plot1","4","2024-08-02","U12","_0U0259","_0U0259",1,"2024-08-02","eschweilera coriacea",403.199953387433,230.739992108196,22.6,1.3,NA,"AS",NA,NA,NA,NA
13235,"Site1","2024-08-03","Plot1","4","2024-08-02","X17","_0X0390","_0X0390",1,"2024-08-02","guatteria modesta",466.98002116452,321.950029516593,39,1.3,NA,"AS",NA,NA,NA,NA
5819,"Site1","2024-08-03","Plot1","4","2024-08-02","K3","_0K0046","_0K0046",1,"2024-08-02","sorocea steinbachii",200.490010363108,44.5699616409838,19.2,1.3,NA,"AS",NA,NA,NA,NA
1966,"Site1","2024-08-03","Plot1","4","2024-08-02","D12","_0D0249","_0D0249",1,"2024-08-02","vitex orinocensis",60.6100257466896,221.739952512085,42.25,5.8,NA,"AS",NA,NA,NA,NA
11236,"Site1","2024-08-03","Plot1","4","2024-08-02","T5","_0T1293","_0T1293",1,"2024-08-02","eschweilera coriacea",393.27000802866,94.5499945711344,12.7,1.6,NA,"AS",NA,NA,NA,NA
4565,"Site1","2024-08-03","Plot1","4","2024-08-02","H15","_0H3438","_0H3438",1,"2024-08-02","ophiocaryon klugii",159.890029428294,292.74003534019,10.375,1.3,NA,"AS",NA,NA,NA,NA
11375,"Site1","2024-08-03","Plot1","4","2024-08-02","U1","_0U0015","_0U0015",1,"2024-08-02","zygia latifolia",409.050032623636,15.0900004412979,13.4,1.3,NA,"AS",NA,NA,NA,NA
14407,"Site1","2024-08-03","Plot1","4","2024-08-02","U16","_1U0252","_1U0252",1,"2024-08-02","unidentified",400.98000669037,307.720036862418,19.2,1.3,NA,"AS",NA,NA,NA,NA
11175,"Site1","2024-08-03","Plot1","4","2024-08-02","T24","_0T0545","_0T0545",1,"2024-08-02","carapa guianensis",392.03999416437,467.500045726076,67.3,2.4,NA,"AS",NA,NA,NA,NA
4372,"Site1","2024-08-03","Plot1","4","2024-08-02","H22","_0H0488","_0H0488",1,"2024-08-02","sapotaceae sp.4",144.009970228246,429.289961041883,14.4,1.3,NA,"AS",NA,NA,NA,NA
14268,"Site1","2024-08-03","Plot1","4","2024-08-02","J8","_1J0317","_1J0317",1,"2024-08-02","parkia multijuga",196.319954257342,151.580006396398,18.3,1.3,NA,"AS",NA,NA,NA,NA
903,"Site1","2024-08-03","Plot1","4","2024-08-02","B18","_0B0465","_0B0465",1,"2024-08-02","conceveiba guianensis",22.5300225331448,340.180049533024,28.1067629500287,1.3,NA,"AS",NA,NA,NA,NA
14079,"Site1","2024-08-03","Plot1","4","2024-08-02","Y17","_0Y3169","_0Y3169",1,"2024-08-02","pseudolmedia laevis",482.360020209977,330.15002495423,14.8,1.3,NA,"AS",NA,NA,NA,NA
7385,"Site1","2024-08-03","Plot1","4","2024-08-02","M8","_0M1804","_0M1804",1,"2024-08-02","tapirira obtusa",240.580044786504,153.820020558313,19.5,1.3,NA,"AS",NA,NA,NA,NA
14272,"Site1","2024-08-03","Plot1","4","2024-08-02","K2","_1K0001","_1K0001",1,"2024-08-02","zanthoxylum sp.1",217.446970819437,35.9616382922977,42,1.3,NA,"AS",NA,NA,NA,NA
14142,"Site1","2024-08-03","Plot1","4","2024-08-02","Y2","_0Y5129","_0Y5129",1,"2024-08-02","conceveiba guianensis",482.199988053704,35.1799756605178,13.9,1.3,NA,"AS",NA,NA,NA,NA
544,"Site1","2024-08-03","Plot1","4","2024-08-02","A19","_0A4001","_0A4001",1,"2024-08-02","eschweilera rufifolia",7.40996848040959,374.460043270141,10.0267614147894,1.3,NA,"AS",NA,NA,NA,NA
10676,"Site1","2024-08-03","Plot1","4","2024-08-02","S1","_0S0734","_0S0734",1,"2024-08-02","hirtella racemosa",365.919953897654,11.4999778456986,13.4,1.3,NA,"AS",NA,NA,NA,NA
2539,"Site1","2024-08-03","Plot1","4","2024-08-02","E12","_0E0283","_0E0283",1,"2024-08-02","brosimum utile",96.8500425347011,225.189953355119,70.6,1.7,NA,"AS",NA,NA,NA,NA
9919,"Site1","2024-08-03","Plot1","4","2024-08-02","R9","_0R0178","_0R0178",1,"2024-08-02","virola loretensis",341.600011727132,161.219973707572,12.3,1.3,NA,"AS",NA,NA,NA,NA
4106,"Site1","2024-08-03","Plot1","4","2024-08-02","H5","_0H0101","_0H0101",1,"2024-08-02","sloanea gladysiae",145.809959221398,81.2699510324746,16,2.7,NA,"AS",NA,NA,NA,NA
8464,"Site1","2024-08-03","Plot1","4","2024-08-02","O25","_0O0619","_0O0619",1,"2024-08-02","inga tessmannii",292.250039848557,481.050035418943,22.7,1.7,NA,"AS",NA,NA,NA,NA
4327,"Site1","2024-08-03","Plot1","4","2024-08-02","H19","_0H0427","_0H0427",1,"2024-08-02","chrysophyllum venezuelanum",157.619982001255,372.259966108948,22.5,1.3,NA,"AS",NA,NA,NA,NA
2991,"Site1","2024-08-03","Plot1","4","2024-08-02","F8","_0F0172","_0F0172",1,"2024-08-02","ficus yoponensis",107.3800104275,152.489964388311,47.2,1.3,NA,"AS",NA,NA,NA,NA
11895,"Site1","2024-08-03","Plot1","4","2024-08-02","U25","_0U4348","_0U4348",1,"2024-08-02","nealchornea yapurensis",409.029989407456,493.91999120824,10.9,1.3,NA,"AS",NA,NA,NA,NA
14498,"Site1","2024-08-03","Plot1","4","2024-08-02","D16","_2D0794","_2D0794",1,"2024-08-02",NA,62.4147892618203,301.878573998809,24.4,1.3,NA,"AS",NA,NA,NA,NA
10924,"Site1","2024-08-03","Plot1","4","2024-08-02","T5","_0T0108","_0T0108",1,"2024-08-02","eschweilera coriacea",387.369954582129,93.420025203377,27.8,1.3,NA,"AS",NA,NA,NA,NA
12496,"Site1","2024-08-03","Plot1","4","2024-08-02","W6","_0W0130","_0W0130",1,"2024-08-02","poraqueiba sericea",451.719957269263,107.880018312484,16.5,1.3,NA,"AS",NA,NA,NA,NA
14338,"Site1","2024-08-03","Plot1","4","2024-08-02","Q3","_1Q0142","_1Q0142",1,"2024-08-02","euterpe precatoria",325.665050008043,58.3399120550603,14.1,1.3,NA,"AS",NA,NA,NA,NA
14583,"Site1","2024-08-03","Plot1","4","2024-08-02","K17","_2K0592","_2K0592",1,"2024-08-02",NA,212.14780129696,323.123651228845,13.1,1.3,NA,"AS",NA,NA,NA,NA
7525,"Site1","2024-08-03","Plot1","4","2024-08-02","N2","_0N0045","_0N0045",1,"2024-08-02","guarea kunthiana",276.679955261934,23.5899950750172,13.7,1.3,NA,"AS",NA,NA,NA,NA
14655,"Site1","2024-08-03","Plot1","4","2024-08-02","Q10","_2Q0276","_2Q0276",1,"2024-08-02",NA,323.934310532,180.310527412221,23.6,1.5,NA,"AS",NA,NA,NA,NA
12052,"Site1","2024-08-03","Plot1","4","2024-08-02","V11","_0V0211","_0V0211",1,"2024-08-02","vismia macrophylla",424.349961797765,209.389979273081,40.6,1.7,NA,"AS",NA,NA,NA,NA
9326,"Site1","2024-08-03","Plot1","4","2024-08-02","Q6","_0Q0137","_0Q0137",1,"2024-08-02","virola loretensis",339.720019372471,117.689976822585,17.3,1.3,NA,"AS",NA,NA,NA,NA
2049,"Site1","2024-08-03","Plot1","4","2024-08-02","D17","_0D0368","_0D0368",1,"2024-08-02","crepidospermum rhoifolium",66.700008975633,327.289999481291,19.2,1.3,NA,"AS",NA,NA,NA,NA
13323,"Site1","2024-08-03","Plot1","4","2024-08-02","X21","_0X0525","_0X0525",1,"2024-08-02","theobroma microcarpum",476.620014567685,409.530047306791,17.4,1.3,NA,"AS",NA,NA,NA,NA
11758,"Site1","2024-08-03","Plot1","4","2024-08-02","U3","_0U1117","_0U1117",1,"2024-08-02","eschweilera coriacea",407.869964602229,58.0599973183125,13.5,1.3,NA,"AS",NA,NA,NA,NA
10763,"Site1","2024-08-03","Plot1","4","2024-08-02","S12","_0S2440","_0S2440",1,"2024-08-02","inga acicularis",364.230041205708,224.119950855151,12.4,1.3,NA,"AS",NA,NA,NA,NA
13495,"Site1","2024-08-03","Plot1","4","2024-08-02","X22","_0X4064","_0X4064",1,"2024-08-02","osteophloeum platyspermum",464.269979855802,430.560033325106,12.9,1.3,NA,"AS",NA,NA,NA,NA
11549,"Site1","2024-08-03","Plot1","4","2024-08-02","U14","_0U0309","_0U0309",1,"2024-08-02","pterocarpus rohrii",406.150004036201,266.490031681955,31.6,1.3,NA,"AS",NA,NA,NA,NA
12347,"Site1","2024-08-03","Plot1","4","2024-08-02","V15","_0V2820","_0V2820",1,"2024-08-02","couepia macrophylla",433.480012038315,282.300024893135,11.9,1.3,NA,"AS",NA,NA,NA,NA
3787,"Site1","2024-08-03","Plot1","4","2024-08-02","G23","_0G0509","_0G0509",1,"2024-08-02","vitex orinocensis",128.92997055914,444.330046487972,52.3,3.6,NA,"AS",NA,NA,NA,NA
9125,"Site1","2024-08-03","Plot1","4","2024-08-02","P13","_0P2957","_0P2957",1,"2024-08-02","iriartea deltoidea",318.12003082945,246.409998420626,11.8,1.3,NA,"AS",NA,NA,NA,NA
9956,"Site1","2024-08-03","Plot1","4","2024-08-02","R12","_0R0246","_0R0246",1,"2024-08-02","carapa guianensis",355.700042976183,229.469967564568,67.2,4.05,NA,"AS",NA,NA,NA,NA
5119,"Site1","2024-08-03","Plot1","4","2024-08-02","I10","_0I2385","_0I2385",1,"2024-08-02","pouteria multiflora",167.719950788713,183.90996231325,13.2,1.3,NA,"AS",NA,NA,NA,NA
2206,"Site1","2024-08-03","Plot1","4","2024-08-02","D7","_0D1848","_0D1848",1,"2024-08-02","amaioua corymbosa",76.5100088128238,126.009977685288,12.4459165497862,1.3,NA,"AS",NA,NA,NA,NA
9775,"Site1","2024-08-03","Plot1","4","2024-08-02","Q20","_0Q4156","_0Q4156",1,"2024-08-02","sterculia tessmannii",338.477311268158,387.461250884458,11.4,1.3,NA,"AS",NA,NA,NA,NA
5456,"Site1","2024-08-03","Plot1","4","2024-08-02","J16","_0J0402","_0J0402",1,"2024-08-02","leptobalanus latus",187.019969027955,312.650006733835,42.9,1.3,NA,"AS",NA,NA,NA,NA
7678,"Site1","2024-08-03","Plot1","4","2024-08-02","N12","_0N0249","_0N0249",1,"2024-08-02","sapotaceae sp.2",262.199968562287,238.019999073818,27.1,2.45,NA,"AS",NA,NA,NA,NA
5220,"Site1","2024-08-03","Plot1","4","2024-08-02","J1","_0J0027","_0J0027",1,"2024-08-02","inga acicularis",190.76997772808,4.15003755688667,32.1,1.3,NA,"AS",NA,NA,NA,NA
7203,"Site1","2024-08-03","Plot1","4","2024-08-02","M17","_0M0376","_0M0376",1,"2024-08-02","naucleopsis oblongifolia",245.289968067547,331.169981019571,12.2,1.3,NA,"AS",NA,NA,NA,NA
11864,"Site1","2024-08-03","Plot1","4","2024-08-02","U19","_0U3367","_0U3367",1,"2024-08-02","socratea exorrhiza",402.359979474277,361.229986267164,15.9,3.3,NA,"AS",NA,NA,NA,NA
7329,"Site1","2024-08-03","Plot1","4","2024-08-02","M1","_0M0567","_0M0567",1,"2024-08-02","erythroxylum rufum",249.130018220982,14.5399628654122,16.6,1.3,NA,"AS",NA,NA,NA,NA
13984,"Site1","2024-08-03","Plot1","4","2024-08-02","Y25","_0Y0610","_0Y0610",1,"2024-08-02","virola pavonis",491.679960859299,494.490020278841,45.5,2.9,NA,"AS",NA,NA,NA,NA
10603,"Site1","2024-08-03","Plot1","4","2024-08-02","S22","_0S0471","_0S0471",1,"2024-08-02","leptobalanus octandrus",373.469975589192,424.019994910806,35.5,1.3,NA,"AS",NA,NA,NA,NA
14465,"Site1","2024-08-03","Plot1","4","2024-08-02","A18","_2A0998","_2A0998",1,"2024-08-02",NA,17.2883349855547,341.404962824658,14.9923956392565,1.3,NA,"AS",NA,NA,NA,NA
12531,"Site1","2024-08-03","Plot1","4","2024-08-02","W8","_0W0189","_0W0189",1,"2024-08-02","socratea exorrhiza",457.239961793646,146.759989608079,17.2,4.4,NA,"AS",NA,NA,NA,NA
8675,"Site1","2024-08-03","Plot1","4","2024-08-02","P2","_0P0025","_0P0025",1,"2024-08-02","alibertia sp.1",301.630012741254,24.8900349698961,19.2,1.3,NA,"ABS",NA,NA,NA,NA
10366,"Site1","2024-08-03","Plot1","4","2024-08-02","S2","_0S0046","_0S0046",1,"2024-08-02","inga acicularis",376.959965125483,38.0300288908184,20.9,1.3,NA,"AS",NA,NA,NA,NA
3108,"Site1","2024-08-03","Plot1","4","2024-08-02","F16","_0F0353","_0F0353",1,"2024-08-02","chomelia tenuiflora",104.559993014613,301.499964432791,12.5,1.3,NA,"AS",NA,NA,NA,NA
9298,"Site1","2024-08-03","Plot1","4","2024-08-02","Q4","_0Q0090","_0Q0090",1,"2024-08-02","amaioua corymbosa",334.119973846828,60.8400274217129,16.9,1.3,NA,"AS",NA,NA,NA,NA
5713,"Site1","2024-08-03","Plot1","4","2024-08-02","J16","_0J3496","_0J3496",1,"2024-08-02","eugenia albicans",197.029965554539,302.570016536862,10.9,1.3,NA,"AS",NA,NA,NA,NA
14488,"Site1","2024-08-03","Plot1","4","2024-08-02","B25","_2B1669","_2B1669",1,"2024-08-02",NA,30.6334874301101,486.083855651319,22.6636638962859,1.3,NA,"AS",NA,NA,NA,NA
4396,"Site1","2024-08-03","Plot1","4","2024-08-02","H23","_0H0522","_0H0522",1,"2024-08-02","salacia sp.1",143.299964525329,448.240044355392,15.1,1.3,NA,"AS",NA,NA,NA,NA
4092,"Site1","2024-08-03","Plot1","4","2024-08-02","H4","_0H0085","_0H0085",1,"2024-08-02","iryanthera macrophylla",156.249955244304,78.5800427254289,48,1.3,NA,"AS",NA,NA,NA,NA
14929,"Site1","2024-08-03","Plot1","4","2024-08-02",NA,"_3S0684","_3S0684",1,"2024-11-27",NA,379.613567009859,355.703814443201,14.1,1.3,NA,"AS",NA,NA,NA,NA
9810,"Site1","2024-08-03","Plot1","4","2024-08-02","R1","_0R0003","_0R0003",1,"2024-08-02","iryanthera macrophylla",340.749986569106,7.97998536005616,17,1.3,NA,"AS",NA,NA,NA,NA
1979,"Site1","2024-08-03","Plot1","4","2024-08-02","D12","_0D0267","_0D0267",1,"2024-08-02","nealchornea yapurensis",71.9899871823727,223.969980407506,21.4540863287875,1.3,NA,"AS",NA,NA,NA,NA
5684,"Site1","2024-08-03","Plot1","4","2024-08-02","J9","_0J2305","_0J2305",1,"2024-08-02","iryanthera hostmannii",197.86000867543,162.81004393287,10.7,1.3,NA,"AS",NA,NA,NA,NA
8127,"Site1","2024-08-03","Plot1","4","2024-08-02","O5","_0O0110","_0O0110",1,"2024-08-02","mollia gracilis",289.889952190395,91.2499626409262,24.1,1.3,NA,"AS",NA,NA,NA,NA
8506,"Site1","2024-08-03","Plot1","4","2024-08-02","O4","_0O1404","_0O1404",1,"2024-08-02","parkia multijuga",284.490046868508,67.120040839538,32.2,1.3,NA,"AS",NA,NA,NA,NA
9805,"Site1","2024-08-03","Plot1","4","2024-08-02","Q19","_0Q5412","_0Q5412",1,"2024-08-02",NA,326.125044903194,363.433061057702,12.2,1.3,NA,"AS",NA,NA,NA,NA
7937,"Site1","2024-08-03","Plot1","4","2024-08-02","N3","_0N1068","_0N1068",1,"2024-08-02","virola calophylla",267.730046728742,56.6800095867366,13.3,1.3,NA,"AS",NA,NA,NA,NA
6616,"Site1","2024-08-03","Plot1","4","2024-08-02","L16","_0L0344","_0L0344",1,"2024-08-02","virola pavonis",226.299951093795,305.839972417802,41.1,2.2,NA,"AS",NA,NA,NA,NA
4033,"Site1","2024-08-03","Plot1","4","2024-08-02","H1","_0H0012","_0H0012",1,"2024-08-02","leonia glycycarpa",148.760049032571,18.689968097955,12.2,1.3,NA,"AS",NA,NA,NA,NA
2394,"Site1","2024-08-03","Plot1","4","2024-08-02","E4","_0E0073","_0E0073",1,"2024-08-02","neea parviflora",80.489991483104,61.3399531543255,23.3,1.3,NA,"AS",NA,NA,NA,NA
3836,"Site1","2024-08-03","Plot1","4","2024-08-02","G15","_0G0578","_0G0578",1,"2024-08-02","conceveiba guianensis",135.189983882476,299.200017210096,12.3,1.3,NA,"AS",NA,NA,NA,NA
3879,"Site1","2024-08-03","Plot1","4","2024-08-02","G5","_0G1525","_0G1525",1,"2024-08-02","iriartea deltoidea",136.289977008768,89.3399797920138,10.6,1.3,NA,"AS",NA,NA,NA,NA
2067,"Site1","2024-08-03","Plot1","4","2024-08-02","D19","_0D0402","_0D0402",1,"2024-08-02","cordia panamensis",60.3799722885597,368.720043327659,29.8,1.3,NA,"AS",NA,NA,NA,NA
11706,"Site1","2024-08-03","Plot1","4","2024-08-02","U24","_0U0549","_0U0549",1,"2024-08-02","scleronema micranthum",417.60001206852,476.099974516779,23.9,1.3,NA,"AS",NA,NA,NA,NA
1017,"Site1","2024-08-03","Plot1","4","2024-08-02","B1","_0B0715","_0B0715",1,"2024-08-02","inga leiocalycina",28.2299999946263,17.339999999851,16.1383112295182,1.3,NA,"AS",NA,NA,NA,NA
13045,"Site1","2024-08-03","Plot1","4","2024-08-02","X6","_0X0120","_0X0120",1,"2024-08-02","socratea exorrhiza",470.950001336925,116.320023221895,19.5,3.5,NA,"AS",NA,NA,NA,NA
6892,"Site1","2024-08-03","Plot1","4","2024-08-02","L15","_0L3298","_0L3298",1,"2024-08-02","humiriastrum piraparanense",230.641536749958,294.760758750141,11.3,1.3,NA,"AS",NA,NA,NA,NA
14582,"Site1","2024-08-03","Plot1","4","2024-08-02","K14","_2K0471","_2K0471",1,"2024-08-02",NA,200.455490659806,267.027488484979,12.6,1.3,NA,"AS",NA,NA,NA,NA
13983,"Site1","2024-08-03","Plot1","4","2024-08-02","Y25","_0Y0609","_0Y0609",1,"2024-08-02","protium opacum",490.980006768776,494.830001085997,18.9,1.3,NA,"AS",NA,NA,NA,NA
6840,"Site1","2024-08-03","Plot1","4","2024-08-02","L8","_0L1842","_0L1842",1,"2024-08-02","conceveiba guianensis",234.530028402456,149.230029502884,14.1,1.3,NA,"AS",NA,NA,NA,NA
11950,"Site1","2024-08-03","Plot1","4","2024-08-02","V3","_0V0060","_0V0060",1,"2024-08-02","pouteria williamii",432.260046809562,49.349959442392,19.5,1.3,NA,"AS",NA,NA,NA,NA
12188,"Site1","2024-08-03","Plot1","4","2024-08-02","V18","_0V0404","_0V0404",1,"2024-08-02","apeiba membranacea",437.850039495213,355.649992117658,34.3,1.3,NA,"AS",NA,NA,NA,NA
6829,"Site1","2024-08-03","Plot1","4","2024-08-02","L7","_0L1673","_0L1673",1,"2024-08-02","matayba adenanthera",224.830028381199,138.909950552508,10.1,1.3,NA,"AS",NA,NA,NA,NA
846,"Site1","2024-08-03","Plot1","4","2024-08-02","B14","_0B0378","_0B0378",1,"2024-08-02","eschweilera coriacea",28.5099999917438,272.299999998882,14.8332406961646,1.3,NA,"AS",NA,NA,NA,NA
9201,"Site1","2024-08-03","Plot1","4","2024-08-02","P20","_0P4511","_0P4511",1,"2024-08-02","pouteria williamii",313.020039826923,386.510031891987,12.7,1.3,NA,"AS",NA,NA,NA,NA
4455,"Site1","2024-08-03","Plot1","4","2024-08-02","H18","_0H0609","_0H0609",1,"2024-08-02","protium nodulosum",146.799967572384,347.340003242716,12.4,1.3,NA,"AS",NA,NA,NA,NA
159,"Site1","2024-08-03","Plot1","4","2024-08-02","A10","_0A0240","_0A0240",1,"2024-08-02","eschweilera coriacea",15.2092923395685,196.057844983414,10.4405642668283,1.3,NA,"AS",NA,NA,NA,NA
8039,"Site1","2024-08-03","Plot1","4","2024-08-02","N24","_0N5004","_0N5004",1,"2024-08-02","brosimum multinervium",277.780049061636,471.169991262257,10.9,1.3,NA,"AS",NA,NA,NA,NA
9223,"Site1","2024-08-03","Plot1","4","2024-08-02","P24","_0P5427","_0P5427",1,"2024-08-02","iryanthera macrophylla",308.329965448356,479.279979977757,10.8,1.3,NA,"AS",NA,NA,NA,NA
4537,"Site1","2024-08-03","Plot1","4","2024-08-02","H12","_0H2882","_0H2882",1,"2024-08-02","iriartea deltoidea",152.719964346034,228.190005753189,11.7,1.3,NA,"AS",NA,NA,NA,NA
4850,"Site1","2024-08-03","Plot1","4","2024-08-02","I13","_0I0314","_0I0314",1,"2024-08-02","ocotea oblonga",168.929993891215,242.840041993186,56.2,1.3,NA,"AS",NA,NA,NA,NA
11513,"Site1","2024-08-03","Plot1","4","2024-08-02","U11","_0U0250","_0U0250",1,"2024-08-02","abuta grandifolia",411.0300225963,205.899965509772,15.9,1.3,NA,"AS",NA,NA,NA,NA
3885,"Site1","2024-08-03","Plot1","4","2024-08-02","G6","_0G1650","_0G1650",1,"2024-08-02","cheiloclinium cognatum",130.270005328814,112.390006877482,10.4,1.3,NA,"AS",NA,NA,NA,NA
8196,"Site1","2024-08-03","Plot1","4","2024-08-02","O10","_0O0221","_0O0221",1,"2024-08-02","chrysophyllum manaosense",284.330039164226,182.510046638548,13.9,1.3,NA,"AS",NA,NA,NA,NA
10781,"Site1","2024-08-03","Plot1","4","2024-08-02","S13","_0S2700","_0S2700",1,"2024-08-02","brosimum lactescens",376.039978725777,257.869952956215,11,1.3,NA,"AS",NA,NA,NA,NA
8790,"Site1","2024-08-03","Plot1","4","2024-08-02","P10","_0P0210","_0P0210",1,"2024-08-02","otoba glycycarpa",303.759960891155,188.410045374185,22.3,1.3,NA,"AS",NA,NA,NA,NA
5559,"Site1","2024-08-03","Plot1","4","2024-08-02","J23","_0J0563","_0J0563",1,"2024-08-02","inga stenoptera",186.089994295558,455.689989613369,52,1.3,NA,"AS",NA,NA,NA,NA
10000,"Site1","2024-08-03","Plot1","4","2024-08-02","R17","_0R0340","_0R0340",1,"2024-08-02","andira multistipula",345.010035573796,331.249995650724,11.9,1.3,NA,"AS",NA,NA,NA,NA
12875,"Site1","2024-08-03","Plot1","4","2024-08-02","W14","_0W2576","_0W2576",1,"2024-08-02","inga pruriens",455.950032321154,269.859962895513,10.5,1.3,NA,"AS",NA,NA,NA,NA
14871,"Site1","2024-08-03","Plot1","4","2024-08-02",NA,"_3F1164","_3F1164",1,"2025-03-19",NA,116.420333786809,304.681957058609,10.3,1.5,NA,"AS",NA,NA,NA,NA
14909,"Site1","2024-08-03","Plot1","4","2024-08-02",NA,"_3R0506","_3R0506",1,"2024-11-21",NA,359.35914043762,230.624400842935,13.3,1.9,NA,"AS",NA,NA,NA,NA
14803,"Site1","2024-08-03","Plot1","4","2024-08-02","V23","_2V0745","_2V0745",1,"2024-08-02",NA,431.449685178057,442.570336528122,11.8,1.8,NA,"AS",NA,NA,NA,NA
289,"Site1","2024-08-03","Plot1","4","2024-08-02","A19","_0A0423","_0A0423",1,"2024-08-02","eschweilera coriacea",1.37999345973367,371.499966282398,10.1540853692629,1.3,NA,"AS",NA,NA,NA,NA
3085,"Site1","2024-08-03","Plot1","4","2024-08-02","F14","_0F0317","_0F0317",1,"2024-08-02","swartzia oraria",100.860043290595,279.790022451431,43.9,1.3,NA,"AS",NA,NA,NA,NA
9032,"Site1","2024-08-03","Plot1","4","2024-08-02","P25","_0P0552","_0P0552",1,"2024-08-02","oxandra riedeliana",312.26000282279,495.23004921712,15,1.3,NA,"AS",NA,NA,NA,NA
4334,"Site1","2024-08-03","Plot1","4","2024-08-02","H20","_0H0440","_0H0440",1,"2024-08-02","aspidosperma rigidum",140.619985668163,397.439976561815,43,1.3,NA,"AS",NA,NA,NA,NA
14818,"Site1","2024-08-03","Plot1","4","2024-08-02","W6","_2W0413","_2W0413",1,"2024-08-02",NA,448.462639172329,101.129689253867,14.8,1.3,NA,"AS",NA,NA,NA,NA
385,"Site1","2024-08-03","Plot1","4","2024-08-02","A25","_0A0571","_0A0571",1,"2024-08-02","zygia latifolia",12.7400213868241,495.989955320954,14.9287336620198,1.8,NA,"AS",NA,NA,NA,NA
3232,"Site1","2024-08-03","Plot1","4","2024-08-02","F23","_0F0538","_0F0538",1,"2024-08-02","carapa guianensis",107.379965986649,444.890048960224,12.8,1.3,NA,"AS",NA,NA,NA,NA
9057,"Site1","2024-08-03","Plot1","4","2024-08-02","P3","_0P1062","_0P1062",1,"2024-08-02","strychnos panurensis",302.430007626361,45.4400377012789,10.1,1.3,NA,"AS",NA,NA,NA,NA
7366,"Site1","2024-08-03","Plot1","4","2024-08-02","M5","_0M1443","_0M1443",1,"2024-08-02","eugenia sp.9",257.980000585259,90.1900387108326,11.1,1.3,NA,"AS",NA,NA,NA,NA
7724,"Site1","2024-08-03","Plot1","4","2024-08-02","N14","_0N0306","_0N0306",1,"2024-08-02","maytenus amazonica",269.170017203607,273.770013516769,14.1,1.3,NA,"AS",NA,NA,NA,NA
2268,"Site1","2024-08-03","Plot1","4","2024-08-02","D16","_0D3610","_0D3610",1,"2024-08-02","inga yasuniana",66.2199551649974,317.360008500516,12.1,1.3,NA,"AS",NA,NA,NA,NA
10051,"Site1","2024-08-03","Plot1","4","2024-08-02","R21","_0R0427","_0R0427",1,"2024-08-02","virola sebifera",357.339991018642,419.860001357272,32.8,1.3,NA,"AS",NA,NA,NA,NA
12610,"Site1","2024-08-03","Plot1","4","2024-08-02","W14","_0W0310","_0W0310",1,"2024-08-02","couepia macrophylla",442.930045883986,266.119967216626,20.5,1.3,NA,"AS",NA,NA,NA,NA
10093,"Site1","2024-08-03","Plot1","4","2024-08-02","R24","_0R0481","_0R0481",1,"2024-08-02","guarea kunthiana",342.910028466838,469.269954543561,12.2,1.3,NA,"AS",NA,NA,NA,NA
7645,"Site1","2024-08-03","Plot1","4","2024-08-02","N10","_0N0208","_0N0208",1,"2024-08-02","couepia macrophylla",266.740036077157,191.200023453683,10.1,1.3,NA,"AS",NA,NA,NA,NA
9483,"Site1","2024-08-03","Plot1","4","2024-08-02","Q18","_0Q0360","_0Q0360",1,"2024-08-02","macrolobium angustifolium",323.999963643553,341.569951370358,17.5,1.3,NA,"AS",NA,NA,NA,NA
10507,"Site1","2024-08-03","Plot1","4","2024-08-02","S12","_0S0275","_0S0275",1,"2024-08-02","oxandra major",368.120024133881,224.370034668595,15.3,1.3,NA,"AS",NA,NA,NA,NA
5888,"Site1","2024-08-03","Plot1","4","2024-08-02","K7","_0K0148","_0K0148",1,"2024-08-02","caryodendron orinocense",207.429990244505,123.189986905083,15.3,1.3,NA,"AS",NA,NA,NA,NA
1996,"Site1","2024-08-03","Plot1","4","2024-08-02","D13","_0D0292","_0D0292",1,"2024-08-02","siparuna decipiens",75.7799968054169,247.999989513308,19.4487340458296,1.3,NA,"AS",NA,NA,NA,NA
7617,"Site1","2024-08-03","Plot1","4","2024-08-02","N9","_0N0173","_0N0173",1,"2024-08-02","chrysochlamys weberbaueri",261.209993071505,164.510022688657,13.5,1.3,NA,"AS",NA,NA,NA,NA
4937,"Site1","2024-08-03","Plot1","4","2024-08-02","I20","_0I0460","_0I0460",1,"2024-08-02","theobroma subincanum",161.140008139249,398.979987500235,28.2,1.3,NA,"AS",NA,NA,NA,NA
6212,"Site1","2024-08-03","Plot1","4","2024-08-02","K1","_0K0729","_0K0729",1,"2024-08-02","ampelocera edentula",204.860025364615,15.7600046824664,12.9,1.3,NA,"AS",NA,NA,NA,NA
3798,"Site1","2024-08-03","Plot1","4","2024-08-02","G23","_0G0525","_0G0525",1,"2024-08-02","tetrathylacium macrophyllum",135.160043131385,442.149955773726,18,1.3,NA,"AS",NA,NA,NA,NA
10041,"Site1","2024-08-03","Plot1","4","2024-08-02","R21","_0R0416","_0R0416",1,"2024-08-02","couratari guianensis",343.779977499624,411.20004507713,26,1.3,NA,"AS",NA,NA,NA,NA
14797,"Site1","2024-08-03","Plot1","4","2024-08-02","V19","_2V0639","_2V0639",1,"2024-08-02",NA,429.708178074507,369.8190536201,32,1.3,NA,"AS",NA,NA,NA,NA
5464,"Site1","2024-08-03","Plot1","4","2024-08-02","J16","_0J0416","_0J0416",1,"2024-08-02","iriartea deltoidea",199.269993845606,303.730004940182,28.9,1.3,NA,"AS",NA,NA,NA,NA
8424,"Site1","2024-08-03","Plot1","4","2024-08-02","O23","_0O0559","_0O0559",1,"2024-08-02","otoba glycycarpa",287.009952776658,451.509957300499,12.2,1.3,NA,"AS",NA,NA,NA,NA
1824,"Site1","2024-08-03","Plot1","4","2024-08-02","D2","_0D0038","_0D0038",1,"2024-08-02","pouteria sp.8",71.9999915318913,30.5700081828982,15.4380294799138,1.3,NA,"AS",NA,NA,NA,NA
829,"Site1","2024-08-03","Plot1","4","2024-08-02","B13","_0B0347","_0B0347",1,"2024-08-02","abarema jupunba",22.3799999915645,246.75,55.7678920594001,1.3,NA,"AS",NA,NA,NA,NA
2120,"Site1","2024-08-03","Plot1","4","2024-08-02","D22","_0D0477","_0D0477",1,"2024-08-02","matayba purgans",79.3700178632862,439.479951957241,15.2,1.3,NA,"AS",NA,NA,NA,NA
7616,"Site1","2024-08-03","Plot1","4","2024-08-02","N8","_0N0171","_0N0171",1,"2024-08-02","eschweilera coriacea",273.960031580704,149.120009344071,33.7,2.5,NA,"AS",NA,NA,NA,NA
879,"Site1","2024-08-03","Plot1","4","2024-08-02","B16","_0B0424","_0B0424",1,"2024-08-02","leptobalanus octandrus",25.6399999929708,301.259999999776,13.8783110376133,1.3,NA,"AS",NA,NA,NA,NA
6835,"Site1","2024-08-03","Plot1","4","2024-08-02","L8","_0L1774","_0L1774",1,"2024-08-02","macrolobium angustifolium",221.109999616398,151.199972748756,14.5,1.3,NA,"AS",NA,NA,NA,NA
8660,"Site1","2024-08-03","Plot1","4","2024-08-02","P1","_0P0004","_0P0004",1,"2024-08-02","glycydendron amazonicum",308.089986883278,8.03999109566212,16.8,1.3,NA,"AS",NA,NA,NA,NA
7761,"Site1","2024-08-03","Plot1","4","2024-08-02","N17","_0N0363","_0N0363",1,"2024-08-02","virola pavonis",264.090044136974,335.750035345554,47,4.25,NA,"AS",NA,NA,NA,NA
4103,"Site1","2024-08-03","Plot1","4","2024-08-02","H5","_0H0098","_0H0098",1,"2024-08-02","minquartia guianensis",144.000002795598,83.249993128702,16.5,1.3,NA,"AS",NA,NA,NA,NA
2639,"Site1","2024-08-03","Plot1","4","2024-08-02","E19","_0E0448","_0E0448",1,"2024-08-02","eschweilera coriacea",93.5371777598048,369.935938313603,28.8,1.3,NA,"AS",NA,NA,NA,NA
12395,"Site1","2024-08-03","Plot1","4","2024-08-02","V24","_0V3781","_0V3781",1,"2024-08-02","annona jucunda",431.420002287894,478.510024150833,14.4,1.3,NA,"AS",NA,NA,NA,NA
9637,"Site1","2024-08-03","Plot1","4","2024-08-02","Q2","_0Q1075","_0Q1075",1,"2024-08-02","otoba parvifolia",337.627297993749,30.1110200583935,14.7,1.3,NA,"AS",NA,NA,NA,NA
11395,"Site1","2024-08-03","Plot1","4","2024-08-02","U3","_0U0059","_0U0059",1,"2024-08-02","alseis microcarpa",409.740002146282,48.7099582403898,45.4,1.3,NA,"AS",NA,NA,NA,NA
13318,"Site1","2024-08-03","Plot1","4","2024-08-02","X21","_0X0517","_0X0517",1,"2024-08-02","aptandra tubicina",478.890034566924,418.010035749525,15.4,1.3,NA,"AS",NA,NA,NA,NA
13247,"Site1","2024-08-03","Plot1","4","2024-08-02","X17","_0X0404","_0X0404",1,"2024-08-02","eschweilera coriacea",472.029959633772,328.889998050407,19.3,1.3,NA,"AS",NA,NA,NA,NA
12955,"Site1","2024-08-03","Plot1","4","2024-08-02","W12","_0W4198","_0W4198",1,"2024-08-02",NA,442.41407119768,228.316869450733,14.9,1.3,NA,"AS",NA,NA,NA,NA
4441,"Site1","2024-08-03","Plot1","4","2024-08-02","H25","_0H0592","_0H0592",1,"2024-08-02","guarea trunciflora",147.530006808578,493.129961883649,15.1,1.3,NA,"AS",NA,NA,NA,NA
1343,"Site1","2024-08-03","Plot1","4","2024-08-02","C11","_0C0213","_0C0213",1,"2024-08-02","eschweilera coriacea",48.1599999883329,216.75,30.3031011646969,4.78,NA,"AS",NA,NA,NA,NA
8797,"Site1","2024-08-03","Plot1","4","2024-08-02","P10","_0P0222","_0P0222",1,"2024-08-02","nealchornea yapurensis",312.909977268369,195.730037160218,32.2,2.2,NA,"AS",NA,NA,NA,NA
13805,"Site1","2024-08-03","Plot1","4","2024-08-02","Y15","_0Y0372","_0Y0372",1,"2024-08-02","guarea kunthiana",481.729977550975,291.810012867674,21.57,1.3,NA,"AS",NA,NA,NA,NA
9113,"Site1","2024-08-03","Plot1","4","2024-08-02","P12","_0P2689","_0P2689",1,"2024-08-02","cordia lasseri",314.7599580026,237.479987131432,12.6,1.42,NA,"AS",NA,NA,NA,NA
11982,"Site1","2024-08-03","Plot1","4","2024-08-02","V5","_0V0108","_0V0108",1,"2024-08-02","eschweilera itayensis",438.370034701831,97.6300383508205,39.5,1.8,NA,"AS",NA,NA,NA,NA
2776,"Site1","2024-08-03","Plot1","4","2024-08-02","E7","_0E1637","_0E1637",1,"2024-08-02","virola mollissima",85.1199985268177,127.339969044551,10.7,1.3,NA,"AS",NA,NA,NA,NA
1211,"Site1","2024-08-03","Plot1","4","2024-08-02","C2","_0C0024","_0C0024",1,"2024-08-02","ficus yoponensis",42.7699999954202,27.25,27.2791572459509,1.5,NA,"AS",NA,NA,NA,NA
5562,"Site1","2024-08-03","Plot1","4","2024-08-02","J23","_0J0568","_0J0568",1,"2024-08-02","faramea multiflora",196.850042346749,457.510000674054,12.7,1.3,NA,"AS",NA,NA,NA,NA
7403,"Site1","2024-08-03","Plot1","4","2024-08-02","M11","_0M2330","_0M2330",1,"2024-08-02","iriartea deltoidea",244.799991792941,207.279976421967,24.1,1.3,NA,"AS",NA,NA,NA,NA
7677,"Site1","2024-08-03","Plot1","4","2024-08-02","N12","_0N0248","_0N0248",1,"2024-08-02","aspidosperma desmanthum",261.400025119365,233.14001146704,17.1,1.3,NA,"AS",NA,NA,NA,NA
13371,"Site1","2024-08-03","Plot1","4","2024-08-02","X25","_0X0611","_0X0611",1,"2024-08-02","garcinia madruno",471.339998955256,489.619974816218,19.5,1.3,NA,"AS",NA,NA,NA,NA
7193,"Site1","2024-08-03","Plot1","4","2024-08-02","M16","_0M0359","_0M0359",1,"2024-08-02","euterpe precatoria",247.369960302894,312.750043096021,14.7,1.3,NA,"AS",NA,NA,NA,NA
14299,"Site1","2024-08-03","Plot1","4","2024-08-02","L22","_1L0702","_1L0702",1,"2024-08-02","euterpe precatoria",232.840011090797,423.349964458495,10.6,1.3,NA,"AS",NA,NA,NA,NA
9771,"Site1","2024-08-03","Plot1","4","2024-08-02","Q20","_0Q4070","_0Q4070",1,"2024-08-02","perebea xanthochyma",331.30996530666,396.100046873093,11,2.1,NA,"AS",NA,NA,NA,NA
6643,"Site1","2024-08-03","Plot1","4","2024-08-02","L18","_0L0383","_0L0383",1,"2024-08-02","vochysia sp.1",222.220010388817,340.340005842969,31.5,1.3,NA,"AS",NA,NA,NA,NA
7662,"Site1","2024-08-03","Plot1","4","2024-08-02","N11","_0N0228","_0N0228",1,"2024-08-02","naucleopsis riparia",270.329954678658,210.879991525784,26.8,1.3,NA,"AS",NA,NA,NA,NA
1927,"Site1","2024-08-03","Plot1","4","2024-08-02","D9","_0D0196","_0D0196",1,"2024-08-02","carapa guianensis",64.4400472271955,174.390019064769,15.1515505823484,1.3,NA,"AS",NA,NA,NA,NA
5165,"Site1","2024-08-03","Plot1","4","2024-08-02","I17","_0I3593","_0I3593",1,"2024-08-02","chrysochlamys weberbaueri",170.449978017714,320.96995726414,12.3,1.3,NA,"AS",NA,NA,NA,NA
13729,"Site1","2024-08-03","Plot1","4","2024-08-02","Y9","_0Y0240","_0Y0240",1,"2024-08-02","micropholis venulosa",499.039977238339,178.579995037988,13.12,1.3,NA,"AS",NA,NA,NA,NA
2468,"Site1","2024-08-03","Plot1","4","2024-08-02","E9","_0E0193","_0E0193",1,"2024-08-02","nealchornea yapurensis",80.9948637935449,174.358348185197,22.8,1.3,NA,"AS",NA,NA,NA,NA
1862,"Site1","2024-08-03","Plot1","4","2024-08-02","D4","_0D0100","_0D0100",1,"2024-08-02","inga stenoptera",74.5299999937997,62.109999999404,19.9580298637237,1.3,NA,"AS",NA,NA,NA,NA
3952,"Site1","2024-08-03","Plot1","4","2024-08-02","G15","_0G3133","_0G3133",1,"2024-08-02","caraipa grandifolia",129.440005380078,289.749968862161,11,1.3,NA,"AS",NA,NA,NA,NA
5720,"Site1","2024-08-03","Plot1","4","2024-08-02","J17","_0J3610","_0J3610",1,"2024-08-02","duguetia riparia",192.370015270426,335.820037271827,12.3,1.3,NA,"AS",NA,NA,NA,NA
9,"Site1","2024-08-03","Plot1","4","2024-08-02","A1","_0A0013","_0A0013",1,"2024-08-02","apeiba membranacea",13.7099802492303,14.329983484,29.9529602898947,1.3,NA,"AS",NA,NA,NA,NA
10065,"Site1","2024-08-03","Plot1","4","2024-08-02","R22","_0R0442","_0R0442",1,"2024-08-02","maquira calophylla",343.189992621657,434.600005837157,14.8,1.3,NA,"AS",NA,NA,NA,NA
7274,"Site1","2024-08-03","Plot1","4","2024-08-02","M22","_0M0476","_0M0476",1,"2024-08-02","virola pavonis",249.330049865821,424.789997745305,47.7,3,NA,"AS",NA,NA,NA,NA
13405,"Site1","2024-08-03","Plot1","4","2024-08-02","X7","_0X1261","_0X1261",1,"2024-08-02","tachigali setifera",469.920003521373,121.509980143979,26.4,1.3,NA,"AS",NA,NA,NA,NA
4934,"Site1","2024-08-03","Plot1","4","2024-08-02","I20","_0I0456","_0I0456",1,"2024-08-02","virola pavonis",165.760018439963,384.250006088987,56.5,1.3,NA,"AS",NA,NA,NA,NA
7292,"Site1","2024-08-03","Plot1","4","2024-08-02","M23","_0M0514","_0M0514",1,"2024-08-02","leptobalanus octandrus",259.400018549582,456.749959908426,15.2,1.3,NA,"AS",NA,NA,NA,NA
3286,"Site1","2024-08-03","Plot1","4","2024-08-02","F2","_0F0927","_0F0927",1,"2024-08-02","ampelocera edentula",108.999991217221,32.629968797788,14.1,1.3,NA,"AS",NA,NA,NA,NA
3,"Site1","2024-08-03","Plot1","4","2024-08-02","A1","_0A0003","_0A0003",1,"2024-08-02","chimarrhis glabriflora",0.349973363452591,5.20004813373089,18.0800015352393,1.3,NA,"AS",NA,NA,NA,NA
698,"Site1","2024-08-03","Plot1","4","2024-08-02","B5","_0B0157","_0B0157",1,"2024-08-02","otoba parvifolia",30.5099999881932,85.140000000596,18.5892973531334,1.3,NA,"AS",NA,NA,NA,NA
11552,"Site1","2024-08-03","Plot1","4","2024-08-02","U14","_0U0313","_0U0313",1,"2024-08-02","matayba elegans",408.029977126804,263.429988613352,26.6,1.3,NA,"AS",NA,NA,NA,NA
12152,"Site1","2024-08-03","Plot1","4","2024-08-02","V16","_0V0349","_0V0349",1,"2024-08-02","guarea sp.1",439.329960670962,314.509997688234,15.8,1.3,NA,"AS",NA,NA,NA,NA
5152,"Site1","2024-08-03","Plot1","4","2024-08-02","I16","_0I3381","_0I3381",1,"2024-08-02","otoba glycycarpa",161.929955735512,316.379997877404,11.1,1.3,NA,"AS",NA,NA,NA,NA
5388,"Site1","2024-08-03","Plot1","4","2024-08-02","J13","_0J0305","_0J0305",1,"2024-08-02","pseudolmedia laevis",181.879960500577,242.489999763668,39.7,1.3,NA,"AS",NA,NA,NA,NA
8273,"Site1","2024-08-03","Plot1","4","2024-08-02","O13","_0O0319","_0O0319",1,"2024-08-02","iryanthera macrophylla",294.83996443724,258.459971154109,11.1,1.3,NA,"AS",NA,NA,NA,NA
2234,"Site1","2024-08-03","Plot1","4","2024-08-02","D11","_0D2687","_0D2687",1,"2024-08-02","lindackeria paludosa",76.1100403966266,206.759997708723,10.1540853692629,1.3,NA,"AS",NA,NA,NA,NA
2759,"Site1","2024-08-03","Plot1","4","2024-08-02","E5","_0E1410","_0E1410",1,"2024-08-02","beilschmiedia sp.",95.1599548446829,96.7999904677272,13.2,1.3,NA,"AS",NA,NA,NA,NA
6856,"Site1","2024-08-03","Plot1","4","2024-08-02","L11","_0L2306","_0L2306",1,"2024-08-02","conceveiba martiana",223.619966911094,200.3700406719,17.2,1.3,NA,"AS",NA,NA,NA,NA
4048,"Site1","2024-08-03","Plot1","4","2024-08-02","H2","_0H0030","_0H0030",1,"2024-08-02","virola sebifera",149.159979675896,36.9800068158656,27.8,1.3,NA,"AS",NA,NA,NA,NA
9595,"Site1","2024-08-03","Plot1","4","2024-08-02","Q24","_0Q0522","_0Q0522",1,"2024-08-02","iryanthera juruensis",338.990030261164,477.650009682402,10.6,1.3,NA,"AS",NA,NA,NA,NA
554,"Site1","2024-08-03","Plot1","4","2024-08-02","A21","_0A4332","_0A4332",1,"2024-08-02","dendropanax cuneatus",8.24003340356285,413.50000051409,10.7270431643937,1.3,NA,"AS",NA,NA,NA,NA
3872,"Site1","2024-08-03","Plot1","4","2024-08-02","G4","_0G1248","_0G1248",1,"2024-08-02","chrysochlamys weberbaueri",126.559979210899,71.4699879530817,11,1.3,NA,"AS",NA,NA,NA,NA
13724,"Site1","2024-08-03","Plot1","4","2024-08-02","Y9","_0Y0235","_0Y0235",1,"2024-08-02","carapa guianensis",492.489951890602,172.679978214204,13.3,1.3,NA,"AS",NA,NA,NA,NA
11871,"Site1","2024-08-03","Plot1","4","2024-08-02","U21","_0U3526","_0U3526",1,"2024-08-02","dacryodes sp.1",404.240018098557,404.639969998971,13.7,1.3,NA,"AS",NA,NA,NA,NA
8125,"Site1","2024-08-03","Plot1","4","2024-08-02","O5","_0O0105","_0O0105",1,"2024-08-02","euterpe precatoria",285.479968581407,81.1600382681936,20.3,1.3,NA,"AS",NA,NA,NA,NA
2713,"Site1","2024-08-03","Plot1","4","2024-08-02","E24","_0E0561","_0E0561",1,"2024-08-02","sloanea sp.2",92.0800127571565,470.709989570081,13.6,1.3,NA,"AS",NA,NA,NA,NA
3883,"Site1","2024-08-03","Plot1","4","2024-08-02","G6","_0G1632","_0G1632",1,"2024-08-02","minquartia guianensis",129.259995582514,116.320033334196,11.9,1.3,NA,"AS",NA,NA,NA,NA
11269,"Site1","2024-08-03","Plot1","4","2024-08-02","T10","_0T1980","_0T1980",1,"2024-08-02","eschweilera coriacea",384.869963654724,192.490012491122,13.9,1.3,NA,"AS",NA,NA,NA,NA
2173,"Site1","2024-08-03","Plot1","4","2024-08-02","D1","_0D0739","_0D0739",1,"2024-08-02","inga stenoptera",74.5099999961094,15.6899999994785,10.9816910733408,1.3,NA,"AS",NA,NA,NA,NA
11124,"Site1","2024-08-03","Plot1","4","2024-08-02","T21","_0T0480","_0T0480",1,"2024-08-02","gloeospermum sphaerocarpum",398.790043548914,401.35998291336,10.7,1.3,NA,"AS",NA,NA,NA,NA
6601,"Site1","2024-08-03","Plot1","4","2024-08-02","L14","_0L0318","_0L0318",1,"2024-08-02","theobroma obovatum",238.739954522462,268.540042331442,22.9,1.3,NA,"AS",NA,NA,NA,NA
12950,"Site1","2024-08-03","Plot1","4","2024-08-02","W19","_0W4193","_0W4193",1,"2024-08-02",NA,440.734437156061,373.3749748189,14.9,1.3,NA,"AS",NA,NA,NA,NA
235,"Site1","2024-08-03","Plot1","4","2024-08-02","A15","_0A0347","_0A0347",1,"2024-08-02","calycophyllum megistocaulum",18.8099784820806,286.999970948324,21.9315511580632,1.3,NA,"AS",NA,NA,NA,NA
611,"Site1","2024-08-03","Plot1","4","2024-08-02","B1","_0B0021","_0B0021",1,"2024-08-02","chimarrhis glabriflora",33.2999999955064,15.5,14.8332406961646,1.3,NA,"AS",NA,NA,NA,NA
9462,"Site1","2024-08-03","Plot1","4","2024-08-02","Q16","_0Q0327","_0Q0327",1,"2024-08-02","eschweilera coriacea",337.320016012469,317.160009684041,37.9,2.3,NA,"AS",NA,NA,NA,NA
142,"Site1","2024-08-03","Plot1","4","2024-08-02","A9","_0A0214","_0A0214",1,"2024-08-02","clarisia biflora",0.510018822329585,167.030025202781,16.1383112295182,1.3,NA,"AS",NA,NA,NA,NA
3056,"Site1","2024-08-03","Plot1","4","2024-08-02","F13","_0F0279","_0F0279",1,"2024-08-02","eschweilera itayensis",100.31996303011,241.440000146627,51.1,3.6,NA,"AS",NA,NA,NA,NA
9811,"Site1","2024-08-03","Plot1","4","2024-08-02","R1","_0R0004","_0R0004",1,"2024-08-02","sterculia tessmannii",340.729966369632,9.59003676660359,11.3,1.3,NA,"AS",NA,NA,NA,NA
14827,"Site1","2024-08-03","Plot1","4","2024-08-02","W24","_2W0946","_2W0946",1,"2024-08-02",NA,454.365514384059,474.607244677842,32.6,1.3,NA,"AS",NA,NA,NA,NA
3868,"Site1","2024-08-03","Plot1","4","2024-08-02","G4","_0G1170","_0G1170",1,"2024-08-02","pouteria hispida",126.10999316891,68.5799578502774,10.6,1.3,NA,"AS",NA,NA,NA,NA
9915,"Site1","2024-08-03","Plot1","4","2024-08-02","R8","_0R0171","_0R0171",1,"2024-08-02","endlicheria krukovii",358.160030087747,154.77003018558,18,1,NA,"AS",NA,NA,NA,NA
11348,"Site1","2024-08-03","Plot1","4","2024-08-02","T25","_0T4125","_0T4125",1,"2024-08-02","pourouma bicolor",380.779962479777,487.720004346222,19,1.3,NA,"AS",NA,NA,NA,NA
9022,"Site1","2024-08-03","Plot1","4","2024-08-02","P24","_0P0541","_0P0541",1,"2024-08-02","pouteria sagotiana",315.499970772595,464.269997641444,18,1.3,NA,"AS",NA,NA,NA,NA
5205,"Site1","2024-08-03","Plot1","4","2024-08-02","J1","_0J0002","_0J0002",1,"2024-08-02","aiouea grandifolia",180.799984314537,3.24002568982542,24.3,1.3,NA,"AS",NA,NA,NA,NA
486,"Site1","2024-08-03","Plot1","4","2024-08-02","A11","_0A2508","_0A2508",1,"2024-08-02","guarea gomma",15.7699561833288,217.590037293732,10.3450713009732,1.3,NA,"AS",NA,NA,NA,NA
9221,"Site1","2024-08-03","Plot1","4","2024-08-02","P24","_0P5395","_0P5395",1,"2024-08-02","trichilia quadrijuga",303.780035218981,474.459991564974,13.8,1.3,NA,"AS",NA,NA,NA,NA
1686,"Site1","2024-08-03","Plot1","4","2024-08-02","C13","_0C3097","_0C3097",1,"2024-08-02","cheiloclinium sp.1",55.779999994731,250.779999999329,12.2867616066943,1.3,NA,"AS",NA,NA,NA,NA
6418,"Site1","2024-08-03","Plot1","4","2024-08-02","L1","_0L0009","_0L0009",1,"2024-08-02","brosimum utile",226.750043292006,15.4599590245634,41,1.3,NA,"AS",NA,NA,NA,NA
12744,"Site1","2024-08-03","Plot1","4","2024-08-02","W20","_0W0503","_0W0503",1,"2024-08-02","spondias globosa",454.509056308249,386.590977726504,38.7,1.3,NA,"AS",NA,NA,NA,NA
4551,"Site1","2024-08-03","Plot1","4","2024-08-02","H13","_0H3098","_0H3098",1,"2024-08-02","rhodostemonodaphne kunthiana",150.499977396685,247.969979027286,20.4,1.3,NA,"AS",NA,NA,NA,NA
2902,"Site1","2024-08-03","Plot1","4","2024-08-02","F2","_0F0032","_0F0032",1,"2024-08-02","aspidosperma rigidum",107.519989503839,28.06997368671,12.5,1.3,NA,"AS",NA,NA,NA,NA
6510,"Site1","2024-08-03","Plot1","4","2024-08-02","L9","_0L0186","_0L0186",1,"2024-08-02","siparuna decipiens",220.630023398553,174.859981490299,15.8,1.3,NA,"AS",NA,NA,NA,NA
1792,"Site1","2024-08-03","Plot1","4","2024-08-02","C25","_0C5129","_0C5129",1,"2024-08-02","ampelocera edentula",58.3899695156142,489.780042126775,10.3769022895916,1.3,NA,"AS",NA,NA,NA,NA
26,"Site1","2024-08-03","Plot1","4","2024-08-02","A2","_0A0038","_0A0038",1,"2024-08-02","apeiba tibourbou",7.17996713618049,29.6500123515725,16.8,1.3,NA,"AS",NA,NA,NA,NA
11958,"Site1","2024-08-03","Plot1","4","2024-08-02","V4","_0V0071","_0V0071",1,"2024-08-02","annona dolichophylla",422.579987739504,74.3599615823478,15.4,1.3,NA,"AS",NA,NA,NA,NA
5028,"Site1","2024-08-03","Plot1","4","2024-08-02","I24","_0I0568","_0I0568",1,"2024-08-02","protium nodulosum",163.8864957146,470.347114536911,13,1.3,NA,"AS",NA,NA,NA,NA
6521,"Site1","2024-08-03","Plot1","4","2024-08-02","L9","_0L0197","_0L0197",1,"2024-08-02","pterocarpus rohrii",231.330045499024,179.149983182549,46.8,4.2,NA,"AS",NA,NA,NA,NA
2221,"Site1","2024-08-03","Plot1","4","2024-08-02","D9","_0D2274","_0D2274",1,"2024-08-02","sterculia tessmannii",71.5000366352615,162.579987471923,10.3450713009732,1.3,NA,"AS",NA,NA,NA,NA
13152,"Site1","2024-08-03","Plot1","4","2024-08-02","X13","_0X0282","_0X0282",1,"2024-08-02","iryanthera juruensis",465.429983671638,252.050046389922,12.7,1.3,NA,"AS",NA,NA,NA,NA
4609,"Site1","2024-08-03","Plot1","4","2024-08-02","H23","_0H4684","_0H4684",1,"2024-08-02","eschweilera coriacea",142.949986757769,459.050031002611,12.8,1.3,NA,"AS",NA,NA,NA,NA
11400,"Site1","2024-08-03","Plot1","4","2024-08-02","U3","_0U0066","_0U0066",1,"2024-08-02","pachira insignis",415.010014662344,52.099974129349,32.9,1.3,NA,"AS",NA,NA,NA,NA
510,"Site1","2024-08-03","Plot1","4","2024-08-02","A14","_0A3037","_0A3037",1,"2024-08-02","maquira calophylla",7.47001016599825,261.010038845241,12.5732405042597,1.3,NA,"AS",NA,NA,NA,NA
13208,"Site1","2024-08-03","Plot1","4","2024-08-02","X15","_0X0349","_0X0349",1,"2024-08-02","anaxagorea brevipes",469.869981264521,295.13995933719,11.7,1.3,NA,"AS",NA,NA,NA,NA
2458,"Site1","2024-08-03","Plot1","4","2024-08-02","E8","_0E0175","_0E0175",1,"2024-08-02","astrocaryum ferrugineum",98.4799635529635,158.860048707575,11.4,1.3,NA,"AS",NA,NA,NA,NA
9405,"Site1","2024-08-03","Plot1","4","2024-08-02","Q12","_0Q0251","_0Q0251",1,"2024-08-02","maquira calophylla",323.730035080865,233.279984608293,22.4,1.3,NA,"AS",NA,NA,NA,NA
10919,"Site1","2024-08-03","Plot1","4","2024-08-02","T5","_0T0099","_0T0099",1,"2024-08-02","alchornea latifolia",386.749975654937,81.8100170511752,31.6,1.3,NA,"AS",NA,NA,NA,NA
4990,"Site1","2024-08-03","Plot1","4","2024-08-02","I22","_0I0526","_0I0526",1,"2024-08-02","iryanthera laevis",175.729955691786,421.740041239187,18.5,1.3,NA,"AS",NA,NA,NA,NA
11781,"Site1","2024-08-03","Plot1","4","2024-08-02","U5","_0U1473","_0U1473",1,"2024-08-02","vasivaea podocarpa",419.800019137154,96.0800465457141,10.1,1.3,NA,"AS",NA,NA,NA,NA
2799,"Site1","2024-08-03","Plot1","4","2024-08-02","E11","_0E2413","_0E2413",1,"2024-08-02","sterculia tessmannii",96.0399843662162,210.899959821254,10.3,1.3,NA,"AS",NA,NA,NA,NA
14647,"Site1","2024-08-03","Plot1","4","2024-08-02","P20","_2P0521","_2P0521",1,"2024-08-02",NA,315.864811254141,395.795467428863,19.9,1.62,NA,"AS",NA,NA,NA,NA
13962,"Site1","2024-08-03","Plot1","4","2024-08-02","Y24","_0Y0584","_0Y0584",1,"2024-08-02","chrysophyllum venezuelanum",485.419996990939,477.49996569939,45.5,1.3,NA,"AS",NA,NA,NA,NA
12735,"Site1","2024-08-03","Plot1","4","2024-08-02","W19","_0W0482","_0W0482",1,"2024-08-02","zygia latifolia",453.389987152943,366.629997730255,10.7,1.3,NA,"AS",NA,NA,NA,NA
11537,"Site1","2024-08-03","Plot1","4","2024-08-02","U13","_0U0286","_0U0286",1,"2024-08-02","caraipa grandifolia",407.489977862861,249.519958114251,18.7,1.3,NA,"AS",NA,NA,NA,NA
12669,"Site1","2024-08-03","Plot1","4","2024-08-02","W16","_0W0381","_0W0381",1,"2024-08-02","eschweilera rufifolia",456.309996110853,316.170026097447,17.6,1.3,NA,"AS",NA,NA,NA,NA
7846,"Site1","2024-08-03","Plot1","4","2024-08-02","N22","_0N0479","_0N0479",1,"2024-08-02","eschweilera coriacea",261.83002008457,430.409990679473,16.3,1.3,NA,"AS",NA,NA,NA,NA
13001,"Site1","2024-08-03","Plot1","4","2024-08-02","X4","_0X0065","_0X0065",1,"2024-08-02","iryanthera macrophylla",460.559997808479,72.9899698439986,12.1,1.3,NA,"AS",NA,NA,NA,NA
2736,"Site1","2024-08-03","Plot1","4","2024-08-02","E25","_0E0591","_0E0591",1,"2024-08-02","couroupita subsessilis",96.7900043650297,488.209969993681,53.5,1.3,NA,"AS",NA,NA,NA,NA
12867,"Site1","2024-08-03","Plot1","4","2024-08-02","W11","_0W2142","_0W2142",1,"2024-08-02","euterpe precatoria",452.79997995781,212.149986192584,14.6,1.3,NA,"AS",NA,NA,NA,NA
6650,"Site1","2024-08-03","Plot1","4","2024-08-02","L18","_0L0391","_0L0391",1,"2024-08-02","couepia macrophylla",233.620030874095,350.93997582607,16.1,1.3,NA,"AS",NA,NA,NA,NA
6537,"Site1","2024-08-03","Plot1","4","2024-08-02","L10","_0L0218","_0L0218",1,"2024-08-02","sapindaceae sp.3",237.040018487896,190.229958347976,11.3,1.3,NA,"AS",NA,NA,NA,NA
5657,"Site1","2024-08-03","Plot1","4","2024-08-02","J6","_0J1766","_0J1766",1,"2024-08-02","inga cayennensis",194.950028521824,111.380013547838,10.7,1.3,NA,"AS",NA,NA,NA,NA
8421,"Site1","2024-08-03","Plot1","4","2024-08-02","O23","_0O0554","_0O0554",1,"2024-08-02","hymenopus arachnoideus",283.329961654323,459.769954539835,12.7,1.3,NA,"AS",NA,NA,NA,NA
13655,"Site1","2024-08-03","Plot1","4","2024-08-02","Y6","_0Y0146","_0Y0146",1,"2024-08-02","astrocaryum ferrugineum",490.349998183199,115.600040260702,10.8,1.3,NA,"AS",NA,NA,NA,NA
7960,"Site1","2024-08-03","Plot1","4","2024-08-02","N8","_0N1843","_0N1843",1,"2024-08-02","calliandra trinervia",264.259995279543,152.829969488084,10.7,1.3,NA,"AS",NA,NA,NA,NA
2411,"Site1","2024-08-03","Plot1","4","2024-08-02","E4","_0E0093","_0E0093",1,"2024-08-02","eschweilera bracteosa",93.1200476338854,64.5500373989344,23.5,2.6,NA,"AS",NA,NA,NA,NA
11143,"Site1","2024-08-03","Plot1","4","2024-08-02","T23","_0T0503","_0T0503",1,"2024-08-02","licania triandra",380.880011976056,444.619993606582,11.2,1.3,NA,"AS",NA,NA,NA,NA
2705,"Site1","2024-08-03","Plot1","4","2024-08-02","E24","_0E0551","_0E0551",1,"2024-08-02","sloanea guianensis",88.9499723854242,463.49997812137,25.8,3.7,NA,"AS",NA,NA,NA,NA
6915,"Site1","2024-08-03","Plot1","4","2024-08-02","L20","_0L4109","_0L4109",1,"2024-08-02","naucleopsis sp.3",228.49003557273,380.290010297671,10.8,1.35,NA,"AS",NA,NA,NA,NA
3826,"Site1","2024-08-03","Plot1","4","2024-08-02","G25","_0G0565","_0G0565",1,"2024-08-02","heisteria ovata",139.050013660162,490.61998238042,13.5,1.3,NA,"ABS",NA,NA,NA,NA
3630,"Site1","2024-08-03","Plot1","4","2024-08-02","G13","_0G0287","_0G0287",1,"2024-08-02","iryanthera hostmannii",127.330014263222,254.450036490336,15,1.3,NA,"AS",NA,NA,NA,NA
13219,"Site1","2024-08-03","Plot1","4","2024-08-02","X16","_0X0371","_0X0371",1,"2024-08-02","eschweilera bracteosa",466.289964498719,313.080023244023,28.1,1.3,NA,"AS",NA,NA,NA,NA
11968,"Site1","2024-08-03","Plot1","4","2024-08-02","V4","_0V0085","_0V0085",1,"2024-08-02","mollia gracilis",431.089965253195,63.9399569351226,14.2,1.3,NA,"AS",NA,NA,NA,NA
6025,"Site1","2024-08-03","Plot1","4","2024-08-02","K15","_0K0338","_0K0338",1,"2024-08-02","amaioua corymbosa",219.689977708564,292.179970223457,13.5,1.3,NA,"AS",NA,NA,NA,NA
10879,"Site1","2024-08-03","Plot1","4","2024-08-02","T2","_0T0035","_0T0035",1,"2024-08-02","eschweilera itayensis",398.780041879159,37.6599741373211,33.5,1.3,NA,"AS",NA,NA,NA,NA
3361,"Site1","2024-08-03","Plot1","4","2024-08-02","F15","_0F3325","_0F3325",1,"2024-08-02","aniba panurensis",107.519994957082,288.889998283237,15.7,1.3,NA,"AS",NA,NA,NA,NA
11792,"Site1","2024-08-03","Plot1","4","2024-08-02","U7","_0U1681","_0U1681",1,"2024-08-02","virola loretensis",401.46003250411,121.160017864779,13.8,1.3,NA,"AS",NA,NA,NA,NA
14625,"Site1","2024-08-03","Plot1","4","2024-08-02","O1","_2O0003","_2O0003",1,"2024-08-02",NA,286.078294811537,0.500653592869639,10.8,1.3,NA,"AS",NA,NA,NA,NA
7871,"Site1","2024-08-03","Plot1","4","2024-08-02","N23","_0N0509","_0N0509",1,"2024-08-02","bauhinia brachycalyx",273.789986693009,444.449970748276,16,1.3,NA,"AS",NA,NA,NA,NA
8597,"Site1","2024-08-03","Plot1","4","2024-08-02","O16","_0O3509","_0O3509",1,"2024-08-02","capparidastrum osmanthum",298.759952710476,305.059991585091,11.9,1.3,NA,"AS",NA,NA,NA,NA
10224,"Site1","2024-08-03","Plot1","4","2024-08-02","R10","_0R2304","_0R2304",1,"2024-08-02","virola peruviana",355.400033784274,194.909950964153,14.8,1.3,NA,"AS",NA,NA,NA,NA
12580,"Site1","2024-08-03","Plot1","4","2024-08-02","W12","_0W0265","_0W0265",1,"2024-08-02","dicorynia paraensis",459.089987291314,235.369993433356,68.2,6.5,NA,"AS",NA,NA,NA,NA
3998,"Site1","2024-08-03","Plot1","4","2024-08-02","G22","_0G4299","_0G4299",1,"2024-08-02","protium rubrum",122.670010527654,432.749960286543,12.9,1.3,NA,"AS",NA,NA,NA,NA
3128,"Site1","2024-08-03","Plot1","4","2024-08-02","F17","_0F0385","_0F0385",1,"2024-08-02","eschweilera coriacea",109.439452384773,323.156641496345,34,1.65,NA,"AS",NA,NA,NA,NA
2857,"Site1","2024-08-03","Plot1","4","2024-08-02","E20","_0E4181","_0E4181",1,"2024-08-02","kutchubaea semisericea",99.6400426884647,392.630028842017,12.1,1.3,NA,"AS",NA,NA,NA,NA
11908,"Site1","2024-08-03","Plot1","4","2024-08-02","U11","_0U4455","_0U4455",1,"2024-08-02",NA,413.312516406004,200.206427002326,15,1.3,NA,"AS",NA,NA,NA,NA
6135,"Site1","2024-08-03","Plot1","4","2024-08-02","K22","_0K0494","_0K0494",1,"2024-08-02","salacia sp.1",202.649991711194,431.749952401966,16.6,1.3,NA,"AS",NA,NA,NA,NA
9658,"Site1","2024-08-03","Plot1","4","2024-08-02","Q5","_0Q1546","_0Q1546",1,"2024-08-02","tapura acreana",326.068242905312,89.8702424596995,13.2,1.3,NA,"AS",NA,NA,NA,NA
10878,"Site1","2024-08-03","Plot1","4","2024-08-02","T2","_0T0034","_0T0034",1,"2024-08-02","gustavia hexapetala",398.74998511927,39.7200250122696,32.3,1.3,NA,"AS",NA,NA,NA,NA
4177,"Site1","2024-08-03","Plot1","4","2024-08-02","H10","_0H0211","_0H0211",1,"2024-08-02","tachigali setifera",159.787067381258,189.713132860139,19.7,1.3,NA,"AS",NA,NA,NA,NA
5066,"Site1","2024-08-03","Plot1","4","2024-08-02","I1","_0I0727","_0I0727",1,"2024-08-02","lindackeria paludosa",167.249955013162,19.4900083728135,13.3,1.3,NA,"AS",NA,NA,NA,NA
4733,"Site1","2024-08-03","Plot1","4","2024-08-02","I6","_0I0147","_0I0147",1,"2024-08-02","theobroma subincanum",177.827283357794,115.612523304299,15.9,1.3,NA,"AS",NA,NA,NA,NA
13154,"Site1","2024-08-03","Plot1","4","2024-08-02","X13","_0X0284","_0X0284",1,"2024-08-02","pseudolmedia laevis",474.08001992217,252.13000524044,14.1,1.3,NA,"AS",NA,NA,NA,NA
10379,"Site1","2024-08-03","Plot1","4","2024-08-02","S3","_0S0063","_0S0063",1,"2024-08-02","theobroma microcarpum",376.639957232575,58.2100304532796,18.8,1.3,NA,"AS",NA,NA,NA,NA
9151,"Site1","2024-08-03","Plot1","4","2024-08-02","P17","_0P3689","_0P3689",1,"2024-08-02","caraipa grandifolia",303.719996101863,322.680002132431,10.3,1.3,NA,"AS",NA,NA,NA,NA
11937,"Site1","2024-08-03","Plot1","4","2024-08-02","V2","_0V0045","_0V0045",1,"2024-08-02","pachira insignis",433.94004423864,26.6499566435814,36.6,1.3,NA,"AS",NA,NA,NA,NA
4422,"Site1","2024-08-03","Plot1","4","2024-08-02","H24","_0H0562","_0H0562",1,"2024-08-02","eschweilera bracteosa",141.729984882637,471.130006400868,17,1.3,NA,"AS",NA,NA,NA,NA
14020,"Site1","2024-08-03","Plot1","4","2024-08-02","Y8","_0Y1511","_0Y1511",1,"2024-08-02","ormosia sp.1",482.290037209284,140.749987045303,10.38,1.3,NA,"AS",NA,NA,NA,NA
14681,"Site1","2024-08-03","Plot1","4","2024-08-02","R16","_2R0681","_2R0681",1,"2024-08-02",NA,354.36550350074,318.342785457149,27.3,1.5,NA,"AS",NA,NA,NA,NA
7531,"Site1","2024-08-03","Plot1","4","2024-08-02","N3","_0N0052","_0N0052",1,"2024-08-02","chrysochlamys weberbaueri",269.849989379698,49.1800417657942,11.8,1.3,NA,"AS",NA,NA,NA,NA
2430,"Site1","2024-08-03","Plot1","4","2024-08-02","E6","_0E0130","_0E0130",1,"2024-08-02","eschweilera bracteosa",91.0299616235425,108.350017135963,37.8,1.3,NA,"AS",NA,NA,NA,NA
7838,"Site1","2024-08-03","Plot1","4","2024-08-02","N21","_0N0468","_0N0468",1,"2024-08-02","siparuna guianensis",277.630033828958,409.629951717332,24.6,1.3,NA,"AS",NA,NA,NA,NA
2093,"Site1","2024-08-03","Plot1","4","2024-08-02","D21","_0D0442","_0D0442",1,"2024-08-02","conceveiba guianensis",62.879957555735,406.249967914075,20.1,1.3,NA,"AS",NA,NA,NA,NA
389,"Site1","2024-08-03","Plot1","4","2024-08-02","A25","_0A0579","_0A0579",1,"2024-08-02","endlicheria sp.7",17.8000161934178,480.110043182969,20.7538045791832,1.6,NA,"AS",NA,NA,NA,NA
2440,"Site1","2024-08-03","Plot1","4","2024-08-02","E7","_0E0149","_0E0149",1,"2024-08-02","cordia panamensis",92.0300413835212,138.479987736791,40.5,2.9,NA,"AS",NA,NA,NA,NA
12118,"Site1","2024-08-03","Plot1","4","2024-08-02","V14","_0V0301","_0V0301",1,"2024-08-02","protium subserratum",436.169975842175,273.589965624735,17.9,1.3,NA,"AS",NA,NA,NA,NA
14518,"Site1","2024-08-03","Plot1","4","2024-08-02","E15","_2E0525","_2E0525",1,"2024-08-02",NA,82.7432578419684,285.475771527737,11.3,1.3,NA,"AS",NA,NA,NA,NA
4005,"Site1","2024-08-03","Plot1","4","2024-08-02","G23","_0G4470","_0G4470",1,"2024-08-02","siparuna decipiens",120.920021680242,454.230047088116,11.3,1.3,NA,"AS",NA,NA,NA,NA
1780,"Site1","2024-08-03","Plot1","4","2024-08-02","C24","_0C4953","_0C4953",1,"2024-08-02","coccoloba sp.1",57.5600473991944,473.519954977557,27.7,1.3,NA,"AS",NA,NA,NA,NA
7377,"Site1","2024-08-03","Plot1","4","2024-08-02","M7","_0M1731","_0M1731",1,"2024-08-02","buchenavia tetraphylla",255.219973835279,133.580038264394,15.8,1.3,NA,"AS",NA,NA,NA,NA
14763,"Site1","2024-08-03","Plot1","4","2024-08-02","U6","_2U0274","_2U0274",1,"2024-08-02",NA,409.108770986844,104.322796061635,13,1.3,NA,"AS",NA,NA,NA,NA
880,"Site1","2024-08-03","Plot1","4","2024-08-02","B16","_0B0425","_0B0425",1,"2024-08-02","sloanea pubescens",25.7299999915995,302.5,35.3323973664008,1.3,NA,"AS",NA,NA,NA,NA
9374,"Site1","2024-08-03","Plot1","4","2024-08-02","Q10","_0Q0207","_0Q0207",1,"2024-08-02","dialium guianense",325.680040357576,193.279975235462,24.1,1.3,NA,"AS",NA,NA,NA,NA
13572,"Site1","2024-08-03","Plot1","4","2024-08-02","Y2","_0Y0035","_0Y0035",1,"2024-08-02","eugenia sp.3",489.289957231085,33.9799551013857,25.78,1.3,NA,"AS",NA,NA,NA,NA
2047,"Site1","2024-08-03","Plot1","4","2024-08-02","D17","_0D0366","_0D0366",1,"2024-08-02","eschweilera coriacea",62.6499687117175,324.679984634742,12.8278884132068,1.3,NA,"AS",NA,NA,NA,NA
12010,"Site1","2024-08-03","Plot1","4","2024-08-02","V7","_0V0142","_0V0142",1,"2024-08-02","eschweilera coriacea",430.760038212233,128.539951331913,20.5,1.3,NA,"AS",NA,NA,NA,NA
3349,"Site1","2024-08-03","Plot1","4","2024-08-02","F14","_0F3078","_0F3078",1,"2024-08-02","pourouma bicolor",109.829987163481,266.250006038696,27.6,1.3,NA,"AS",NA,NA,NA,NA
3864,"Site1","2024-08-03","Plot1","4","2024-08-02","G3","_0G1083","_0G1083",1,"2024-08-02","inga sp.8",128.490030461864,52.7299799975008,15.7,1.3,NA,"AS",NA,NA,NA,NA
13083,"Site1","2024-08-03","Plot1","4","2024-08-02","X8","_0X0169","_0X0169",1,"2024-08-02","guarea pubescens",471.030027353147,152.059959754348,13,1.3,NA,"AS",NA,NA,NA,NA
596,"Site1","2024-08-03","Plot1","4","2024-08-02","B1","_0B0001","_0B0001",1,"2024-08-02","chimarrhis glabriflora",22.3799517928273,5.11996095068753,19.225917125501,1.3,NA,"AS",NA,NA,NA,NA
6474,"Site1","2024-08-03","Plot1","4","2024-08-02","L5","_0L0108","_0L0108",1,"2024-08-02","eschweilera coriacea",220.189950807311,95.8800153657794,27.1,1.3,NA,"AS",NA,NA,NA,NA
13410,"Site1","2024-08-03","Plot1","4","2024-08-02","X7","_0X1377","_0X1377",1,"2024-08-02","virola multinervia",473.379980500962,124.219991046935,10.8,1.3,NA,"AS",NA,NA,NA,NA
7681,"Site1","2024-08-03","Plot1","4","2024-08-02","N12","_0N0252","_0N0252",1,"2024-08-02","otoba glycycarpa",266.160049108148,234.080024689436,32.1,1.3,NA,"AS",NA,NA,NA,NA
9649,"Site1","2024-08-03","Plot1","4","2024-08-02","Q4","_0Q1446","_0Q1446",1,"2024-08-02","eugenia feijoi",329.770042594697,72.4499802552164,10.2,1.3,NA,"AS",NA,NA,NA,NA
5560,"Site1","2024-08-03","Plot1","4","2024-08-02","J23","_0J0564","_0J0564",1,"2024-08-02","anaueria brasiliensis",185.169984469132,453.970035700127,30.9,1.3,NA,"AS",NA,NA,NA,NA
5936,"Site1","2024-08-03","Plot1","4","2024-08-02","K10","_0K0223","_0K0223",1,"2024-08-02","guarea pubescens",205.620016245113,190.570043668151,11.1,1.3,NA,"AS",NA,NA,NA,NA
11703,"Site1","2024-08-03","Plot1","4","2024-08-02","U24","_0U0546","_0U0546",1,"2024-08-02","eschweilera bracteosa",414.240044433333,474.779988436028,21.2,1.3,NA,"AS",NA,NA,NA,NA
12357,"Site1","2024-08-03","Plot1","4","2024-08-02","V16","_0V2968","_0V2968",1,"2024-08-02","inga sp.11",430.579992980987,304.80000170134,10.5,1.3,NA,"AS",NA,NA,NA,NA
11280,"Site1","2024-08-03","Plot1","4","2024-08-02","T11","_0T2107","_0T2107",1,"2024-08-02","pouteria sagotiana",389.220022184018,201.480034876615,11.3,1.3,NA,"AS",NA,NA,NA,NA
11754,"Site1","2024-08-03","Plot1","4","2024-08-02","U3","_0U1054","_0U1054",1,"2024-08-02","euterpe precatoria",402.280024972802,42.6799722053111,15.2,1.3,NA,"AS",NA,NA,NA,NA
3939,"Site1","2024-08-03","Plot1","4","2024-08-02","G13","_0G2818","_0G2818",1,"2024-08-02","guatteria modesta",138.509963516437,251.030041705817,14.4,1.3,NA,"AS",NA,NA,NA,NA
2735,"Site1","2024-08-03","Plot1","4","2024-08-02","E25","_0E0589","_0E0589",1,"2024-08-02","otoba parvifolia",92.2900278010638,488.240032276139,54.75,1.3,NA,"AS",NA,NA,NA,NA
4029,"Site1","2024-08-03","Plot1","4","2024-08-02","H1","_0H0008","_0H0008",1,"2024-08-02","matayba purgans",146.410286786326,2.72414063662291,16.6,1.3,NA,"AS",NA,NA,NA,NA
12024,"Site1","2024-08-03","Plot1","4","2024-08-02","V9","_0V0170","_0V0170",1,"2024-08-02","dendrobangia multinervia",427.319954226201,168.010028202087,19.3,1.3,NA,"AS",NA,NA,NA,NA
14697,"Site1","2024-08-03","Plot1","4","2024-08-02","S9","_2S0430","_2S0430",1,"2024-08-02",NA,367.753564237093,161.094507584348,13.7,1.3,NA,"AS",NA,NA,NA,NA
8089,"Site1","2024-08-03","Plot1","4","2024-08-02","O2","_0O0044","_0O0044",1,"2024-08-02","virola pavonis",294.839968698041,30.2800432872027,40.9,2.6,NA,"AS",NA,NA,NA,NA
10812,"Site1","2024-08-03","Plot1","4","2024-08-02","S17","_0S3205","_0S3205",1,"2024-08-02","caraipa grandifolia",364.360023897316,323.639985714108,11.1,1.3,NA,"AS",NA,NA,NA,NA
2554,"Site1","2024-08-03","Plot1","4","2024-08-02","E13","_0E0302","_0E0302",1,"2024-08-02","euterpe precatoria",93.1000095001073,259.799957770854,18.5,1.3,NA,"AS",NA,NA,NA,NA
6124,"Site1","2024-08-03","Plot1","4","2024-08-02","K21","_0K0478","_0K0478",1,"2024-08-02","astrocaryum ferrugineum",213.420017408615,413.229963323101,14.2,1.3,NA,"AS",NA,NA,NA,NA
11701,"Site1","2024-08-03","Plot1","4","2024-08-02","U24","_0U0544","_0U0544",1,"2024-08-02","astrocaryum ferrugineum",406.950041146192,474.869998212904,13.3,1.3,NA,"AS",NA,NA,NA,NA
13875,"Site1","2024-08-03","Plot1","4","2024-08-02","Y18","_0Y0453","_0Y0453",1,"2024-08-02","pseudolmedia laevis",497.820006620663,345.999997768551,20.1,1.3,NA,"AS",NA,NA,NA,NA
5834,"Site1","2024-08-03","Plot1","4","2024-08-02","K3","_0K0064","_0K0064",1,"2024-08-02","eschweilera coriacea",216.979951099609,46.0999998785555,15.8,1.3,NA,"AS",NA,NA,NA,NA
10396,"Site1","2024-08-03","Plot1","4","2024-08-02","S4","_0S0088","_0S0088",1,"2024-08-02","pachira insignis",370.96995098039,74.0300059523433,39.3,1.3,NA,"AS",NA,NA,NA,NA
13646,"Site1","2024-08-03","Plot1","4","2024-08-02","Y6","_0Y0133","_0Y0133",1,"2024-08-02","casearia ulmifolia",486.000012718549,101.520046085119,19.31,1.3,NA,"AS",NA,NA,NA,NA
5951,"Site1","2024-08-03","Plot1","4","2024-08-02","K11","_0K0245","_0K0245",1,"2024-08-02","iryanthera macrophylla",208.300028023834,202.65996773541,12.9,1.3,NA,"AS",NA,NA,NA,NA
3907,"Site1","2024-08-03","Plot1","4","2024-08-02","G9","_0G2134","_0G2134",1,"2024-08-02","casearia ulmifolia",129.869973593217,175.139990886673,10.8,1.3,NA,"AS",NA,NA,NA,NA
9591,"Site1","2024-08-03","Plot1","4","2024-08-02","Q24","_0Q0517","_0Q0517",1,"2024-08-02","pseudolmedia laevis",328.470010431425,479.580039700493,17.8,1.3,NA,"AS",NA,NA,NA,NA
13601,"Site1","2024-08-03","Plot1","4","2024-08-02","Y4","_0Y0078","_0Y0078",1,"2024-08-02","iriartea deltoidea",491.250036058424,75.5199753660709,25.4,2.5,NA,"AS",NA,NA,NA,NA
14700,"Site1","2024-08-03","Plot1","4","2024-08-02","S10","_2S0546","_2S0546",1,"2024-08-02",NA,375.392245543713,194.745617136359,31.3,2.2,NA,"AS",NA,NA,NA,NA
1601,"Site1","2024-08-03","Plot1","4","2024-08-02","C3","_0C1060","_0C1060",1,"2024-08-02","inga sp.11",48.4099999890896,47.730000000447,11.6819728229451,1.3,NA,"AS",NA,NA,NA,NA
5581,"Site1","2024-08-03","Plot1","4","2024-08-02","J24","_0J0590","_0J0590",1,"2024-08-02","eschweilera itayensis",190.910044714692,474.820028096437,13.8,1.3,NA,"AS",NA,NA,NA,NA
4896,"Site1","2024-08-03","Plot1","4","2024-08-02","I16","_0I0389","_0I0389",1,"2024-08-02","parkia multijuga",176.279999649036,303.890009641647,20.3,1.3,NA,"AS",NA,NA,NA,NA
2445,"Site1","2024-08-03","Plot1","4","2024-08-02","E8","_0E0158","_0E0158",1,"2024-08-02","buchenavia amazonia",85.6500385395484,147.450004545972,17.4,1.3,NA,"AS",NA,NA,NA,NA
10046,"Site1","2024-08-03","Plot1","4","2024-08-02","R21","_0R0422","_0R0422",1,"2024-08-02","iryanthera hostmannii",352.139967809431,417.029996540397,10.3,1.3,NA,"AS",NA,NA,NA,NA
13807,"Site1","2024-08-03","Plot1","4","2024-08-02","Y15","_0Y0374","_0Y0374",1,"2024-08-02","ruptiliocarpon caracolito",482.120019147813,297.219981102273,24.88,1.3,NA,"AS",NA,NA,NA,NA
6611,"Site1","2024-08-03","Plot1","4","2024-08-02","L15","_0L0339","_0L0339",1,"2024-08-02","guarea pubescens",233.109972439997,288.409955902025,38.5,1.3,NA,"AS",NA,NA,NA,NA
3475,"Site1","2024-08-03","Plot1","4","2024-08-02","G4","_0G0062","_0G0062",1,"2024-08-02","eschweilera coriacea",124.519965576648,62.6500355359167,23.5,1.3,NA,"AS",NA,NA,NA,NA
4021,"Site1","2024-08-03","Plot1","4","2024-08-02","G6","_0G4979","_0G4979",1,"2024-08-02",NA,135.34378598223,111.020260967314,21,1.3,NA,"AS",NA,NA,NA,NA
14303,"Site1","2024-08-03","Plot1","4","2024-08-02","M5","_1M0311","_1M0311",1,"2024-08-02","euterpe precatoria",245.180030515941,99.7000463772565,18.5,1.3,NA,"AS",NA,NA,NA,NA
12670,"Site1","2024-08-03","Plot1","4","2024-08-02","W16","_0W0382","_0W0382",1,"2024-08-02","virola peruviana",458.500005968555,316.470039471984,15.6,1.3,NA,"AS",NA,NA,NA,NA
4144,"Site1","2024-08-03","Plot1","4","2024-08-02","H8","_0H0164","_0H0164",1,"2024-08-02","tovomita krukovii",150.640018368023,157.139961874112,19.6,1.3,NA,"AS",NA,NA,NA,NA
8871,"Site1","2024-08-03","Plot1","4","2024-08-02","P15","_0P0323","_0P0323",1,"2024-08-02","eschweilera coriacea",302.210043889529,297.710009401664,61,3.3,NA,"ABS",NA,NA,NA,NA
7490,"Site1","2024-08-03","Plot1","4","2024-08-02","M24","_0M5074","_0M5074",1,"2024-08-02",NA,244.679727976327,460.337226636708,11,1.3,NA,"AS",NA,NA,NA,NA
4952,"Site1","2024-08-03","Plot1","4","2024-08-02","I21","_0I0478","_0I0478",1,"2024-08-02","eschweilera itayensis",167.779986686597,415.720002587885,15,1.3,NA,"AS",NA,NA,NA,NA
3712,"Site1","2024-08-03","Plot1","4","2024-08-02","G18","_0G0404","_0G0404",1,"2024-08-02","iriartea deltoidea",124.30004498479,351.280019329861,26,1.3,NA,"AS",NA,NA,NA,NA
6247,"Site1","2024-08-03","Plot1","4","2024-08-02","K4","_0K1409","_0K1409",1,"2024-08-02","warszewiczia coccinea",205.170008899993,70.1799862831831,12.6,1.35,NA,"AS",NA,NA,NA,NA
3591,"Site1","2024-08-03","Plot1","4","2024-08-02","G11","_0G0232","_0G0232",1,"2024-08-02","eschweilera coriacea",139.150036888546,214.07997728698,25.9,1.3,NA,"AS",NA,NA,NA,NA
9814,"Site1","2024-08-03","Plot1","4","2024-08-02","R1","_0R0010","_0R0010",1,"2024-08-02","astrocaryum ferrugineum",342.620006748533,15.9900239538401,10.3,1.3,NA,"AS",NA,NA,NA,NA
14319,"Site1","2024-08-03","Plot1","4","2024-08-02","P2","_1P0167","_1P0167",1,"2024-08-02","cecropia sciadophylla",311.444268382213,32.6025394480675,12,1.3,NA,"AS",NA,NA,NA,NA
5012,"Site1","2024-08-03","Plot1","4","2024-08-02","I23","_0I0550","_0I0550",1,"2024-08-02","helicostylis tomentosa",175.780041644932,450.229975203052,18.8,1.3,NA,"AS",NA,NA,NA,NA
2570,"Site1","2024-08-03","Plot1","4","2024-08-02","E14","_0E0334","_0E0334",1,"2024-08-02","euterpe precatoria",94.3899675272405,262.319996714592,18.9,1.3,NA,"AS",NA,NA,NA,NA
14534,"Site1","2024-08-03","Plot1","4","2024-08-02","G3","_2G0062","_2G0062",1,"2024-08-02",NA,130.099592510436,55.4809905160218,13.7,1.3,NA,"AS",NA,NA,NA,NA
4523,"Site1","2024-08-03","Plot1","4","2024-08-02","H10","_0H2347","_0H2347",1,"2024-08-02","warszewiczia coccinea",145.490010337147,188.680028773844,11.9,1.3,NA,"AS",NA,NA,NA,NA
174,"Site1","2024-08-03","Plot1","4","2024-08-02","A11","_0A0265","_0A0265",1,"2024-08-02","lecythis chartacea",14.5200397871085,204.049980875105,34.600284628178,1.3,NA,"AS",NA,NA,NA,NA
14075,"Site1","2024-08-03","Plot1","4","2024-08-02","Y16","_0Y3099","_0Y3099",1,"2024-08-02","anaueria brasiliensis",498.569953041326,306.199973473325,11.22,1.3,NA,"AS",NA,NA,NA,NA
11222,"Site1","2024-08-03","Plot1","4","2024-08-02","T3","_0T0930","_0T0930",1,"2024-08-02","sapindaceae sp.2",382.499965077091,49.4999838676304,10.4,1.3,NA,"AS",NA,NA,NA,NA
7570,"Site1","2024-08-03","Plot1","4","2024-08-02","N5","_0N0107","_0N0107",1,"2024-08-02","pachira insignis",267.789976580767,97.2200416922569,58,2.85,NA,"AS",NA,NA,NA,NA
12048,"Site1","2024-08-03","Plot1","4","2024-08-02","V10","_0V0204","_0V0204",1,"2024-08-02","theobroma microcarpum",432.270039144496,193.85997318849,13,1.3,NA,"AS",NA,NA,NA,NA
888,"Site1","2024-08-03","Plot1","4","2024-08-02","B16","_0B0440","_0B0440",1,"2024-08-02","virola multicostata",30.9999999894062,302.810000000522,15.7245083774793,1.3,NA,"AS",NA,NA,NA,NA
9482,"Site1","2024-08-03","Plot1","4","2024-08-02","Q17","_0Q0359","_0Q0359",1,"2024-08-02","eschweilera itayensis",335.912895262474,322.079971965402,46.5,3.3,NA,"AS",NA,NA,NA,NA
9122,"Site1","2024-08-03","Plot1","4","2024-08-02","P13","_0P2873","_0P2873",1,"2024-08-02","pouteria bangii",311.73002727417,255.82002687268,12.8,1.3,NA,"AS",NA,NA,NA,NA
14017,"Site1","2024-08-03","Plot1","4","2024-08-02","Y6","_0Y1314","_0Y1314",1,"2024-08-02","handroanthus serratifolius",493.83998847194,108.309987740591,10.69,1.3,NA,"AS",NA,NA,NA,NA
4385,"Site1","2024-08-03","Plot1","4","2024-08-02","H22","_0H0508","_0H0508",1,"2024-08-02","guarea ecuadoriensis",155.609953935316,433.889993293211,12.7,1.3,NA,"AS",NA,NA,NA,NA
9790,"Site1","2024-08-03","Plot1","4","2024-08-02","Q24","_0Q5071","_0Q5071",1,"2024-08-02","protium sagotianum",330.500015330093,468.159977834672,11.1,1.3,NA,"AS",NA,NA,NA,NA
6379,"Site1","2024-08-03","Plot1","4","2024-08-02","K22","_0K4725","_0K4725",1,"2024-08-02","bauhinia brachycalyx",209.829975904489,439.060041259974,14.7,1.3,NA,"AS",NA,NA,NA,NA
11822,"Site1","2024-08-03","Plot1","4","2024-08-02","U11","_0U2383","_0U2383",1,"2024-08-02","inga acicularis",413.479966017941,208.210017720237,24.9,1.3,NA,"AS",NA,NA,NA,NA
10180,"Site1","2024-08-03","Plot1","4","2024-08-02","R5","_0R1423","_0R1423",1,"2024-08-02","brosimum lactescens",354.770003293466,95.919993404299,10.1,1.3,NA,"AS",NA,NA,NA,NA
11228,"Site1","2024-08-03","Plot1","4","2024-08-02","T3","_0T1047","_0T1047",1,"2024-08-02","eschweilera coriacea",394.060021180077,59.6600392907858,11.2,1.3,NA,"AS",NA,NA,NA,NA
13354,"Site1","2024-08-03","Plot1","4","2024-08-02","X24","_0X0587","_0X0587",1,"2024-08-02","socratea exorrhiza",474.090003096673,465.790003754199,16,3.85,NA,"AS",NA,NA,NA,NA
5282,"Site1","2024-08-03","Plot1","4","2024-08-02","J6","_0J0139","_0J0139",1,"2024-08-02","eschweilera coriacea",184.399973362859,105.179969666526,18.3,1.3,NA,"AS",NA,NA,NA,NA
10967,"Site1","2024-08-03","Plot1","4","2024-08-02","T8","_0T0188","_0T0188",1,"2024-08-02","crudia glaberrima",392.970005079871,149.000008774921,77.3,1.3,NA,"AS",NA,NA,NA,NA
11101,"Site1","2024-08-03","Plot1","4","2024-08-02","T21","_0T0452","_0T0452",1,"2024-08-02","otoba glycycarpa",380.639963745081,408.3999578394,66.4,1.3,NA,"AS",NA,NA,NA,NA
2414,"Site1","2024-08-03","Plot1","4","2024-08-02","E4","_0E0096","_0E0096",1,"2024-08-02","virola calophylla",96.0095617889892,62.8439102731645,21.8,1.3,NA,"AS",NA,NA,NA,NA
5501,"Site1","2024-08-03","Plot1","4","2024-08-02","J19","_0J0483","_0J0483",1,"2024-08-02","drypetes ampelocerifolia",198.619983684912,375.560022482648,16.6,1.3,NA,"AS",NA,NA,NA,NA
9513,"Site1","2024-08-03","Plot1","4","2024-08-02","Q20","_0Q0409","_0Q0409",1,"2024-08-02","hymenopus arachnoideus",320.710017128091,382.459964098409,21.4,1.3,NA,"AS",NA,NA,NA,NA
1679,"Site1","2024-08-03","Plot1","4","2024-08-02","C12","_0C2840","_0C2840",1,"2024-08-02","otoba parvifolia",45.7499999884167,239.820000000298,21.1039454539853,1.4,NA,"AS",NA,NA,NA,NA
5832,"Site1","2024-08-03","Plot1","4","2024-08-02","K3","_0K0060","_0K0060",1,"2024-08-02","sterculia peruviana",216.660028427781,54.8499853741378,17.4,1.3,NA,"AS",NA,NA,NA,NA
8313,"Site1","2024-08-03","Plot1","4","2024-08-02","O16","_0O0390","_0O0390",1,"2024-08-02","aspidosperma excelsum",296.270018624782,319.339994948357,24.2,1.3,NA,"AS",NA,NA,NA,NA
1441,"Site1","2024-08-03","Plot1","4","2024-08-02","C16","_0C0345","_0C0345",1,"2024-08-02","leptobalanus octandrus",53.9999999984284,316,17.9208465921474,1.3,NA,"AS",NA,NA,NA,NA
5107,"Site1","2024-08-03","Plot1","4","2024-08-02","I8","_0I2022","_0I2022",1,"2024-08-02","virola duckei",177.569964493916,151.440002478659,14,1.3,NA,"AS",NA,NA,NA,NA
6026,"Site1","2024-08-03","Plot1","4","2024-08-02","K15","_0K0339","_0K0339",1,"2024-08-02","vochysia sp.1",217.62001160963,291.589960832149,13.7,1.3,NA,"AS",NA,NA,NA,NA
5255,"Site1","2024-08-03","Plot1","4","2024-08-02","J4","_0J0083","_0J0083",1,"2024-08-02","brosimum acutifolium",183.859982448397,68.1899812612683,35.1,2.4,NA,"AS",NA,NA,NA,NA
6227,"Site1","2024-08-03","Plot1","4","2024-08-02","K2","_0K0962","_0K0962",1,"2024-08-02","otoba glycycarpa",201.220010427758,38.849974796176,18.2,1.3,NA,"AS",NA,NA,NA,NA
4182,"Site1","2024-08-03","Plot1","4","2024-08-02","H11","_0H0220","_0H0220",1,"2024-08-02","pourouma bicolor",142.624500491074,219.221356969327,16.8,1.3,NA,"AS",NA,NA,NA,NA
6066,"Site1","2024-08-03","Plot1","4","2024-08-02","K18","_0K0404","_0K0404",1,"2024-08-02","astrocaryum ferrugineum",210.53004283685,353.969997074455,13.5,1.3,NA,"AS",NA,NA,NA,NA
11648,"Site1","2024-08-03","Plot1","4","2024-08-02","U22","_0U0477","_0U0477",1,"2024-08-02","virola pavonis",404.859961783339,422.620002573356,11.1,1.3,NA,"AS",NA,NA,NA,NA
4611,"Site1","2024-08-03","Plot1","4","2024-08-02","H23","_0H4751","_0H4751",1,"2024-08-02","conceveiba guianensis",155.329961623705,451.330016627908,10.3,1.3,NA,"AS",NA,NA,NA,NA
5725,"Site1","2024-08-03","Plot1","4","2024-08-02","J17","_0J3674","_0J3674",1,"2024-08-02","inga capitata",195.570033468772,328.789979575202,19.4,1.3,NA,"AS",NA,NA,NA,NA
13750,"Site1","2024-08-03","Plot1","4","2024-08-02","Y10","_0Y0270","_0Y0270",1,"2024-08-02","leonia glycycarpa",496.049998403527,181.110007040203,14.9,1.3,NA,"AS",NA,NA,NA,NA
7611,"Site1","2024-08-03","Plot1","4","2024-08-02","N8","_0N0166","_0N0166",1,"2024-08-02","caryocar glabrum",274.750040739251,151.250042218715,36.4,1.3,NA,"AS",NA,NA,NA,NA
3184,"Site1","2024-08-03","Plot1","4","2024-08-02","F20","_0F0477","_0F0477",1,"2024-08-02","handroanthus incanus",113.489961891843,385.590033318847,47.9,1.3,NA,"AS",NA,NA,NA,NA
13553,"Site1","2024-08-03","Plot1","4","2024-08-02","X25","_0X5007","_0X5007",1,"2024-08-02",NA,468.664131418744,480.729704182595,15.1,1.3,NA,"AS",NA,NA,NA,NA
11281,"Site1","2024-08-03","Plot1","4","2024-08-02","T11","_0T2112","_0T2112",1,"2024-08-02","miconia dolichorrhyncha",382.836008145066,214.638045607135,11.9,1.3,NA,"AS",NA,NA,NA,NA
6507,"Site1","2024-08-03","Plot1","4","2024-08-02","L9","_0L0182","_0L0182",1,"2024-08-02","otoba glycycarpa",226.149978211906,166.879995856434,40.4,1.3,NA,"AS",NA,NA,NA,NA
5676,"Site1","2024-08-03","Plot1","4","2024-08-02","J9","_0J2171","_0J2171",1,"2024-08-02","virola duckei",188.629958836769,160.879992596805,13.9,1.3,NA,"AS",NA,NA,NA,NA
9730,"Site1","2024-08-03","Plot1","4","2024-08-02","Q16","_0Q3381","_0Q3381",1,"2024-08-02","symphonia globulifera",330.089995176066,308.869960652664,15.6,1.3,NA,"AS",NA,NA,NA,NA
1636,"Site1","2024-08-03","Plot1","4","2024-08-02","C8","_0C2019","_0C2019",1,"2024-08-02","inga sp.9",44.2699999905308,143.25,31.067044891538,2.06,NA,"AS",NA,NA,NA,NA
12330,"Site1","2024-08-03","Plot1","4","2024-08-02","V13","_0V2451","_0V2451",1,"2024-08-02","theobroma microcarpum",425.319982288696,246.360005777329,10.1,1.3,NA,"AS",NA,NA,NA,NA
14367,"Site1","2024-08-03","Plot1","4","2024-08-02","R16","_1R0653","_1R0653",1,"2024-08-02","unidentified",355.079994390602,309.650043509901,21,1.3,NA,"AS",NA,NA,NA,NA
2425,"Site1","2024-08-03","Plot1","4","2024-08-02","E5","_0E0111","_0E0111",1,"2024-08-02","ruptiliocarpon caracolito",96.1700043477467,81.2999984826893,16.4,1.3,NA,"AS",NA,NA,NA,NA
4145,"Site1","2024-08-03","Plot1","4","2024-08-02","H8","_0H0165","_0H0165",1,"2024-08-02","eschweilera rufifolia",151.690031873994,158.849994681776,14.4,1.3,NA,"AS",NA,NA,NA,NA
14487,"Site1","2024-08-03","Plot1","4","2024-08-02","B22","_2B1398","_2B1398",1,"2024-08-02",NA,25.3310156871448,427.813941890374,18.9394382279355,1.3,NA,"AS",NA,NA,NA,NA
2788,"Site1","2024-08-03","Plot1","4","2024-08-02","E8","_0E1805","_0E1805",1,"2024-08-02","apeiba membranacea",84.0600185347139,140.360006915405,19.9,1.3,NA,"AS",NA,NA,NA,NA
11868,"Site1","2024-08-03","Plot1","4","2024-08-02","U20","_0U3497","_0U3497",1,"2024-08-02","gustavia augusta",407.22998102376,391.570012524724,11.8,1.3,NA,"AS",NA,NA,NA,NA
12922,"Site1","2024-08-03","Plot1","4","2024-08-02","W23","_0W3855","_0W3855",1,"2024-08-02","euterpe precatoria",457.700026069826,453.859962789342,19.4,1.3,NA,"AS",NA,NA,NA,NA
12595,"Site1","2024-08-03","Plot1","4","2024-08-02","W13","_0W0284","_0W0284",1,"2024-08-02","sorocea steinbachii",444.28997123969,252.96003770642,13.95,1.3,NA,"AS",NA,NA,NA,NA
4009,"Site1","2024-08-03","Plot1","4","2024-08-02","G24","_0G4620","_0G4620",1,"2024-08-02","matisia bracteolosa",120.590002274548,467.890003331006,13.5,1.3,NA,"AS",NA,NA,NA,NA
10999,"Site1","2024-08-03","Plot1","4","2024-08-02","T11","_0T0249","_0T0249",1,"2024-08-02","astrocaryum ferrugineum",391.350033155817,216.099966721609,15,1.44,NA,"AS",NA,NA,NA,NA
682,"Site1","2024-08-03","Plot1","4","2024-08-02","B5","_0B0135","_0B0135",1,"2024-08-02","iryanthera laevis",26.0399999977672,87.0399999991059,19.0985931710274,1.3,NA,"AS",NA,NA,NA,NA
6848,"Site1","2024-08-03","Plot1","4","2024-08-02","L10","_0L2079","_0L2079",1,"2024-08-02","anaueria brasiliensis",226.210022941639,189.460011389107,12,1.3,NA,"AS",NA,NA,NA,NA
3264,"Site1","2024-08-03","Plot1","4","2024-08-02","F25","_0F0589","_0F0589",1,"2024-08-02","socratea exorrhiza",106.269987700798,489.809991553426,18.3,4.1,NA,"AS",NA,NA,NA,NA
10565,"Site1","2024-08-03","Plot1","4","2024-08-02","S20","_0S0422","_0S0422",1,"2024-08-02","iryanthera juruensis",375.979963562859,393.999960852787,12,1.3,NA,"AS",NA,NA,NA,NA
10177,"Site1","2024-08-03","Plot1","4","2024-08-02","R5","_0R1378","_0R1378",1,"2024-08-02","eugenia florida",346.729961539444,98.4799541030079,14,1.3,NA,"AS",NA,NA,NA,NA
580,"Site1","2024-08-03","Plot1","4","2024-08-02","A25","_0A4905","_0A4905",1,"2024-08-02","inga auristellae",15.1799765505129,496.680009873584,13.8783110376133,1.3,NA,"AS",NA,NA,NA,NA
3677,"Site1","2024-08-03","Plot1","4","2024-08-02","G16","_0G0362","_0G0362",1,"2024-08-02","pachira insignis",139.809970920905,318.469967162237,36.8,1.6,NA,"AS",NA,NA,NA,NA
12038,"Site1","2024-08-03","Plot1","4","2024-08-02","V10","_0V0192","_0V0192",1,"2024-08-02","micropholis venulosa",422.219957745925,185.980048341677,13,1.3,NA,"AS",NA,NA,NA,NA
7770,"Site1","2024-08-03","Plot1","4","2024-08-02","N17","_0N0373","_0N0373",1,"2024-08-02","mollia gracilis",272.089989650878,326.940035298467,27,1.3,NA,"AS",NA,NA,NA,NA
3331,"Site1","2024-08-03","Plot1","4","2024-08-02","F10","_0F2452","_0F2452",1,"2024-08-02","eriotheca macrophylla",110.27001275646,193.450041338801,10.3,1.3,NA,"AS",NA,NA,NA,NA
6196,"Site1","2024-08-03","Plot1","4","2024-08-02","K10","_0K0581","_0K0581",1,"2024-08-02","ocotea longifolia",208.63000208739,196.100003581494,12.1,1.3,NA,"AS",NA,NA,NA,NA
4028,"Site1","2024-08-03","Plot1","4","2024-08-02","H1","_0H0007","_0H0007",1,"2024-08-02","nealchornea yapurensis",146.309177820745,1.26186702772975,23.5,1.3,NA,"AS",NA,NA,NA,NA
7493,"Site1","2024-08-03","Plot1","4","2024-08-02","N1","_0N0003","_0N0003",1,"2024-08-02","virola calophylla",266.297739859147,9.82727826945484,10.5,1.3,NA,"AS",NA,NA,NA,NA
2024,"Site1","2024-08-03","Plot1","4","2024-08-02","D15","_0D0327","_0D0327",1,"2024-08-02","conceveiba guianensis",67.4899894264527,299.550029264763,24.4461992589151,1.3,NA,"AS",NA,NA,NA,NA
10578,"Site1","2024-08-03","Plot1","4","2024-08-02","S21","_0S0442","_0S0442",1,"2024-08-02","eschweilera rufifolia",367.720027991629,415.889979099855,12.7,1.3,NA,"AS",NA,NA,NA,NA
9741,"Site1","2024-08-03","Plot1","4","2024-08-02","Q17","_0Q3541","_0Q3541",1,"2024-08-02","trichilia quadrijuga",336.969992930477,337.949991941452,10.3,1.3,NA,"AS",NA,NA,NA,NA
13347,"Site1","2024-08-03","Plot1","4","2024-08-02","X23","_0X0565","_0X0565",1,"2024-08-02","spondias globosa",475.439972105145,455.880036743358,16.7,1.3,NA,"AS",NA,NA,NA,NA
13408,"Site1","2024-08-03","Plot1","4","2024-08-02","X7","_0X1342","_0X1342",1,"2024-08-02","virola duckei",473.310012975708,138.610040262341,12.1,1.3,NA,"AS",NA,NA,NA,NA
1955,"Site1","2024-08-03","Plot1","4","2024-08-02","D11","_0D0234","_0D0234",1,"2024-08-02","eschweilera coriacea",62.1199952116585,217.719978708774,12.2230996294576,1.3,NA,"AS",NA,NA,NA,NA
11865,"Site1","2024-08-03","Plot1","4","2024-08-02","U19","_0U3396","_0U3396",1,"2024-08-02","macrolobium angustifolium",404.160029097984,374.249973876402,11.2,1.3,NA,"AS",NA,NA,NA,NA
3785,"Site1","2024-08-03","Plot1","4","2024-08-02","G23","_0G0507","_0G0507",1,"2024-08-02","theobroma obovatum",126.960038072721,440.359955986962,27,1.3,NA,"AS",NA,NA,NA,NA
14342,"Site1","2024-08-03","Plot1","4","2024-08-02","Q7","_1Q0300","_1Q0300",1,"2024-08-02","euterpe precatoria",331.839977312542,134.549951022491,15.2,1.3,NA,"AS",NA,NA,NA,NA
1352,"Site1","2024-08-03","Plot1","4","2024-08-02","C11","_0C0225","_0C0225",1,"2024-08-02","astrocaryum ferrugineum",56.5399999896181,202.11999999918,12.1912686408392,1.3,NA,"AS",NA,NA,NA,NA
9141,"Site1","2024-08-03","Plot1","4","2024-08-02","P15","_0P3316","_0P3316",1,"2024-08-02","sterculia peruviana",310.123048821522,293.689113669097,11.2,1.3,NA,"AS",NA,NA,NA,NA
2382,"Site1","2024-08-03","Plot1","4","2024-08-02","E3","_0E0058","_0E0058",1,"2024-08-02","sterculia apeibophylla",85.2899853704148,51.3000169731677,12.8,1.3,NA,"AS",NA,NA,NA,NA
3688,"Site1","2024-08-03","Plot1","4","2024-08-02","G17","_0G0376","_0G0376",1,"2024-08-02","iryanthera hostmannii",128.28999037313,325.100029552355,14.2,1.3,NA,"AS",NA,NA,NA,NA
14882,"Site1","2024-08-03","Plot1","4","2024-08-02",NA,"_3L0149","_3L0149",1,"2025-02-06",NA,237.816176991852,115.457488311455,48.5,1.3,NA,"AS",NA,NA,NA,"arbol viejo con pintura... parecía muerto pero tiene rebrote. no placa"
5520,"Site1","2024-08-03","Plot1","4","2024-08-02","J21","_0J0512","_0J0512",1,"2024-08-02","iryanthera juruensis",185.980041592324,414.689995044842,14.8,1.3,NA,"AS",NA,NA,NA,NA
14125,"Site1","2024-08-03","Plot1","4","2024-08-02","Y24","_0Y4554","_0Y4554",1,"2024-08-02","esenbeckia amazonica",494.099967500952,463.890003876761,10.45,1.3,NA,"AS",NA,NA,NA,NA
6729,"Site1","2024-08-03","Plot1","4","2024-08-02","L24","_0L0525","_0L0525",1,"2024-08-02","himatanthus articulatus",226.040011922887,465.169989209622,29.9,1.3,NA,"AS",NA,NA,NA,NA
2384,"Site1","2024-08-03","Plot1","4","2024-08-02","E3","_0E0060","_0E0060",1,"2024-08-02","guarea trunciflora",93.3800331655657,52.3299618177116,12.8,1.3,NA,"AS",NA,NA,NA,NA
11233,"Site1","2024-08-03","Plot1","4","2024-08-02","T5","_0T1227","_0T1227",1,"2024-08-02","terminalia dichotoma",383.01003322989,83.9499549437314,11,1.3,NA,"AS",NA,NA,NA,NA
6734,"Site1","2024-08-03","Plot1","4","2024-08-02","L24","_0L0533","_0L0533",1,"2024-08-02","matisia malacocalyx",223.610017876781,470.749957131222,16.6,1.3,NA,"AS",NA,NA,NA,NA
6595,"Site1","2024-08-03","Plot1","4","2024-08-02","L14","_0L0307","_0L0307",1,"2024-08-02","otoba glycycarpa",229.77001217159,274.069969665259,22.1,1.3,NA,"AS",NA,NA,NA,NA
615,"Site1","2024-08-03","Plot1","4","2024-08-02","B1","_0B0032","_0B0032",1,"2024-08-02","chimarrhis glabriflora",37.5779895259184,6.13667667470872,28.297748881739,1.3,NA,"AS",NA,NA,NA,NA
72,"Site1","2024-08-03","Plot1","4","2024-08-02","A4","_0A0111","_0A0111",1,"2024-08-02","perebea mollis",15.5299564239103,61.5199761278927,20.3718327157626,1.3,NA,"AS",NA,NA,NA,NA
5590,"Site1","2024-08-03","Plot1","4","2024-08-02","J24","_0J0603","_0J0603",1,"2024-08-02","sloanea durissima",198.969993161678,461.229981023818,15.2,1.3,NA,"AS",NA,NA,NA,NA
1668,"Site1","2024-08-03","Plot1","4","2024-08-02","C10","_0C2545","_0C2545",1,"2024-08-02","inga capitata",56.7599999913946,180.560000000522,15.0242266278749,1.4,NA,"AS",NA,NA,NA,NA
5129,"Site1","2024-08-03","Plot1","4","2024-08-02","I12","_0I2777","_0I2777",1,"2024-08-02","ampelocera edentula",177.799967060389,239.830001302063,12.3,1.3,NA,"AS",NA,NA,NA,NA
9757,"Site1","2024-08-03","Plot1","4","2024-08-02","Q19","_0Q3778","_0Q3778",1,"2024-08-02","tachigali formicarum",322.150039818778,361.219967702404,17.5,1.3,NA,"AS",NA,NA,NA,NA
5681,"Site1","2024-08-03","Plot1","4","2024-08-02","J9","_0J2287","_0J2287",1,"2024-08-02","guatteria modesta",194.410006973194,165.539952594787,14.1,1.3,NA,"AS",NA,NA,NA,NA
5573,"Site1","2024-08-03","Plot1","4","2024-08-02","J24","_0J0582","_0J0582",1,"2024-08-02","sterculia peruviana",186.119980764051,460.479966884479,14.1,1.45,NA,"AS",NA,NA,NA,NA
6699,"Site1","2024-08-03","Plot1","4","2024-08-02","L21","_0L0478","_0L0478",1,"2024-08-02","micropholis guyanensis",233.160047864134,408.119953533635,34.1,1.3,NA,"AS",NA,NA,NA,NA
13189,"Site1","2024-08-03","Plot1","4","2024-08-02","X14","_0X0327","_0X0327",1,"2024-08-02","scleronema micranthum",474.009978551941,260.239981684834,30.4,1.3,NA,"AS",NA,NA,NA,NA
3659,"Site1","2024-08-03","Plot1","4","2024-08-02","G14","_0G0327","_0G0327",1,"2024-08-02","pseudolmedia laevigata",135.920012598566,267.229966327548,11.8,1.3,NA,"AS",NA,NA,NA,NA
2298,"Site1","2024-08-03","Plot1","4","2024-08-02","D19","_0D4068","_0D4068",1,"2024-08-02","theobroma microcarpum",66.7800149461837,364.249993516132,12.5,1,NA,"AS",NA,NA,NA,NA
2097,"Site1","2024-08-03","Plot1","4","2024-08-02","D21","_0D0446","_0D0446",1,"2024-08-02","erisma laurifolium",60.970047321578,417.729961207137,38.8,3.94,NA,"AS",NA,NA,NA,NA
8109,"Site1","2024-08-03","Plot1","4","2024-08-02","O4","_0O0077","_0O0077",1,"2024-08-02","xylopia calophylla",288.819994658057,68.5900058206171,31.4,1.3,NA,"AS",NA,NA,NA,NA
6029,"Site1","2024-08-03","Plot1","4","2024-08-02","K15","_0K0343","_0K0343",1,"2024-08-02","astrocaryum ferrugineum",215.789996855543,281.810018930584,13.2,1.3,NA,"AS",NA,NA,NA,NA
9614,"Site1","2024-08-03","Plot1","4","2024-08-02","Q18","_0Q0551","_0Q0551",1,"2024-08-02","eschweilera coriacea",325.359997416788,340.460037060082,17.6,1.3,NA,"AS",NA,NA,NA,NA
6358,"Site1","2024-08-03","Plot1","4","2024-08-02","K19","_0K4099","_0K4099",1,"2024-08-02","endlicheria pyriformis",206.316214034043,371.332780281082,11.1,1.3,NA,"AS",NA,NA,NA,NA
14805,"Site1","2024-08-03","Plot1","4","2024-08-02","V24","_2V0785","_2V0785",1,"2024-08-02",NA,431.326470437169,475.206763928756,15.4,4.5,NA,"AS",NA,NA,NA,NA
12816,"Site1","2024-08-03","Plot1","4","2024-08-02","W4","_0W1121","_0W1121",1,"2024-08-02","theobroma microcarpum",443.629967126937,60.5900197494775,11.6,1.3,NA,"AS",NA,NA,NA,NA
6709,"Site1","2024-08-03","Plot1","4","2024-08-02","L22","_0L0497","_0L0497",1,"2024-08-02","myrtaceae sp.15",237.079986289202,421.759968463331,20.5,1.3,NA,"AS",NA,NA,NA,NA
13452,"Site1","2024-08-03","Plot1","4","2024-08-02","X16","_0X3141","_0X3141",1,"2024-08-02","iryanthera juruensis",479.389989185554,307.950047394261,10.2,1.3,NA,"AS",NA,NA,NA,NA
14046,"Site1","2024-08-03","Plot1","4","2024-08-02","Y12","_0Y2199","_0Y2199",1,"2024-08-02","annona duckei",491.269975134463,221.210000613704,10.5,1.3,NA,"AS",NA,NA,NA,NA
7881,"Site1","2024-08-03","Plot1","4","2024-08-02","N24","_0N0522","_0N0522",1,"2024-08-02","endlicheria sp.7",269.129991435446,461.560004150495,15.7,1.3,NA,"AS",NA,NA,NA,NA
12739,"Site1","2024-08-03","Plot1","4","2024-08-02","W20","_0W0493","_0W0493",1,"2024-08-02","platymiscium stipulare",456.808741037443,397.429998315871,13.6,1.3,NA,"AS",NA,NA,NA,NA
12110,"Site1","2024-08-03","Plot1","4","2024-08-02","V14","_0V0288","_0V0288",1,"2024-08-02","euterpe precatoria",425.950037197734,263.289954721928,16,1.3,NA,"AS",NA,NA,NA,NA
6484,"Site1","2024-08-03","Plot1","4","2024-08-02","L6","_0L0125","_0L0125",1,"2024-08-02","astrocaryum ferrugineum",225.119950526452,105.599975289777,12.5,1.3,NA,"AS",NA,NA,NA,NA
9211,"Site1","2024-08-03","Plot1","4","2024-08-02","P22","_0P4822","_0P4822",1,"2024-08-02","trattinnickia sp.",303.579950291954,424.809974601492,19,1.45,NA,"AS",NA,NA,NA,NA
6739,"Site1","2024-08-03","Plot1","4","2024-08-02","L24","_0L0540","_0L0540",1,"2024-08-02","theobroma glaucum",234.300038832123,470.659992113709,20,1.3,NA,"AS",NA,NA,NA,NA
14151,"Site1","2024-08-03","Plot1","4","2024-08-02","Y11","_0Y5206","_0Y5206",1,"2024-08-02",NA,482.960911336355,208.752908118069,11.8,1.3,NA,"AS",NA,NA,NA,NA
11451,"Site1","2024-08-03","Plot1","4","2024-08-02","U8","_0U0160","_0U0160",1,"2024-08-02","pouteria torta",407.270043112629,141.250019116327,16.7,1.3,NA,"AS",NA,NA,NA,NA
14386,"Site1","2024-08-03","Plot1","4","2024-08-02","T13","_1T0256","_1T0256",1,"2024-08-02","socratea exorrhiza",385.680023267225,243.700036495924,140,3,NA,"AS",NA,NA,NA,NA
2102,"Site1","2024-08-03","Plot1","4","2024-08-02","D21","_0D0452","_0D0452",1,"2024-08-02","eschweilera coriacea",77.7300417652004,418.229955872521,33.8,1.3,NA,"AS",NA,NA,NA,NA
6437,"Site1","2024-08-03","Plot1","4","2024-08-02","L2","_0L0040","_0L0040",1,"2024-08-02","theobroma subincanum",226.279966989707,39.0299655348063,13.7,1.3,NA,"AS",NA,NA,NA,NA
9356,"Site1","2024-08-03","Plot1","4","2024-08-02","Q8","_0Q0176","_0Q0176",1,"2024-08-02","gustavia hexapetala",333.752961166494,146.329244596884,14.9,1.3,NA,"AS",NA,NA,NA,NA
9627,"Site1","2024-08-03","Plot1","4","2024-08-02","Q3","_0Q0572","_0Q0572",1,"2024-08-02","osteophloeum platyspermum",327.517391157628,41.7444298118353,25.2,1.3,NA,"AS",NA,NA,NA,NA
10173,"Site1","2024-08-03","Plot1","4","2024-08-02","R5","_0R1340","_0R1340",1,"2024-08-02","mollia gracilis",344.399976935179,88.0499990880489,14.8,1.3,NA,"AS",NA,NA,NA,NA
5312,"Site1","2024-08-03","Plot1","4","2024-08-02","J9","_0J0206","_0J0206",1,"2024-08-02","oxandra xylopioides",194.899988902325,170.74998357147,33.1,1.3,NA,"AS",NA,NA,NA,NA
1521,"Site1","2024-08-03","Plot1","4","2024-08-02","C21","_0C0447","_0C0447",1,"2024-08-02","chrysophyllum venezuelanum",44.8897819583653,406.002852149308,45.8366236104659,1.3,NA,"AS",NA,NA,NA,NA
3514,"Site1","2024-08-03","Plot1","4","2024-08-02","G6","_0G0117","_0G0117",1,"2024-08-02","richeria sp.1",132.967935870052,115.326349271461,21.2,1.3,NA,"AS",NA,NA,NA,NA
8163,"Site1","2024-08-03","Plot1","4","2024-08-02","O7","_0O0161","_0O0161",1,"2024-08-02","himatanthus sucuuba",284.449966262153,135.509993040934,31.8,1.3,NA,"AS",NA,NA,NA,NA
1496,"Site1","2024-08-03","Plot1","4","2024-08-02","C19","_0C0415","_0C0415",1,"2024-08-02","eschweilera coriacea",59.8700331982109,378.459997307509,37.2,5.57,NA,"AS",NA,NA,NA,NA
13475,"Site1","2024-08-03","Plot1","4","2024-08-02","X20","_0X3791","_0X3791",1,"2024-08-02","eschweilera coriacea",464.869967650971,394.03997797519,10.4,1.3,NA,"AS",NA,NA,NA,NA
14044,"Site1","2024-08-03","Plot1","4","2024-08-02","Y12","_0Y2099","_0Y2099",1,"2024-08-02","calliandra trinervia",483.699962297629,233.690018599853,10.12,1.3,NA,"AS",NA,NA,NA,NA
1893,"Site1","2024-08-03","Plot1","4","2024-08-02","D6","_0D0145","_0D0145",1,"2024-08-02","leptobalanus octandrus",72.0199791071354,119.009964615107,14.1011279579419,1.3,NA,"AS",NA,NA,NA,NA
14330,"Site1","2024-08-03","Plot1","4","2024-08-02","P18","_1P1026","_1P1026",1,"2024-08-02","socratea exorrhiza",310.429998836305,350.459989791736,15.8,3.7,NA,"AS",NA,NA,NA,NA
14925,"Site1","2024-08-03","Plot1","4","2024-08-02",NA,"_3S0680","_3S0680",1,"2024-11-27",NA,375.73538112588,355.501318098977,13,1.3,NA,"AS",NA,NA,NA,NA
12671,"Site1","2024-08-03","Plot1","4","2024-08-02","W16","_0W0383","_0W0383",1,"2024-08-02","brosimum guianense",455.389987138973,310.769982876256,22.3,1.3,NA,"AS",NA,NA,NA,NA
13619,"Site1","2024-08-03","Plot1","4","2024-08-02","Y5","_0Y0096","_0Y0096",1,"2024-08-02","siparuna decipiens",484.489976710291,80.199988456443,15.2,1.3,NA,"AS",NA,NA,NA,NA
2592,"Site1","2024-08-03","Plot1","4","2024-08-02","E16","_0E0374","_0E0374",1,"2024-08-02","tachigali setifera",84.8999884905643,312.310022914782,17.6,1.3,NA,"AS",NA,NA,NA,NA
9484,"Site1","2024-08-03","Plot1","4","2024-08-02","Q18","_0Q0362","_0Q0362",1,"2024-08-02","theobroma obovatum",326.400029815792,341.01999313198,24.4,1.3,NA,"AS",NA,NA,NA,NA
3978,"Site1","2024-08-03","Plot1","4","2024-08-02","G18","_0G3562","_0G3562",1,"2024-08-02","inga yacoana",128.739994214557,343.339956413954,14,1.3,NA,"AS",NA,NA,NA,NA
10820,"Site1","2024-08-03","Plot1","4","2024-08-02","S20","_0S3446","_0S3446",1,"2024-08-02","alchorneopsis floribunda",364.939997336536,392.9200391341,17.2,1.3,NA,"AS",NA,NA,NA,NA
1123,"Site1","2024-08-03","Plot1","4","2024-08-02","B16","_0B3800","_0B3800",1,"2024-08-02","nealchornea yapurensis",33.3999999905354,307.660000000149,12.509578527023,1.3,NA,"AS",NA,NA,NA,NA
11510,"Site1","2024-08-03","Plot1","4","2024-08-02","U11","_0U0244","_0U0244",1,"2024-08-02","compsoneura sprucei",417.039984981704,212.979980347678,12.8,1.5,NA,"AS",NA,NA,NA,NA
7368,"Site1","2024-08-03","Plot1","4","2024-08-02","M6","_0M1494","_0M1494",1,"2024-08-02","euterpe precatoria",242.660041844647,100.800028299913,14.5,1.3,NA,"AS",NA,NA,NA,NA
9710,"Site1","2024-08-03","Plot1","4","2024-08-02","Q14","_0Q2961","_0Q2961",1,"2024-08-02","pourouma guianensis",321.350019535108,262.070028373972,13.1,1.6,NA,"AS",NA,NA,NA,NA
10352,"Site1","2024-08-03","Plot1","4","2024-08-02","S2","_0S0029","_0S0029",1,"2024-08-02","ceiba pentandra",369.000023372646,27.5399959608912,91.5,1.3,NA,"AS",NA,NA,NA,NA
14740,"Site1","2024-08-03","Plot1","4","2024-08-02","T15","_2T0747","_2T0747",1,"2024-08-02",NA,390.792643037043,292.209066612646,21.8,1.3,NA,"AS",NA,NA,NA,NA
12297,"Site1","2024-08-03","Plot1","4","2024-08-02","V7","_0V1664","_0V1664",1,"2024-08-02","ficus paraensis",430.979961810168,128.580012850463,10.7,1.3,NA,"AS",NA,NA,NA,NA
418,"Site1","2024-08-03","Plot1","4","2024-08-02","A3","_0A0929","_0A0929",1,"2024-08-02","virola divergens",5.98000656353543,41.3099788017571,11.3636629367613,1.3,NA,"AS",NA,NA,NA,NA
9051,"Site1","2024-08-03","Plot1","4","2024-08-02","P2","_0P0908","_0P0908",1,"2024-08-02","rinorea lindeniana",309.289954965119,27.2200205698609,10.3,1.3,NA,"AS",NA,NA,NA,NA
11859,"Site1","2024-08-03","Plot1","4","2024-08-02","U17","_0U3141","_0U3141",1,"2024-08-02","sorocea steinbachii",404.689977250062,325.360006852075,13.4,1.3,NA,"AS",NA,NA,NA,NA
8719,"Site1","2024-08-03","Plot1","4","2024-08-02","P5","_0P0097","_0P0097",1,"2024-08-02","pourouma bicolor",304.919985811983,91.5199614781886,28.9,2.3,NA,"AS",NA,NA,NA,NA
8175,"Site1","2024-08-03","Plot1","4","2024-08-02","O8","_0O0180","_0O0180",1,"2024-08-02","eschweilera coriacea",288.470029389777,140.46000645496,26.6,2.6,NA,"ABS",NA,NA,NA,NA
2297,"Site1","2024-08-03","Plot1","4","2024-08-02","D19","_0D4067","_0D4067",1,"2024-08-02","endlicheria sp.1",66.2300097469124,364.520027894527,10.5,1.3,NA,"AS",NA,NA,NA,NA
5889,"Site1","2024-08-03","Plot1","4","2024-08-02","K7","_0K0149","_0K0149",1,"2024-08-02","eschweilera coriacea",204.310000833881,138.909958682954,25.2,1.3,NA,"AS",NA,NA,NA,NA
13382,"Site1","2024-08-03","Plot1","4","2024-08-02","X4","_0X0731","_0X0731",1,"2024-08-02","leonia glycycarpa",473.019972557726,74.6199939120561,10.4,1.3,NA,"AS",NA,NA,NA,NA
2364,"Site1","2024-08-03","Plot1","4","2024-08-02","E2","_0E0032","_0E0032",1,"2024-08-02","eschweilera coriacea",84.7300411979668,39.7999899610877,11.9,1.3,NA,"AS",NA,NA,NA,NA
6438,"Site1","2024-08-03","Plot1","4","2024-08-02","L2","_0L0046","_0L0046",1,"2024-08-02","nealchornea yapurensis",239.139977371728,33.8799719642848,16,1.3,NA,"AS",NA,NA,NA,NA
6420,"Site1","2024-08-03","Plot1","4","2024-08-02","L1","_0L0011","_0L0011",1,"2024-08-02","unonopsis floribunda",228.80996756308,19.4199564494193,15,1.3,NA,"AS",NA,NA,NA,NA
9815,"Site1","2024-08-03","Plot1","4","2024-08-02","R1","_0R0011","_0R0011",1,"2024-08-02","seguieria macrophylla",349.179976163374,19.1100049316883,32,1.3,NA,"AS",NA,NA,NA,NA
8891,"Site1","2024-08-03","Plot1","4","2024-08-02","P16","_0P0344","_0P0344",1,"2024-08-02","euterpe precatoria",310.290039204468,317.040013425052,15.9,1.8,NA,"AS",NA,NA,NA,NA
7470,"Site1","2024-08-03","Plot1","4","2024-08-02","M23","_0M4568","_0M4568",1,"2024-08-02","theobroma subincanum",249.33001546067,448.150004552677,10.8,1.3,NA,"AS",NA,NA,NA,NA
1308,"Site1","2024-08-03","Plot1","4","2024-08-02","C8","_0C0156","_0C0156",1,"2024-08-02","pera sp.1",41.9899999883492,154.459999999031,26.0695796784525,1.3,NA,"AS",NA,NA,NA,NA
8816,"Site1","2024-08-03","Plot1","4","2024-08-02","P11","_0P0246","_0P0246",1,"2024-08-02","lecythis chartacea",310.20999563433,218.949959464371,21.2,1.3,NA,"AS",NA,NA,NA,NA
9941,"Site1","2024-08-03","Plot1","4","2024-08-02","R10","_0R0210","_0R0210",1,"2024-08-02","euterpe precatoria",357.399997514032,190.09997446835,16.2,1.3,NA,"AS",NA,NA,NA,NA
7246,"Site1","2024-08-03","Plot1","4","2024-08-02","M20","_0M0441","_0M0441",1,"2024-08-02","sorocea steinbachii",252.16997774347,392.949959212914,14.6,1.3,NA,"AS",NA,NA,NA,NA
2515,"Site1","2024-08-03","Plot1","4","2024-08-02","E11","_0E0256","_0E0256",1,"2024-08-02","micropholis melinoniana",93.9600163183641,216.170041609555,18.8,1.3,NA,"AS",NA,NA,NA,NA
13028,"Site1","2024-08-03","Plot1","4","2024-08-02","X5","_0X0100","_0X0100",1,"2024-08-02","pouteria nudipetala",478.120000720606,83.0399847161025,13.1,1.3,NA,"AS",NA,NA,NA,NA
5968,"Site1","2024-08-03","Plot1","4","2024-08-02","K12","_0K0268","_0K0268",1,"2024-08-02","tachigali poeppigiana",207.409995329857,236.939984915778,22.1,1.3,NA,"AS",NA,NA,NA,NA
46,"Site1","2024-08-03","Plot1","4","2024-08-02","A3","_0A0070","_0A0070",1,"2024-08-02","perebea xanthochyma",9.84999333630549,57.3299872092903,18.7802832848437,1.3,NA,"AS",NA,NA,NA,NA
4977,"Site1","2024-08-03","Plot1","4","2024-08-02","I22","_0I0508","_0I0508",1,"2024-08-02","dendropanax cuneatus",164.869997052301,438.719972919673,13.7,1.3,NA,"AS",NA,NA,NA,NA
2490,"Site1","2024-08-03","Plot1","4","2024-08-02","E10","_0E0221","_0E0221",1,"2024-08-02","eschweilera coriacea",91.8499660312082,194.850033603609,48.3,1.3,NA,"AS",NA,NA,NA,NA
14964,"Site1","2024-08-03","Plot1","4","2024-08-02",NA,"_3Y0411","_3Y0411",1,"2024-09-05",NA,496.116217014438,220.226986592636,22.41,1.3,NA,"AS",NA,NA,NA,NA
14796,"Site1","2024-08-03","Plot1","4","2024-08-02","V18","_2V0616","_2V0616",1,"2024-08-02",NA,428.53375768353,340.382697647437,16.8,1.3,NA,"AS",NA,NA,NA,NA
1007,"Site1","2024-08-03","Plot1","4","2024-08-02","B25","_0B0638","_0B0638",1,"2024-08-02","perebea xanthochyma",37.3599707132671,486.710040746257,11.6819728229451,1.3,NA,"AS",NA,NA,NA,NA
10872,"Site1","2024-08-03","Plot1","4","2024-08-02","T1","_0T0019","_0T0019",1,"2024-08-02","guatteria insculpta",391.579973630433,4.46998195908964,24.4,1.3,NA,"AS",NA,NA,NA,NA
10772,"Site1","2024-08-03","Plot1","4","2024-08-02","S12","_0S2560","_0S2560",1,"2024-08-02","micropholis mensalis",378.32999804354,237.309972250834,10.2,1.3,NA,"AS",NA,NA,NA,NA
11940,"Site1","2024-08-03","Plot1","4","2024-08-02","V3","_0V0049","_0V0049",1,"2024-08-02","andira surinamensis",427.609979451983,49.7000030986965,19,1.3,NA,"AS",NA,NA,NA,NA
772,"Site1","2024-08-03","Plot1","4","2024-08-02","B9","_0B0263","_0B0263",1,"2024-08-02","inga acicularis",27.7399999986519,172.230000000447,19.9580298637237,1.3,NA,"AS",NA,NA,NA,NA
14754,"Site1","2024-08-03","Plot1","4","2024-08-02","T18","_2T0984","_2T0984",1,"2024-08-02",NA,381.470220190473,358.619495917112,16.5,1.3,NA,"AS",NA,NA,NA,NA
5032,"Site1","2024-08-03","Plot1","4","2024-08-02","I24","_0I0573","_0I0573",1,"2024-08-02","eschweilera parvifolia",171.859960391303,472.460044829175,13.2,1.3,NA,"AS",NA,NA,NA,NA
2434,"Site1","2024-08-03","Plot1","4","2024-08-02","E7","_0E0143","_0E0143",1,"2024-08-02","inga stenoptera",88.5799674083246,135.620034849271,33.4,1.3,NA,"AS",NA,NA,NA,NA
11823,"Site1","2024-08-03","Plot1","4","2024-08-02","U12","_0U2425","_0U2425",1,"2024-08-02","theobroma subincanum",401.609996663989,229.239957818761,12.9,1.3,NA,"AS",NA,NA,NA,NA
5305,"Site1","2024-08-03","Plot1","4","2024-08-02","J9","_0J0198","_0J0198",1,"2024-08-02","theobroma obovatum",188.440041743976,163.370007719845,17.2,1.3,NA,"AS",NA,NA,NA,NA
10563,"Site1","2024-08-03","Plot1","4","2024-08-02","S20","_0S0420","_0S0420",1,"2024-08-02","theobroma obovatum",367.999974368315,390.490018261597,22.2,2,NA,"AS",NA,NA,NA,NA
6428,"Site1","2024-08-03","Plot1","4","2024-08-02","L1","_0L0021","_0L0021",1,"2024-08-02","guarea sp.1",230.289985910815,7.38997355289757,11.6,1.3,NA,"AS",NA,NA,NA,NA
1113,"Site1","2024-08-03","Plot1","4","2024-08-02","B14","_0B3332","_0B3332",1,"2024-08-02","eschweilera rufifolia",38.3099999962724,275.11999999918,10.8543671188673,1.3,NA,"AS",NA,NA,NA,NA
10230,"Site1","2024-08-03","Plot1","4","2024-08-02","R11","_0R2455","_0R2455",1,"2024-08-02","rubiaceae sp.10",352.559991507733,212.210002444685,14,1.3,NA,"AS",NA,NA,NA,NA
14663,"Site1","2024-08-03","Plot1","4","2024-08-02","Q19","_2Q0607","_2Q0607",1,"2024-08-02",NA,320.689858413942,363.815451068804,11,1.3,NA,"AS",NA,NA,NA,NA
4725,"Site1","2024-08-03","Plot1","4","2024-08-02","I6","_0I0136","_0I0136",1,"2024-08-02","erisma laurifolium",163.172122520569,111.969283500686,11.5,1.3,NA,"AS",NA,NA,NA,NA
8461,"Site1","2024-08-03","Plot1","4","2024-08-02","O25","_0O0616","_0O0616",1,"2024-08-02","iryanthera juruensis",298.879972279363,499.559969771653,18,1.3,NA,"AS",NA,NA,NA,NA
12046,"Site1","2024-08-03","Plot1","4","2024-08-02","V10","_0V0201","_0V0201",1,"2024-08-02","alseis microcarpa",425.84001073282,198.80001902394,32.6,1.3,NA,"AS",NA,NA,NA,NA
8573,"Site1","2024-08-03","Plot1","4","2024-08-02","O14","_0O3022","_0O3022",1,"2024-08-02","virola peruviana",290.199968970963,272.069967219606,11.4,1.3,NA,"AS",NA,NA,NA,NA
6990,"Site1","2024-08-03","Plot1","4","2024-08-02","M2","_0M0046","_0M0046",1,"2024-08-02","virola duckei",255.709975684586,36.2600050009787,27.5,1.3,NA,"AS",NA,NA,NA,NA
6562,"Site1","2024-08-03","Plot1","4","2024-08-02","L12","_0L0254","_0L0254",1,"2024-08-02","iryanthera juruensis",222.279969421972,229.229987444356,31.5,1.3,NA,"AS",NA,NA,NA,NA
14052,"Site1","2024-08-03","Plot1","4","2024-08-02","Y13","_0Y2338","_0Y2338",1,"2024-08-02","agonandra peruviana",486.189983135439,254.890047295019,13.2,1.3,NA,"AS",NA,NA,NA,NA
6381,"Site1","2024-08-03","Plot1","4","2024-08-02","K22","_0K4738","_0K4738",1,"2024-08-02","iryanthera hostmannii",205.310022272693,433.600000599399,11.3,1.3,NA,"AS",NA,NA,NA,NA
14185,"Site1","2024-08-03","Plot1","4","2024-08-02","D18","_1D0680","_1D0680",1,"2024-08-02","banara nitida",69.550044278265,353.829962205142,11.5,1.3,NA,"AS",NA,NA,NA,NA
7856,"Site1","2024-08-03","Plot1","4","2024-08-02","N22","_0N0491","_0N0491",1,"2024-08-02","dialium guianense",273.650024215633,421.580012409016,14.4,1.3,NA,"AS",NA,NA,NA,NA
8245,"Site1","2024-08-03","Plot1","4","2024-08-02","O12","_0O0286","_0O0286",1,"2024-08-02","maquira calophylla",293.840026041318,230.630009446293,19.2,1.3,NA,"AS",NA,NA,NA,NA
4020,"Site1","2024-08-03","Plot1","4","2024-08-02","G25","_0G4963","_0G4963",1,"2024-08-02","sterculia peruviana",133.199983242026,485.159965230152,10.7,1.3,NA,"AS",NA,NA,NA,NA
185,"Site1","2024-08-03","Plot1","4","2024-08-02","A12","_0A0280","_0A0280",1,"2024-08-02","sterculia tessmannii",16.7699999865727,236.390000000596,12.4140855611678,1.3,NA,"AS",NA,NA,NA,NA
3748,"Site1","2024-08-03","Plot1","4","2024-08-02","G20","_0G0449","_0G0449",1,"2024-08-02","iryanthera hostmannii",130.30997171934,390.599980881438,11.1,1.3,NA,"AS",NA,NA,NA,NA
3797,"Site1","2024-08-03","Plot1","4","2024-08-02","G23","_0G0524","_0G0524",1,"2024-08-02","casearia sylvestris",131.57000623754,447.499990321696,16.5,1.3,NA,"AS",NA,NA,NA,NA
343,"Site1","2024-08-03","Plot1","4","2024-08-02","A22","_0A0497","_0A0497",1,"2024-08-02","pseudolmedia laevis",2.47999669372803,435.209959756583,12.2549306180759,1.3,NA,"AS",NA,NA,NA,NA
5828,"Site1","2024-08-03","Plot1","4","2024-08-02","K3","_0K0055","_0K0055",1,"2024-08-02","xylopia calophylla",205.519956421631,51.9199834112078,25.9,1.3,NA,"AS",NA,NA,NA,NA
563,"Site1","2024-08-03","Plot1","4","2024-08-02","A23","_0A4588","_0A4588",1,"2024-08-02","otoba glycycarpa",2.51001207827358,458.3799582012,19.2577481141193,1.3,NA,"AS",NA,NA,NA,NA
8613,"Site1","2024-08-03","Plot1","4","2024-08-02","O19","_0O3861","_0O3861",1,"2024-08-02","guatteria modesta",283.489973399322,371.790042538196,14,1.3,NA,"AS",NA,NA,NA,NA
13085,"Site1","2024-08-03","Plot1","4","2024-08-02","X8","_0X0172","_0X0172",1,"2024-08-02","otoba glycycarpa",477.680031941796,156.450033912435,37.1,1.3,NA,"AS",NA,NA,NA,NA
3162,"Site1","2024-08-03","Plot1","4","2024-08-02","F19","_0F0448","_0F0448",1,"2024-08-02","iriartea deltoidea",109.869980137388,373.960015133023,26.2,1.3,NA,"AS",NA,NA,NA,NA
11165,"Site1","2024-08-03","Plot1","4","2024-08-02","T24","_0T0534","_0T0534",1,"2024-08-02","brosimum acutifolium",380.890047305205,474.749970730394,40,1.3,NA,"AS",NA,NA,NA,NA
5505,"Site1","2024-08-03","Plot1","4","2024-08-02","J20","_0J0490","_0J0490",1,"2024-08-02","otoba glycycarpa",180.490014799812,391.180023955181,34.7,1.3,NA,"AS",NA,NA,NA,NA
10955,"Site1","2024-08-03","Plot1","4","2024-08-02","T7","_0T0163","_0T0163",1,"2024-08-02","xylopia calophylla",397.680036083388,130.070034267381,17.8,1.3,NA,"AS",NA,NA,NA,NA
11216,"Site1","2024-08-03","Plot1","4","2024-08-02","T2","_0T0861","_0T0861",1,"2024-08-02","zygia latifolia",393.799987977662,32.9499715417624,13,1.3,NA,"AS",NA,NA,NA,NA
9897,"Site1","2024-08-03","Plot1","4","2024-08-02","R7","_0R0140","_0R0140",1,"2024-08-02","pouteria torta",342.470027261239,126.14003133215,22.6,1.3,NA,"AS",NA,NA,NA,NA
6969,"Site1","2024-08-03","Plot1","4","2024-08-02","M1","_0M0020","_0M0020",1,"2024-08-02","virola calophylla",251.910025457328,17.3599763587117,12.1,1.3,NA,"AS",NA,NA,NA,NA
8600,"Site1","2024-08-03","Plot1","4","2024-08-02","O18","_0O3716","_0O3716",1,"2024-08-02","protium nodulosum",283.579970791645,358.719998195767,17,1.3,NA,"AS",NA,NA,NA,NA
12963,"Site1","2024-08-03","Plot1","4","2024-08-02","X1","_0X0012","_0X0012",1,"2024-08-02","taralea oppositifolia",471.170031846676,1.49998593889177,49.1,4.7,NA,"AS",NA,NA,NA,NA
2070,"Site1","2024-08-03","Plot1","4","2024-08-02","D19","_0D0409","_0D0409",1,"2024-08-02","sterculia apeibophylla",62.1499644241412,372.489954048768,63.2,4.4,NA,"AS",NA,NA,NA,NA
3640,"Site1","2024-08-03","Plot1","4","2024-08-02","G14","_0G0302","_0G0302",1,"2024-08-02","tetragastris panamensis",123.809972425457,261.800009490922,14.8,1.3,NA,"AS",NA,NA,NA,NA
1154,"Site1","2024-08-03","Plot1","4","2024-08-02","B21","_0B4714","_0B4714",1,"2024-08-02","siparuna cristata",37.3799739311798,402.300024721771,11.58647985709,1.3,NA,"AS",NA,NA,NA,NA
2208,"Site1","2024-08-03","Plot1","4","2024-08-02","D8","_0D1868","_0D1868",1,"2024-08-02","guarea kunthiana",62.0099805950304,140.969979315996,10.3450713009732,1.3,NA,"AS",NA,NA,NA,NA
13710,"Site1","2024-08-03","Plot1","4","2024-08-02","Y8","_0Y0216","_0Y0216",1,"2024-08-02","siparuna cristata",492.349977033387,159.810014020652,13.3,1.3,NA,"AS",NA,NA,NA,NA
12846,"Site1","2024-08-03","Plot1","4","2024-08-02","W8","_0W1837","_0W1837",1,"2024-08-02","inga capitata",456.480040905124,146.630045793951,11,1.3,NA,"AS",NA,NA,NA,NA
12000,"Site1","2024-08-03","Plot1","4","2024-08-02","V7","_0V0129","_0V0129",1,"2024-08-02","apeiba membranacea",426.810037247429,127.040027456358,20.4,1.3,NA,"AS",NA,NA,NA,NA
5022,"Site1","2024-08-03","Plot1","4","2024-08-02","I23","_0I0562","_0I0562",1,"2024-08-02","eschweilera bracteosa",178.790005700546,444.630048619583,43,1.7,NA,"AS",NA,NA,NA,NA
3492,"Site1","2024-08-03","Plot1","4","2024-08-02","G5","_0G0086","_0G0086",1,"2024-08-02","pouteria torta",121.403929133608,99.3715482931584,17.6,1.3,NA,"AS",NA,NA,NA,NA
680,"Site1","2024-08-03","Plot1","4","2024-08-02","B4","_0B0131","_0B0131",1,"2024-08-02","eschweilera coriacea",39.0200023798388,62.6000147257,20.0535228295788,1.3,NA,"AS",NA,NA,NA,NA
8531,"Site1","2024-08-03","Plot1","4","2024-08-02","O6","_0O1759","_0O1759",1,"2024-08-02","virola loretensis",297.379963675456,109.450018025935,11.4,1.3,NA,"AS",NA,NA,NA,NA
6441,"Site1","2024-08-03","Plot1","4","2024-08-02","L2","_0L0049","_0L0049",1,"2024-08-02","inga stenoptera",233.219964667689,21.9500179085881,18.5,1.3,NA,"AS",NA,NA,NA,NA
12190,"Site1","2024-08-03","Plot1","4","2024-08-02","V18","_0V0406","_0V0406",1,"2024-08-02","micropholis venulosa",439.260020896734,351.769993117079,15.5,1.3,NA,"AS",NA,NA,NA,NA
12462,"Site1","2024-08-03","Plot1","4","2024-08-02","W4","_0W0073","_0W0073",1,"2024-08-02","eschweilera coriacea",448.97999637248,75.5500016771257,32.8,4.3,NA,"AS",NA,NA,NA,NA
2302,"Site1","2024-08-03","Plot1","4","2024-08-02","D19","_0D4124","_0D4124",1,"2024-08-02","crepidospermum prancei",76.7600480958936,376.219952922314,12.4,1.3,NA,"AS",NA,NA,NA,NA
6329,"Site1","2024-08-03","Plot1","4","2024-08-02","K16","_0K3628","_0K3628",1,"2024-08-02","endlicheria klugii",212.629964484542,316.870023749769,11,1.3,NA,"AS",NA,NA,NA,NA
10584,"Site1","2024-08-03","Plot1","4","2024-08-02","S21","_0S0450","_0S0450",1,"2024-08-02","calliandra guildingii",378.610046417743,419.899985622615,13.7,1.3,NA,"AS",NA,NA,NA,NA
9602,"Site1","2024-08-03","Plot1","4","2024-08-02","Q25","_0Q0533","_0Q0533",1,"2024-08-02","virola duckei",324.209954797989,486.839957870543,20.5,1.3,NA,"AS",NA,NA,NA,NA
4160,"Site1","2024-08-03","Plot1","4","2024-08-02","H9","_0H0189","_0H0189",1,"2024-08-02","matayba macrostylis",153.089960800542,162.9799787011,16,1.3,NA,"AS",NA,NA,NA,NA
5323,"Site1","2024-08-03","Plot1","4","2024-08-02","J10","_0J0224","_0J0224",1,"2024-08-02","micropholis guyanensis",183.469982355891,180.529974985868,28.5,1.3,NA,"AS",NA,NA,NA,NA
1654,"Site1","2024-08-03","Plot1","4","2024-08-02","C9","_0C2341","_0C2341",1,"2024-08-02","zanthoxylum sp.1",50.5799999959418,161.129999998957,10.3769022895916,1.3,NA,"AS",NA,NA,NA,NA
11506,"Site1","2024-08-03","Plot1","4","2024-08-02","U11","_0U0240","_0U0240",1,"2024-08-02","iryanthera elliptica",413.860027443734,218.179973009974,13.9,1.3,NA,"AS",NA,NA,NA,NA
2040,"Site1","2024-08-03","Plot1","4","2024-08-02","D16","_0D0358","_0D0358",1,"2024-08-02","astrocaryum ferrugineum",71.2800472505041,300.999986710027,12,1.3,NA,"AS",NA,NA,NA,NA
442,"Site1","2024-08-03","Plot1","4","2024-08-02","A6","_0A1485","_0A1485",1,"2024-08-02","casearia ulmifolia",0.999953954014927,100.800041764975,11.0771840391959,1.3,NA,"AS",NA,NA,NA,NA
2442,"Site1","2024-08-03","Plot1","4","2024-08-02","E7","_0E0154","_0E0154",1,"2024-08-02","trichilia solitudinis",97.0599692812539,126.080006692559,20,1.3,NA,"AS",NA,NA,NA,NA
9573,"Site1","2024-08-03","Plot1","4","2024-08-02","Q23","_0Q0494","_0Q0494",1,"2024-08-02","eschweilera sp.2",326.899969053164,456.92996731028,40.7,1.3,NA,"AS",NA,NA,NA,NA
13787,"Site1","2024-08-03","Plot1","4","2024-08-02","Y13","_0Y0344","_0Y0344",1,"2024-08-02","astrocaryum ferrugineum",496.490018407174,240.200022544712,13.2,1.3,NA,"AS",NA,NA,NA,NA
14426,"Site1","2024-08-03","Plot1","4","2024-08-02","V23","_1V0242","_1V0242",1,"2024-08-02","euterpe precatoria",435.969997911772,456.239956557751,12.7,1.3,NA,"AS",NA,NA,NA,NA
1876,"Site1","2024-08-03","Plot1","4","2024-08-02","D5","_0D0118","_0D0118",1,"2024-08-02","vatairea erythrocarpa",76.0299999943818,95.7099999990314,12.095775674984,1.3,NA,"AS",NA,NA,NA,NA
14224,"Site1","2024-08-03","Plot1","4","2024-08-02","G1","_1G0059","_1G0059",1,"2024-08-02","tachigali setifera",132.649999961548,13.3000237382948,20.4,1.3,NA,"AS",NA,NA,NA,NA
435,"Site1","2024-08-03","Plot1","4","2024-08-02","A5","_0A1273","_0A1273",1,"2024-08-02","ampelocera edentula",0.98997175245313,80.3100303038955,12.5414095156414,1.32,NA,"AS",NA,NA,NA,NA
8952,"Site1","2024-08-03","Plot1","4","2024-08-02","P21","_0P0459","_0P0459",1,"2024-08-02","iryanthera macrophylla",314.069982570887,400.999978246167,13.1,1.3,NA,"AS",NA,NA,NA,NA
11427,"Site1","2024-08-03","Plot1","4","2024-08-02","U6","_0U0119","_0U0119",1,"2024-08-02","brosimum acutifolium",407.709975470731,106.220002194867,13.2,1.3,NA,"AS",NA,NA,NA,NA
10868,"Site1","2024-08-03","Plot1","4","2024-08-02","T1","_0T0010","_0T0010",1,"2024-08-02","astrocaryum ferrugineum",389.249995551363,1.52002005651593,13.7,1.3,NA,"AS",NA,NA,NA,NA
858,"Site1","2024-08-03","Plot1","4","2024-08-02","B14","_0B0393","_0B0393",1,"2024-08-02","eschweilera rufifolia",38.3199999913923,263.490000000224,36.2554960363338,4.2,NA,"AS",NA,NA,NA,NA
8778,"Site1","2024-08-03","Plot1","4","2024-08-02","P8","_0P0183","_0P0183",1,"2024-08-02","xylopia sp.1",312.829987309,140.47998194024,17.6,1.3,NA,"AS",NA,NA,NA,NA
2135,"Site1","2024-08-03","Plot1","4","2024-08-02","D23","_0D0496","_0D0496",1,"2024-08-02","seguieria macrophylla",61.4700448476942,459.399973426014,46.9,4.05,NA,"AS",NA,NA,NA,NA
9454,"Site1","2024-08-03","Plot1","4","2024-08-02","Q15","_0Q0314","_0Q0314",1,"2024-08-02","amaioua corymbosa",332.889974839811,284.599995946512,32.7,1.3,NA,"AS",NA,NA,NA,NA
4893,"Site1","2024-08-03","Plot1","4","2024-08-02","I16","_0I0386","_0I0386",1,"2024-08-02","theobroma subincanum",173.670036875468,305.519950933754,19.5,1.3,NA,"AS",NA,NA,NA,NA
909,"Site1","2024-08-03","Plot1","4","2024-08-02","B18","_0B0472","_0B0472",1,"2024-08-02","pouteria multiflora",21.2899875868461,354.949971895665,24.0323964068762,1.3,NA,"AS",NA,NA,NA,NA
5697,"Site1","2024-08-03","Plot1","4","2024-08-02","J14","_0J3158","_0J3158",1,"2024-08-02","xylopia calophylla",198.020040269068,273.129992168397,17.9,1.3,NA,"AS",NA,NA,NA,NA
7243,"Site1","2024-08-03","Plot1","4","2024-08-02","M20","_0M0434","_0M0434",1,"2024-08-02","otoba glycycarpa",246.349987663969,384.900004303083,22,1.3,NA,"AS",NA,NA,NA,NA
12037,"Site1","2024-08-03","Plot1","4","2024-08-02","V9","_0V0189","_0V0189",1,"2024-08-02","dialium guianense",439.930049609684,167.0800174959,43.9,3.15,NA,"AS",NA,NA,NA,NA
13175,"Site1","2024-08-03","Plot1","4","2024-08-02","X14","_0X0311","_0X0311",1,"2024-08-02","sterculia tessmannii",465.449958498299,278.9399802275,15.7,1.3,NA,"AS",NA,NA,NA,NA
7310,"Site1","2024-08-03","Plot1","4","2024-08-02","M24","_0M0542","_0M0542",1,"2024-08-02","eugenia florida",259.829963046417,464.47003758885,40.4,1.3,NA,"AS",NA,NA,NA,NA
5336,"Site1","2024-08-03","Plot1","4","2024-08-02","J10","_0J0241","_0J0241",1,"2024-08-02","eschweilera coriacea",195.639952447789,191.070024235174,33.7,1.3,NA,"AS",NA,NA,NA,NA
11136,"Site1","2024-08-03","Plot1","4","2024-08-02","T22","_0T0493","_0T0493",1,"2024-08-02","eschweilera coriacea",394.230021527619,436.119969410822,38.7,1.3,NA,"AS",NA,NA,NA,NA
1323,"Site1","2024-08-03","Plot1","4","2024-08-02","C9","_0C0177","_0C0177",1,"2024-08-02","vouarana anomala",48.4899999964982,172.629999998957,28.7115517337779,1.3,NA,"AS",NA,NA,NA,NA
14766,"Site1","2024-08-03","Plot1","4","2024-08-02","U6","_2U0328","_2U0328",1,"2024-08-02",NA,410.422957077797,108.012342376634,10.2,1.3,NA,"AS",NA,NA,NA,NA
13309,"Site1","2024-08-03","Plot1","4","2024-08-02","X21","_0X0502","_0X0502",1,"2024-08-02","licania densiflora",466.379955636163,401.850023388863,29.7,1.3,NA,"AS",NA,NA,NA,NA
3805,"Site1","2024-08-03","Plot1","4","2024-08-02","G24","_0G0537","_0G0537",1,"2024-08-02","faramea anisocalyx",126.0100259764,473.700008247048,14.2,1.3,NA,"AS",NA,NA,NA,NA
14604,"Site1","2024-08-03","Plot1","4","2024-08-02","L8","_2L0385","_2L0385",1,"2024-08-02",NA,223.104583921784,150.264419522136,27.8,4.1,NA,"AS",NA,NA,NA,NA
10259,"Site1","2024-08-03","Plot1","4","2024-08-02","R15","_0R3011","_0R3011",1,"2024-08-02","eschweilera rufifolia",349.449997668562,289.049999570474,12,1.3,NA,"AS",NA,NA,NA,NA
6673,"Site1","2024-08-03","Plot1","4","2024-08-02","L20","_0L0437","_0L0437",1,"2024-08-02","eschweilera coriacea",226.870048014564,387.36004835926,19.9,1.3,NA,"AS",NA,NA,NA,NA
6619,"Site1","2024-08-03","Plot1","4","2024-08-02","L16","_0L0347","_0L0347",1,"2024-08-02","inga acicularis",228.519955671218,303.239957433194,15.6,1.3,NA,"AS",NA,NA,NA,NA
12093,"Site1","2024-08-03","Plot1","4","2024-08-02","V13","_0V0263","_0V0263",1,"2024-08-02","inga acicularis",421.390028755355,240.230041073635,24,1.3,NA,"AS",NA,NA,NA,NA
9594,"Site1","2024-08-03","Plot1","4","2024-08-02","Q24","_0Q0521","_0Q0521",1,"2024-08-02","buchenavia amazonia",336.150011290621,479.209954101592,30.3,1.3,NA,"AS",NA,NA,NA,NA
4280,"Site1","2024-08-03","Plot1","4","2024-08-02","H16","_0H0346","_0H0346",1,"2024-08-02","dendrobangia multinervia",146.200021241268,300.480008926243,43.6,1.6,NA,"AS",NA,NA,NA,NA
4552,"Site1","2024-08-03","Plot1","4","2024-08-02","H13","_0H3121","_0H3121",1,"2024-08-02","guatteria ramiflora",157.780011080846,248.140019746497,19.5,1.3,NA,"AS",NA,NA,NA,NA
798,"Site1","2024-08-03","Plot1","4","2024-08-02","B11","_0B0299","_0B0299",1,"2024-08-02","eschweilera coriacea",24.2499999892898,205.11999999918,27.8521150410817,1.3,NA,"AS",NA,NA,NA,NA
2480,"Site1","2024-08-03","Plot1","4","2024-08-02","E9","_0E0209","_0E0209",1,"2024-08-02","lecythis chartacea",90.9899932862609,162.110045189038,52.3,1.3,NA,"AS",NA,NA,NA,NA
14048,"Site1","2024-08-03","Plot1","4","2024-08-02","Y12","_0Y2226","_0Y2226",1,"2024-08-02","eschweilera coriacea",493.589972711692,225.599976515397,13.32,1.3,NA,"AS",NA,NA,NA,NA
13114,"Site1","2024-08-03","Plot1","4","2024-08-02","X10","_0X0219","_0X0219",1,"2024-08-02","moquilea brittoniana",463.20001750259,192.670003954321,36.7,2.2,NA,"AS",NA,NA,NA,NA
10327,"Site1","2024-08-03","Plot1","4","2024-08-02","R6","_0R5079","_0R5079",1,"2024-08-02",NA,351.671945817303,105.61340354383,10.7,1.3,NA,"AS",NA,NA,NA,NA
3558,"Site1","2024-08-03","Plot1","4","2024-08-02","G9","_0G0186","_0G0186",1,"2024-08-02","protium nodulosum",133.660015796311,179.789997436106,20.9,1.3,NA,"AS",NA,NA,NA,NA
7478,"Site1","2024-08-03","Plot1","4","2024-08-02","M24","_0M4760","_0M4760",1,"2024-08-02","eschweilera gigantea",240.319986242393,460.19001169689,10.8,1.3,NA,"AS",NA,NA,NA,NA
839,"Site1","2024-08-03","Plot1","4","2024-08-02","B14","_0B0364","_0B0364",1,"2024-08-02","inga cylindrica",21.1899999981397,260.070000000298,81.7419787719975,5.3,NA,"AS",NA,NA,NA,NA
1244,"Site1","2024-08-03","Plot1","4","2024-08-02","C4","_0C0080","_0C0080",1,"2024-08-02","eschweilera coriacea",44.2100096938084,75.9600284360349,12.9870433562987,3.4,NA,"AS",NA,NA,NA,NA
671,"Site1","2024-08-03","Plot1","4","2024-08-02","B4","_0B0118","_0B0118",1,"2024-08-02","iriartea deltoidea",32.3300112026627,73.4800220914185,22.4090159873389,2.26,NA,"AS",NA,NA,NA,NA
8432,"Site1","2024-08-03","Plot1","4","2024-08-02","O23","_0O0570","_0O0570",1,"2024-08-02","hymenopus heteromorphus",294.160033676366,449.550020050257,16.5,3.5,NA,"AS",NA,NA,NA,NA
10493,"Site1","2024-08-03","Plot1","4","2024-08-02","S11","_0S0249","_0S0249",1,"2024-08-02","virola divergens",368.879976342374,204.470006726682,14.4,1.3,NA,"AS",NA,NA,NA,NA
12622,"Site1","2024-08-03","Plot1","4","2024-08-02","W14","_0W0324","_0W0324",1,"2024-08-02","siparuna cristata",451.519961822487,271.759967556223,10.2,1.3,NA,"AS",NA,NA,NA,NA
2100,"Site1","2024-08-03","Plot1","4","2024-08-02","D21","_0D0450","_0D0450",1,"2024-08-02","pouteria glomerata",67.2800301222596,410.99998261407,47.3,4.52,NA,"AS",NA,NA,NA,NA
3115,"Site1","2024-08-03","Plot1","4","2024-08-02","F16","_0F0367","_0F0367",1,"2024-08-02","ocotea sp.4",119.680049425107,312.580004360527,18.6,1.3,NA,"AS",NA,NA,NA,NA
13508,"Site1","2024-08-03","Plot1","4","2024-08-02","X24","_0X4241","_0X4241",1,"2024-08-02","ophiocaryon heterophyllum",469.659993812907,468.870007092133,10.5,1.3,NA,"AS",NA,NA,NA,NA
5537,"Site1","2024-08-03","Plot1","4","2024-08-02","J22","_0J0533","_0J0533",1,"2024-08-02","iryanthera juruensis",185.360023627232,436.230003019795,12.6,1.3,NA,"AS",NA,NA,NA,NA
1987,"Site1","2024-08-03","Plot1","4","2024-08-02","D13","_0D0280","_0D0280",1,"2024-08-02","sterculia apeibophylla",65.5799727105186,254.250043479726,53,3.9,NA,"AS",NA,NA,NA,NA
286,"Site1","2024-08-03","Plot1","4","2024-08-02","A18","_0A0415","_0A0415",1,"2024-08-02","rinorea lindeniana",16.2599693945958,350.89996964857,13.3371842311008,1.3,NA,"AS",NA,NA,NA,NA
624,"Site1","2024-08-03","Plot1","4","2024-08-02","B2","_0B0048","_0B0048",1,"2024-08-02","casearia ulmifolia",27.4199999976554,37.359999999404,14.4512688327441,1.3,NA,"AS",NA,NA,NA,NA
9476,"Site1","2024-08-03","Plot1","4","2024-08-02","Q17","_0Q0349","_0Q0349",1,"2024-08-02","virola pavonis",332.010043842893,324.14000108093,18.8,1.3,NA,"AS",NA,NA,NA,NA
7798,"Site1","2024-08-03","Plot1","4","2024-08-02","N19","_0N0414","_0N0414",1,"2024-08-02","otoba glycycarpa",275.929368837446,376.739139162004,21.9,1.3,NA,"AS",NA,NA,NA,NA
5316,"Site1","2024-08-03","Plot1","4","2024-08-02","J9","_0J0212","_0J0212",1,"2024-08-02","guarea gomma",195.539992868609,174.210022691637,19,1.3,NA,"AS",NA,NA,NA,NA
1156,"Site1","2024-08-03","Plot1","4","2024-08-02","B22","_0B4729","_0B4729",1,"2024-08-02","virola pavonis",24.2400024242816,421.820016046986,10.0585924034078,1.37,NA,"AS",NA,NA,NA,NA
421,"Site1","2024-08-03","Plot1","4","2024-08-02","A3","_0A0959","_0A0959",1,"2024-08-02","virola duckei",7.51995187427383,59.1099716033787,10.2177473464997,1.3,NA,"AS",NA,NA,NA,NA
3214,"Site1","2024-08-03","Plot1","4","2024-08-02","F22","_0F0518","_0F0518",1,"2024-08-02","couepia obovata",108.730041474046,432.420008277521,22.1,1.3,NA,"AS",NA,NA,NA,NA
13065,"Site1","2024-08-03","Plot1","4","2024-08-02","X7","_0X0146","_0X0146",1,"2024-08-02","pourouma cuspidata",474.309511156986,130.608463993296,18,1.3,NA,"AS",NA,NA,NA,NA
5091,"Site1","2024-08-03","Plot1","4","2024-08-02","I5","_0I1468","_0I1468",1,"2024-08-02","parkia multijuga",177.66004852124,91.849997613579,18.6,1.3,NA,"AS",NA,NA,NA,NA
6615,"Site1","2024-08-03","Plot1","4","2024-08-02","L16","_0L0343","_0L0343",1,"2024-08-02","parkia multijuga",224.630020971934,307.849957063794,25.8,1.3,NA,"AS",NA,NA,NA,NA
10682,"Site1","2024-08-03","Plot1","4","2024-08-02","S2","_0S0873","_0S0873",1,"2024-08-02","zygia latifolia",361.720019343367,30.9699792545289,16.7,1.3,NA,"AS",NA,NA,NA,NA
13202,"Site1","2024-08-03","Plot1","4","2024-08-02","X15","_0X0343","_0X0343",1,"2024-08-02","dendropanax cuneatus",469.840034589346,283.980017796159,13.1,1.3,NA,"AS",NA,NA,NA,NA
12222,"Site1","2024-08-03","Plot1","4","2024-08-02","V23","_0V0465","_0V0465",1,"2024-08-02","ophiocaryon heterophyllum",422.400028045522,454.440039325505,12.6,1.3,NA,"AS",NA,NA,NA,NA
9415,"Site1","2024-08-03","Plot1","4","2024-08-02","Q13","_0Q0264","_0Q0264",1,"2024-08-02","iryanthera juruensis",323.733167442377,245.636326346546,14.5,1.3,NA,"AS",NA,NA,NA,NA
6550,"Site1","2024-08-03","Plot1","4","2024-08-02","L11","_0L0234","_0L0234",1,"2024-08-02","apeiba membranacea",222.11000429251,217.57998473756,30.6,1.3,NA,"AS",NA,NA,NA,NA
5691,"Site1","2024-08-03","Plot1","4","2024-08-02","J11","_0J2611","_0J2611",1,"2024-08-02","pleurothyrium trianae",196.380016960844,207.379969717935,24.1,2.03,NA,"AS",NA,NA,NA,NA
3030,"Site1","2024-08-03","Plot1","4","2024-08-02","F11","_0F0236","_0F0236",1,"2024-08-02","astrocaryum ferrugineum",107.360033408215,206.100005028769,15.7,1.3,NA,"AS",NA,NA,NA,NA
7074,"Site1","2024-08-03","Plot1","4","2024-08-02","M9","_0M0186","_0M0186",1,"2024-08-02","endlicheria klugii",244.249984057737,172.059974867851,36.2,1.4,NA,"AS",NA,NA,NA,NA
12386,"Site1","2024-08-03","Plot1","4","2024-08-02","V23","_0V3541","_0V3541",1,"2024-08-02","vatairea erythrocarpa",422.979987854662,442.980002330616,12.2,1.3,NA,"AS",NA,NA,NA,NA
9190,"Site1","2024-08-03","Plot1","4","2024-08-02","P19","_0P4242","_0P4242",1,"2024-08-02","neea sp.2",317.750014748017,375.490044107661,12.1,1.3,NA,"AS",NA,NA,NA,NA
12588,"Site1","2024-08-03","Plot1","4","2024-08-02","W13","_0W0276","_0W0276",1,"2024-08-02","zygia latifolia",443.969996193598,241.469968099147,13.8,1.3,NA,"AS",NA,NA,NA,NA
7028,"Site1","2024-08-03","Plot1","4","2024-08-02","M4","_0M0097","_0M0097",1,"2024-08-02","chrysophyllum bombycinum",259.079996831657,60.899986917153,34.8,1.3,NA,"AS",NA,NA,NA,NA
10172,"Site1","2024-08-03","Plot1","4","2024-08-02","R4","_0R1325","_0R1325",1,"2024-08-02","swartzia calva",357.949952165713,60.9299784321338,10.6,1.3,NA,"AS",NA,NA,NA,NA
4178,"Site1","2024-08-03","Plot1","4","2024-08-02","H10","_0H0212","_0H0212",1,"2024-08-02","sloanea guianensis",155.619981420052,183.519976515323,17.5,1.8,NA,"AS",NA,NA,NA,NA
6206,"Site1","2024-08-03","Plot1","4","2024-08-02","K1","_0K0678","_0K0678",1,"2024-08-02","leptobalanus octandrus",205.129950313887,9.40004849806428,12,1.3,NA,"AS",NA,NA,NA,NA
3793,"Site1","2024-08-03","Plot1","4","2024-08-02","G23","_0G0519","_0G0519",1,"2024-08-02","casearia arborea",138.189990937419,458.82997960411,30.4,1.85,NA,"AS",NA,NA,NA,NA
4509,"Site1","2024-08-03","Plot1","4","2024-08-02","H7","_0H1862","_0H1862",1,"2024-08-02","trichilia septentrionalis",159.320025766792,134.769991388544,11,1.3,NA,"AS",NA,NA,NA,NA
8331,"Site1","2024-08-03","Plot1","4","2024-08-02","O18","_0O0420","_0O0420",1,"2024-08-02","eschweilera coriacea",284.939991315652,340.949992282316,27.3,1.9,NA,"AS",NA,NA,NA,NA
5168,"Site1","2024-08-03","Plot1","4","2024-08-02","I18","_0I3682","_0I3682",1,"2024-08-02","guarea gomma",166.510039247631,353.599979557097,10.8,1.3,NA,"AS",NA,NA,NA,NA
9286,"Site1","2024-08-03","Plot1","4","2024-08-02","Q3","_0Q0070","_0Q0070",1,"2024-08-02","eschweilera itayensis",338.219974616601,55.4999795723706,46.2,4,NA,"AS",NA,NA,NA,NA
9345,"Site1","2024-08-03","Plot1","4","2024-08-02","Q8","_0Q0163","_0Q0163",1,"2024-08-02","alseis microcarpa",328.890032138152,148.350003203377,16.01,2.4,NA,"AS",NA,NA,NA,NA
11929,"Site1","2024-08-03","Plot1","4","2024-08-02","V2","_0V0035","_0V0035",1,"2024-08-02","eschweilera coriacea",432.699986576161,39.7699939869344,32.7,2.6,NA,"AS",NA,NA,NA,NA
5484,"Site1","2024-08-03","Plot1","4","2024-08-02","J18","_0J0450","_0J0450",1,"2024-08-02","erisma laurifolium",189.039964026364,343.760044487193,34.6,2.4,NA,"AS",NA,NA,NA,NA
2006,"Site1","2024-08-03","Plot1","4","2024-08-02","D14","_0D0303","_0D0303",1,"2024-08-02","iryanthera juruensis",68.9399862688151,274.889991648495,19.6078889889215,1.3,NA,"AS",NA,NA,NA,NA
323,"Site1","2024-08-03","Plot1","4","2024-08-02","A21","_0A0464","_0A0464",1,"2024-08-02","virola sebifera",2.2099888411467,408.480015646666,13.6554941172846,1.3,NA,"AS",NA,NA,NA,NA
340,"Site1","2024-08-03","Plot1","4","2024-08-02","A22","_0A0494","_0A0494",1,"2024-08-02","conceveiba guianensis",1.12996486644261,434.940008237958,30.7,2.95,NA,"AS",NA,NA,NA,NA
2275,"Site1","2024-08-03","Plot1","4","2024-08-02","D17","_0D3729","_0D3729",1,"2024-08-02","guarea kunthiana",62.3199728137115,328.940033411607,11.2,1.3,NA,"AS",NA,NA,NA,NA
2768,"Site1","2024-08-03","Plot1","4","2024-08-02","E6","_0E1523","_0E1523",1,"2024-08-02","micropholis porphyrocarpa",87.6699710892863,118.599988467991,10.7,1.3,NA,"AS",NA,NA,NA,NA
11716,"Site1","2024-08-03","Plot1","4","2024-08-02","U25","_0U0560","_0U0560",1,"2024-08-02","astrocaryum ferrugineum",403.779974231671,486.120017763227,19.5,1.3,NA,"AS",NA,NA,NA,NA
10814,"Site1","2024-08-03","Plot1","4","2024-08-02","S17","_0S3309","_0S3309",1,"2024-08-02","socratea exorrhiza",375.929976112267,320.880046306178,16.6,3.9,NA,"AS",NA,NA,NA,NA
12128,"Site1","2024-08-03","Plot1","4","2024-08-02","V15","_0V0316","_0V0316",1,"2024-08-02","eschweilera coriacea",422.100006250723,294.739981617779,15.6,1.3,NA,"AS",NA,NA,NA,NA
2770,"Site1","2024-08-03","Plot1","4","2024-08-02","E6","_0E1552","_0E1552",1,"2024-08-02","inga sp.11",91.7900402221712,116.250028796494,21,1.3,NA,"AS",NA,NA,NA,NA
10602,"Site1","2024-08-03","Plot1","4","2024-08-02","S22","_0S0470","_0S0470",1,"2024-08-02","couroupita subsessilis",379.490026664978,433.010005105287,24.6,1.3,NA,"AS",NA,NA,NA,NA
11816,"Site1","2024-08-03","Plot1","4","2024-08-02","U11","_0U2301","_0U2301",1,"2024-08-02","connarus fasciculatus",405.870041590591,217.349992331117,11.3,1.3,NA,"AS",NA,NA,NA,NA
13164,"Site1","2024-08-03","Plot1","4","2024-08-02","X13","_0X0295","_0X0295",1,"2024-08-02","protium opacum",477.320016452868,246.259980622679,18.2,1.3,NA,"AS",NA,NA,NA,NA
6290,"Site1","2024-08-03","Plot1","4","2024-08-02","K9","_0K2248","_0K2248",1,"2024-08-02","tapirira retusa",200.219983949384,171.900023629889,16.3,2.85,NA,"AS",NA,NA,NA,NA
1963,"Site1","2024-08-03","Plot1","4","2024-08-02","D11","_0D0244","_0D0244",1,"2024-08-02","ficus paraensis",78.050039045338,210.93002284877,48.2557787454627,1.3,NA,"AS",NA,NA,NA,NA
14008,"Site1","2024-08-03","Plot1","4","2024-08-02","Y5","_0Y1073","_0Y1073",1,"2024-08-02","otoba glycycarpa",484.510013719671,92.7399612404406,10.12,1.3,NA,"AS",NA,NA,NA,NA
1341,"Site1","2024-08-03","Plot1","4","2024-08-02","C11","_0C0210","_0C0210",1,"2024-08-02","leptobalanus longistylus",44.2699999913457,214.799999998882,45.5183137242821,3.1,NA,"AS",NA,NA,NA,NA
5184,"Site1","2024-08-03","Plot1","4","2024-08-02","I22","_0I4301","_0I4301",1,"2024-08-02","eschweilera gigantea",169.250002445013,427.640006039292,11.7,1.3,NA,"AS",NA,NA,NA,NA
14120,"Site1","2024-08-03","Plot1","4","2024-08-02","Y23","_0Y4378","_0Y4378",1,"2024-08-02","inga leiocalycina",498.760041314119,441.379982218146,10.2,1.3,NA,"AS",NA,NA,NA,NA
14614,"Site1","2024-08-03","Plot1","4","2024-08-02","M8","_2M0269","_2M0269",1,"2024-08-02",NA,249.51950714417,140.771710472181,11.5,1.3,NA,"AS",NA,NA,NA,NA
2086,"Site1","2024-08-03","Plot1","4","2024-08-02","D20","_0D0433","_0D0433",1,"2024-08-02","minquartia guianensis",73.0200031800778,390.17001481913,11.6,1.3,NA,"AS",NA,NA,NA,NA
9466,"Site1","2024-08-03","Plot1","4","2024-08-02","Q16","_0Q0334","_0Q0334",1,"2024-08-02","euterpe precatoria",339.369985888829,309.000007342547,13.6,1.3,NA,"AS",NA,NA,NA,NA
9453,"Site1","2024-08-03","Plot1","4","2024-08-02","Q15","_0Q0313","_0Q0313",1,"2024-08-02","astrocaryum ferrugineum",332.160038439732,284.840037303045,12.7,1.3,NA,"AS",NA,NA,NA,NA
3858,"Site1","2024-08-03","Plot1","4","2024-08-02","G2","_0G0897","_0G0897",1,"2024-08-02","handroanthus capitatus",121.279959209554,33.7399961948395,10.7,1.3,NA,"AS",NA,NA,NA,NA
3846,"Site1","2024-08-03","Plot1","4","2024-08-02","G1","_0G0751","_0G0751",1,"2024-08-02","otoba glycycarpa",131.599988057686,10.6400175020099,11.4,1.3,NA,"AS",NA,NA,NA,NA
11016,"Site1","2024-08-03","Plot1","4","2024-08-02","T13","_0T0284","_0T0284",1,"2024-08-02","eschweilera coriacea",382.89001569181,240.480039929971,53.5,1.3,NA,"AS",NA,NA,NA,NA
6884,"Site1","2024-08-03","Plot1","4","2024-08-02","L14","_0L3163","_0L3163",1,"2024-08-02","naucleopsis sp.3",236.809998802317,275.879962965846,14.5,1.3,NA,"AS",NA,NA,NA,NA
673,"Site1","2024-08-03","Plot1","4","2024-08-02","B4","_0B0122","_0B0122",1,"2024-08-02","otoba glycycarpa",35.750005755981,73.8600447997451,12.6050714928781,1.3,NA,"AS",NA,NA,NA,NA
3386,"Site1","2024-08-03","Plot1","4","2024-08-02","F18","_0F3943","_0F3943",1,"2024-08-02","scleronema micranthum",119.460044337262,359.009996958077,12.6,1.3,NA,"AS",NA,NA,NA,NA
7757,"Site1","2024-08-03","Plot1","4","2024-08-02","N16","_0N0356","_0N0356",1,"2024-08-02","conceveiba martiana",271.069966274663,306.069950429723,18.5,2.3,NA,"AS",NA,NA,NA,NA
3205,"Site1","2024-08-03","Plot1","4","2024-08-02","F22","_0F0507","_0F0507",1,"2024-08-02","guarea kunthiana",100.599992256553,424.500036671758,30.3,1.3,NA,"AS",NA,NA,NA,NA
797,"Site1","2024-08-03","Plot1","4","2024-08-02","B11","_0B0298","_0B0298",1,"2024-08-02","drypetes sp.1",21.1299999952316,206.699999999255,19.4169030572112,1.3,NA,"AS",NA,NA,NA,NA
62,"Site1","2024-08-03","Plot1","4","2024-08-02","A4","_0A0095","_0A0095",1,"2024-08-02","perebea xanthochyma",1.25004407431697,76.8600347824395,16.3929591384652,1.3,NA,"AS",NA,NA,NA,NA
7884,"Site1","2024-08-03","Plot1","4","2024-08-02","N24","_0N0526","_0N0526",1,"2024-08-02","dendrobangia multinervia",261.979995634989,476.729962831363,22.8,1.3,NA,"AS",NA,NA,NA,NA
9111,"Site1","2024-08-03","Plot1","4","2024-08-02","P12","_0P2604","_0P2604",1,"2024-08-02","iryanthera hostmannii",305.769952861767,227.919964198023,11.7,1.3,NA,"AS",NA,NA,NA,NA
591,"Site1","2024-08-03","Plot1","4","2024-08-02","A9","_0A4967","_0A4967",1,"2024-08-02",NA,11.1250024131732,165.43901075609,18.4619733986599,1.3,NA,"AS",NA,NA,NA,NA
154,"Site1","2024-08-03","Plot1","4","2024-08-02","A10","_0A0234","_0A0234",1,"2024-08-02","eschweilera bracteosa",9.00995809450978,187.239988673478,21.6769032491161,1.3,NA,"AS",NA,NA,NA,NA
8050,"Site1","2024-08-03","Plot1","4","2024-08-02","N25","_0N5249","_0N5249",1,"2024-08-02","virola sebifera",279.620002899261,485.069974500686,10.5,1.3,NA,"AS",NA,NA,NA,NA
4125,"Site1","2024-08-03","Plot1","4","2024-08-02","H6","_0H0132","_0H0132",1,"2024-08-02","micropholis mensalis",154.039954643406,105.890039816499,25,1.3,NA,"AS",NA,NA,NA,NA
13466,"Site1","2024-08-03","Plot1","4","2024-08-02","X18","_0X3404","_0X3404",1,"2024-08-02","esenbeckia amazonica",460.959952646517,341.79004753381,10.9,1.3,NA,"AS",NA,NA,NA,NA
8090,"Site1","2024-08-03","Plot1","4","2024-08-02","O2","_0O0046","_0O0046",1,"2024-08-02","eschweilera rufifolia",296.146161956829,37.0332621186972,14.7,1.3,NA,"AS",NA,NA,NA,NA
3602,"Site1","2024-08-03","Plot1","4","2024-08-02","G12","_0G0253","_0G0253",1,"2024-08-02","inga cylindrica",125.7899801897,235.869998252019,12.8,1.3,NA,"AS",NA,NA,NA,NA
10721,"Site1","2024-08-03","Plot1","4","2024-08-02","S6","_0S1580","_0S1580",1,"2024-08-02","eschweilera coriacea",373.850048581779,113.850039670244,15.4,1.3,NA,"AS",NA,NA,NA,NA
2107,"Site1","2024-08-03","Plot1","4","2024-08-02","D22","_0D0460","_0D0460",1,"2024-08-02","perebea guianensis",66.5099719091668,425.45001357235,13.6,1.3,NA,"AS",NA,NA,NA,NA
6771,"Site1","2024-08-03","Plot1","4","2024-08-02","L13","_0L0587","_0L0587",1,"2024-08-02","tapirira guianensis",226.050021818548,246.760048817843,40.7,2,NA,"AS",NA,NA,NA,NA
2472,"Site1","2024-08-03","Plot1","4","2024-08-02","E9","_0E0197","_0E0197",1,"2024-08-02","pseudolmedia laevis",84.809981607541,177.149963524193,21.9,1.3,NA,"AS",NA,NA,NA,NA
10942,"Site1","2024-08-03","Plot1","4","2024-08-02","T6","_0T0137","_0T0137",1,"2024-08-02","gustavia hexapetala",393.019999465207,112.990007670596,23.1,1.3,NA,"AS",NA,NA,NA,NA
7743,"Site1","2024-08-03","Plot1","4","2024-08-02","N16","_0N0337","_0N0337",1,"2024-08-02","pouteria bilocularis",265.949960394821,309.500040225685,15.4,1.3,NA,"AS",NA,NA,NA,NA
2304,"Site1","2024-08-03","Plot1","4","2024-08-02","D19","_0D4165","_0D4165",1,"2024-08-02","endlicheria metallica",75.2200323395082,365.780014663935,16.4,1.3,NA,"AS",NA,NA,NA,NA
5332,"Site1","2024-08-03","Plot1","4","2024-08-02","J10","_0J0236","_0J0236",1,"2024-08-02","sapotaceae sp.3",184.240027655498,199.24998704344,34,1.3,NA,"AS",NA,NA,NA,NA
2245,"Site1","2024-08-03","Plot1","4","2024-08-02","D14","_0D3179","_0D3179",1,"2024-08-02","guatteria insculpta",60.5199772565393,266.739981999621,10.1222543806445,1.3,NA,"AS",NA,NA,NA,NA
12675,"Site1","2024-08-03","Plot1","4","2024-08-02","W16","_0W0388","_0W0388",1,"2024-08-02","pouteria bilocularis",454.790041145345,305.70001680404,32,2.1,NA,"AS",NA,NA,NA,NA
6926,"Site1","2024-08-03","Plot1","4","2024-08-02","L22","_0L4542","_0L4542",1,"2024-08-02","iryanthera macrophylla",234.290049038653,434.339975189418,11.6,1.3,NA,"AS",NA,NA,NA,NA
3083,"Site1","2024-08-03","Plot1","4","2024-08-02","F14","_0F0314","_0F0314",1,"2024-08-02","conceveiba guianensis",105.170004159154,263.489952206612,36.3,1.3,NA,"AS",NA,NA,NA,NA
245,"Site1","2024-08-03","Plot1","4","2024-08-02","A16","_0A0360","_0A0360",1,"2024-08-02","apeiba tibourbou",0.490028874075506,316.130035975948,13.0825363221538,1.05,NA,"AS",NA,NA,NA,NA
11193,"Site1","2024-08-03","Plot1","4","2024-08-02","T25","_0T0568","_0T0568",1,"2024-08-02","protium nodulosum",395.870006063837,487.449958348647,34.9,1.3,NA,"AS",NA,NA,NA,NA
3925,"Site1","2024-08-03","Plot1","4","2024-08-02","G11","_0G2465","_0G2465",1,"2024-08-02","couepia macrophylla",133.603937392647,218.388055888936,10.2,1.3,NA,"AS",NA,NA,NA,NA
4726,"Site1","2024-08-03","Plot1","4","2024-08-02","I6","_0I0138","_0I0138",1,"2024-08-02","erisma laurifolium",167.278672684857,117.261425575241,26,1.3,NA,"AS",NA,NA,NA,NA
11278,"Site1","2024-08-03","Plot1","4","2024-08-02","T11","_0T2095","_0T2095",1,"2024-08-02","socratea exorrhiza",387.259957455273,206.159951834008,13.7,3,NA,"AS",NA,NA,NA,NA
4947,"Site1","2024-08-03","Plot1","4","2024-08-02","I21","_0I0472","_0I0472",1,"2024-08-02","dendrobangia multinervia",164.530025102373,400.75995368883,11.3,1.3,NA,"AS",NA,NA,NA,NA
2485,"Site1","2024-08-03","Plot1","4","2024-08-02","E10","_0E0216","_0E0216",1,"2024-08-02","inga ciliata",87.9899564062362,187.029994994402,17,1.3,NA,"AS",NA,NA,NA,NA
2073,"Site1","2024-08-03","Plot1","4","2024-08-02","D19","_0D0413","_0D0413",1,"2024-08-02","hymenopus arachnoideus",62.1199633371434,377.429978765547,11.6,1.3,NA,"AS",NA,NA,NA,NA
8775,"Site1","2024-08-03","Plot1","4","2024-08-02","P8","_0P0177","_0P0177",1,"2024-08-02","astrocaryum ferrugineum",311.929997388099,157.490028418601,15.7,1.3,NA,"AS",NA,NA,NA,NA
8288,"Site1","2024-08-03","Plot1","4","2024-08-02","O14","_0O0344","_0O0344",1,"2024-08-02","eschweilera gigantea",299.270033284847,276.08999931626,28,1.3,NA,"AS",NA,NA,NA,NA
4926,"Site1","2024-08-03","Plot1","4","2024-08-02","I19","_0I0443","_0I0443",1,"2024-08-02","astrocaryum ferrugineum",170.52996623941,371.770029395819,11.9,1.3,NA,"AS",NA,NA,NA,NA
4500,"Site1","2024-08-03","Plot1","4","2024-08-02","H7","_0H1725","_0H1725",1,"2024-08-02","chomelia tenuiflora",142.800032089639,124.480023503304,10.1,1.4,NA,"AS",NA,NA,NA,NA
3301,"Site1","2024-08-03","Plot1","4","2024-08-02","F5","_0F1469","_0F1469",1,"2024-08-02","protium amazonicum",106.469981307688,90.1899632439017,12.5,1.3,NA,"AS",NA,NA,NA,NA
8822,"Site1","2024-08-03","Plot1","4","2024-08-02","P11","_0P0252","_0P0252",1,"2024-08-02","cecropia sciadophylla",311.799981877499,204.509992547333,17.4,1.3,NA,"AS",NA,NA,NA,NA
5315,"Site1","2024-08-03","Plot1","4","2024-08-02","J9","_0J0209","_0J0209",1,"2024-08-02","dendrobangia multinervia",196.830040463188,179.320046912879,31,1.3,NA,"AS",NA,NA,NA,NA
5780,"Site1","2024-08-03","Plot1","4","2024-08-02","J5","_0J5380","_0J5380",1,"2024-08-02",NA,191.203061936481,85.6133812628686,10.6,1.3,NA,"AS",NA,NA,NA,NA
1866,"Site1","2024-08-03","Plot1","4","2024-08-02","D4","_0D0104","_0D0104",1,"2024-08-02","guarea gomma",78.7699999920442,68.0399999991059,11.4273249139981,1.3,NA,"AS",NA,NA,NA,NA
10813,"Site1","2024-08-03","Plot1","4","2024-08-02","S17","_0S3218","_0S3218",1,"2024-08-02","couepia macrophylla",364.199966550397,328.360007265583,11.7,1.3,NA,"AS",NA,NA,NA,NA
13914,"Site1","2024-08-03","Plot1","4","2024-08-02","Y20","_0Y0500","_0Y0500",1,"2024-08-02","iryanthera hostmannii",493.789967454039,397.799977099523,15.5,1.3,NA,"AS",NA,NA,NA,NA
14239,"Site1","2024-08-03","Plot1","4","2024-08-02","I11","_1I0001","_1I0001",1,"2024-08-02","inga capitata",168.283260608965,199.924428723752,10.6,1.3,NA,"AS",NA,NA,NA,NA
8565,"Site1","2024-08-03","Plot1","4","2024-08-02","O12","_0O2625","_0O2625",1,"2024-08-02","couepia macrophylla",284.15000274725,237.10003827326,10.7,1.3,NA,"AS",NA,NA,NA,NA
9412,"Site1","2024-08-03","Plot1","4","2024-08-02","Q12","_0Q0260","_0Q0260",1,"2024-08-02","erisma laurifolium",335.969979875197,220.330047434196,71.3,3.44,NA,"AS",NA,NA,NA,NA
14415,"Site1","2024-08-03","Plot1","4","2024-08-02","V6","_1V0071","_1V0071",1,"2024-08-02","euterpe precatoria",426.470022391935,109.419996472076,16,1.3,NA,"AS",NA,NA,NA,NA
2325,"Site1","2024-08-03","Plot1","4","2024-08-02","D25","_0D4971","_0D4971",1,"2024-08-02","eschweilera bracteosa",71.3999581227545,485.199974276125,10.4,1.3,NA,"AS",NA,NA,NA,NA
5674,"Site1","2024-08-03","Plot1","4","2024-08-02","J9","_0J2155","_0J2155",1,"2024-08-02","crepidospermum rhoifolium",189.669965832203,167.979981843382,13.5,1.3,NA,"AS",NA,NA,NA,NA
3259,"Site1","2024-08-03","Plot1","4","2024-08-02","F25","_0F0584","_0F0584",1,"2024-08-02","astrocaryum ferrugineum",102.109999231354,482.78002063185,14.4,1.3,NA,"AS",NA,NA,NA,NA
4951,"Site1","2024-08-03","Plot1","4","2024-08-02","I21","_0I0477","_0I0477",1,"2024-08-02","leptobalanus octandrus",163.719967250188,411.679954621941,25.6,1.3,NA,"AS",NA,NA,NA,NA
862,"Site1","2024-08-03","Plot1","4","2024-08-02","B15","_0B0400","_0B0400",1,"2024-08-02","eschweilera coriacea",24.9000213359832,291.240018203855,35.5,3.81,NA,"AS",NA,NA,NA,NA
10216,"Site1","2024-08-03","Plot1","4","2024-08-02","R9","_0R2138","_0R2138",1,"2024-08-02","euterpe precatoria",351.480005599267,167.929977297783,16.7,1.3,NA,"AS",NA,NA,NA,NA
6812,"Site1","2024-08-03","Plot1","4","2024-08-02","L4","_0L1323","_0L1323",1,"2024-08-02","eschweilera coriacea",238.569994562364,60.5399801693857,10.6,1.3,NA,"AS",NA,NA,NA,NA
7951,"Site1","2024-08-03","Plot1","4","2024-08-02","N6","_0N1595","_0N1595",1,"2024-08-02","apeiba membranacea",268.660031539563,100.890011694282,10.2,1.3,NA,"AS",NA,NA,NA,NA
3652,"Site1","2024-08-03","Plot1","4","2024-08-02","G14","_0G0317","_0G0317",1,"2024-08-02","pouteria guianensis",133.410026666068,274.220003802329,33.7,2.1,NA,"AS",NA,NA,NA,NA
7895,"Site1","2024-08-03","Plot1","4","2024-08-02","N24","_0N0542","_0N0542",1,"2024-08-02","sloanea durissima",271.350030420639,460.229958361015,21.7,1.3,NA,"AS",NA,NA,NA,NA
6775,"Site1","2024-08-03","Plot1","4","2024-08-02","L13","_0L0591","_0L0591",1,"2024-08-02","pseudolmedia laevis",229.919955002319,241.910002209246,27.9,1.3,NA,"AS",NA,NA,NA,NA
5101,"Site1","2024-08-03","Plot1","4","2024-08-02","I7","_0I1838","_0I1838",1,"2024-08-02","tachigali setifera",171.629990140733,128.639977833256,13.2,1.3,NA,"AS",NA,NA,NA,NA
2694,"Site1","2024-08-03","Plot1","4","2024-08-02","E23","_0E0533","_0E0533",1,"2024-08-02","astrocaryum ferrugineum",81.0999945334042,453.179995832965,14.6,1.3,NA,"AS",NA,NA,NA,NA
5855,"Site1","2024-08-03","Plot1","4","2024-08-02","K5","_0K0096","_0K0096",1,"2024-08-02","virola duckei",204.930030639051,81.4899517484009,27.9,1.3,NA,"AS",NA,NA,NA,NA
7161,"Site1","2024-08-03","Plot1","4","2024-08-02","M14","_0M0312","_0M0312",1,"2024-08-02","xylopia calophylla",250.679997845844,277.36997018382,22.3,1.3,NA,"AS",NA,NA,NA,NA
7198,"Site1","2024-08-03","Plot1","4","2024-08-02","M17","_0M0370","_0M0370",1,"2024-08-02","otoba parvifolia",241.610012946243,325.120044428855,15.3,1.3,NA,"AS",NA,NA,NA,NA
12876,"Site1","2024-08-03","Plot1","4","2024-08-02","W15","_0W2625","_0W2625",1,"2024-08-02","sloanea guianensis",444.139986802649,286.219999745488,11,1.3,NA,"AS",NA,NA,NA,NA
13907,"Site1","2024-08-03","Plot1","4","2024-08-02","Y20","_0Y0491","_0Y0491",1,"2024-08-02","eschweilera coriacea",488.490007501503,384.319996926934,15.3,1.3,NA,"AS",NA,NA,NA,NA
649,"Site1","2024-08-03","Plot1","4","2024-08-02","B3","_0B0085","_0B0085",1,"2024-08-02","discophora guianensis",24.4899574564188,57.1899758707732,18.302818455568,1.3,NA,"AS",NA,NA,NA,NA
2154,"Site1","2024-08-03","Plot1","4","2024-08-02","D25","_0D0541","_0D0541",1,"2024-08-02","chrysochlamys weberbaueri",68.000042223779,494.849975084886,18.2,1.3,NA,"AS",NA,NA,NA,NA
616,"Site1","2024-08-03","Plot1","4","2024-08-02","B1","_0B0033","_0B0033",1,"2024-08-02","chimarrhis glabriflora",38.7081255958765,5.73252235166728,31.7036646639055,1.3,NA,"AS",NA,NA,NA,NA
5705,"Site1","2024-08-03","Plot1","4","2024-08-02","J16","_0J3407","_0J3407",1,"2024-08-02","virola duckei",186.130048102292,315.989975120872,14.2,1.3,NA,"AS",NA,NA,NA,NA
13900,"Site1","2024-08-03","Plot1","4","2024-08-02","Y19","_0Y0482","_0Y0482",1,"2024-08-02","sorocea pubivena",499.349969326111,360.610045671463,31,1.3,NA,"AS",NA,NA,NA,NA
6797,"Site1","2024-08-03","Plot1","4","2024-08-02","L2","_0L0995","_0L0995",1,"2024-08-02","iryanthera juruensis",235.939968196384,25.8200102485716,11.8,1.3,NA,"AS",NA,NA,NA,NA
1111,"Site1","2024-08-03","Plot1","4","2024-08-02","B13","_0B3178","_0B3178",1,"2024-08-02","nealchornea yapurensis",36.9599999909988,249.379999998957,10.5042262440651,1.3,NA,"AS",NA,NA,NA,NA
8143,"Site1","2024-08-03","Plot1","4","2024-08-02","O6","_0O0133","_0O0133",1,"2024-08-02","eschweilera itayensis",280.729979690805,112.960003860295,19.5,1.3,NA,"AS",NA,NA,NA,NA
1077,"Site1","2024-08-03","Plot1","4","2024-08-02","B9","_0B2347","_0B2347",1,"2024-08-02","naucleopsis riparia",33.9599999917555,160.900000000373,12.4140855611678,1.3,NA,"AS",NA,NA,NA,NA
14313,"Site1","2024-08-03","Plot1","4","2024-08-02","O2","_1O0205","_1O0205",1,"2024-08-02","poraqueiba sericea",290.268674407213,30.5890690591186,10.2,1.3,NA,"AS",NA,NA,NA,NA
12111,"Site1","2024-08-03","Plot1","4","2024-08-02","V14","_0V0290","_0V0290",1,"2024-08-02","ormosia sp.1",420.500031159667,274.949954839423,24.8,1.3,NA,"AS",NA,NA,NA,NA
13077,"Site1","2024-08-03","Plot1","4","2024-08-02","X8","_0X0160","_0X0160",1,"2024-08-02","matayba scrobiculata",469.119981451018,149.499977592379,35.3,1.3,NA,"AS",NA,NA,NA,NA
8070,"Site1","2024-08-03","Plot1","4","2024-08-02","O1","_0O0019","_0O0019",1,"2024-08-02","guarea kunthiana",299.570321763633,17.4375505428761,13,1.1,NA,"AS",NA,NA,NA,NA
6068,"Site1","2024-08-03","Plot1","4","2024-08-02","K18","_0K0409","_0K0409",1,"2024-08-02","iryanthera hostmannii",214.106312724703,344.398361684754,15.2,1.3,NA,"AS",NA,NA,NA,NA
5267,"Site1","2024-08-03","Plot1","4","2024-08-02","J4","_0J0101","_0J0101",1,"2024-08-02","coccoloba densifrons",191.310023455473,75.1400225106627,20.4,1.5,NA,"AS",NA,NA,NA,NA
11845,"Site1","2024-08-03","Plot1","4","2024-08-02","U15","_0U2858","_0U2858",1,"2024-08-02","virola pavonis",403.20003332838,293.730006692931,15.1,1.3,NA,"AS",NA,NA,NA,NA
9372,"Site1","2024-08-03","Plot1","4","2024-08-02","Q10","_0Q0203","_0Q0203",1,"2024-08-02","erisma laurifolium",323.750026291993,195.969999779016,17,1.3,NA,"AS",NA,NA,NA,NA
3962,"Site1","2024-08-03","Plot1","4","2024-08-02","G16","_0G3277","_0G3277",1,"2024-08-02","sterculia tessmannii",124.250039545877,304.879959577695,10.4,1.3,NA,"AS",NA,NA,NA,NA
11091,"Site1","2024-08-03","Plot1","4","2024-08-02","T20","_0T0442","_0T0442",1,"2024-08-02","virola pavonis",394.320009135001,394.849959846586,23.1,1.3,NA,"AS",NA,NA,NA,NA
9000,"Site1","2024-08-03","Plot1","4","2024-08-02","P24","_0P0517","_0P0517",1,"2024-08-02","guarea kunthiana",300.690000220493,466.219998419285,17.6,3.7,NA,"AS",NA,NA,NA,NA
7544,"Site1","2024-08-03","Plot1","4","2024-08-02","N3","_0N0068","_0N0068",1,"2024-08-02","nealchornea yapurensis",278.48999806639,50.1700472049415,38.2,1.3,NA,"AS",NA,NA,NA,NA
8254,"Site1","2024-08-03","Plot1","4","2024-08-02","O12","_0O0296","_0O0296",1,"2024-08-02","pouteria torta",297.470029235992,228.970049550757,21.6,1.6,NA,"AS",NA,NA,NA,NA
8854,"Site1","2024-08-03","Plot1","4","2024-08-02","P14","_0P0297","_0P0297",1,"2024-08-02","siparuna decipiens",301.93004172761,262.100021900609,14.5,1.3,NA,"AS",NA,NA,NA,NA
10235,"Site1","2024-08-03","Plot1","4","2024-08-02","R12","_0R2554","_0R2554",1,"2024-08-02","eschweilera coriacea",344.459980934684,222.459973474964,14.6,1.3,NA,"AS",NA,NA,NA,NA
9293,"Site1","2024-08-03","Plot1","4","2024-08-02","Q4","_0Q0082","_0Q0082",1,"2024-08-02","drypetes amazonica",327.640022710955,60.9100009389222,17.1,1.3,NA,"AS",NA,NA,NA,NA
2677,"Site1","2024-08-03","Plot1","4","2024-08-02","E22","_0E0509","_0E0509",1,"2024-08-02","eschweilera coriacea",85.9900155820069,426.739967847243,37.8,1.3,NA,"AS",NA,NA,NA,NA
7852,"Site1","2024-08-03","Plot1","4","2024-08-02","N22","_0N0486","_0N0486",1,"2024-08-02","brosimum parinarioides",268.709960737848,430.270039726049,12,1.3,NA,"AS",NA,NA,NA,NA
11026,"Site1","2024-08-03","Plot1","4","2024-08-02","T14","_0T0311","_0T0311",1,"2024-08-02","socratea exorrhiza",382.990025891806,269.719965279102,12.8,1.3,NA,"AS",NA,NA,NA,NA
7581,"Site1","2024-08-03","Plot1","4","2024-08-02","N6","_0N0123","_0N0123",1,"2024-08-02","eschweilera itayensis",266.375694811752,106.677289227024,18.1,1.3,NA,"AS",NA,NA,NA,NA
12834,"Site1","2024-08-03","Plot1","4","2024-08-02","W7","_0W1572","_0W1572",1,"2024-08-02","coccoloba densifrons",446.970005052572,123.560034416616,10.3,1.45,NA,"AS",NA,NA,NA,NA
3353,"Site1","2024-08-03","Plot1","4","2024-08-02","F14","_0F3173","_0F3173",1,"2024-08-02","iryanthera macrophylla",111.510037106986,271.549991164356,10.2,1.3,NA,"AS",NA,NA,NA,NA
5746,"Site1","2024-08-03","Plot1","4","2024-08-02","J21","_0J4448","_0J4448",1,"2024-08-02","perebea guianensis",193.309976382821,418.800047082826,10.6,1.3,NA,"AS",NA,NA,NA,NA
8603,"Site1","2024-08-03","Plot1","4","2024-08-02","O18","_0O3749","_0O3749",1,"2024-08-02","eschweilera coriacea",290.510030187375,356.510009365156,17.1,1.3,NA,"AS",NA,NA,NA,NA
12880,"Site1","2024-08-03","Plot1","4","2024-08-02","W15","_0W2737","_0W2737",1,"2024-08-02","aniba sp.1",451.919977068959,281.86998593621,10.5,1.3,NA,"AS",NA,NA,NA,NA
3271,"Site1","2024-08-03","Plot1","4","2024-08-02","F25","_0F0599","_0F0599",1,"2024-08-02","moquilea guianensis",118.309986673761,488.400015901774,20.7,2.3,NA,"AS",NA,NA,NA,NA
4865,"Site1","2024-08-03","Plot1","4","2024-08-02","I14","_0I0342","_0I0342",1,"2024-08-02","naucleopsis krukovii",174.680046643887,263.250003941357,32.3,1.3,NA,"AS",NA,NA,NA,NA
9906,"Site1","2024-08-03","Plot1","4","2024-08-02","R8","_0R0158","_0R0158",1,"2024-08-02","zygia latifolia",345.379987556254,144.299972111359,14,1.3,NA,"AS",NA,NA,NA,NA
10839,"Site1","2024-08-03","Plot1","4","2024-08-02","S23","_0S4140","_0S4140",1,"2024-08-02","virola elongata",369.94004766451,444.259988198057,10.5,1.3,NA,"ABS",NA,NA,NA,NA
1637,"Site1","2024-08-03","Plot1","4","2024-08-02","C8","_0C2081","_0C2081",1,"2024-08-02","erisma laurifolium",47.3999999914668,159.730000000447,19.3214100913561,1.3,NA,"AS",NA,NA,NA,NA
10005,"Site1","2024-08-03","Plot1","4","2024-08-02","R17","_0R0347","_0R0347",1,"2024-08-02","astrocaryum ferrugineum",351.500046984816,328.140022050589,13.3,1.3,NA,"AS",NA,NA,NA,NA
9701,"Site1","2024-08-03","Plot1","4","2024-08-02","Q13","_0Q2765","_0Q2765",1,"2024-08-02","trichilia solitudinis",322.249990030483,240.849979054183,11.8,1.3,NA,"AS",NA,NA,NA,NA
6254,"Site1","2024-08-03","Plot1","4","2024-08-02","K5","_0K1529","_0K1529",1,"2024-08-02","parkia multijuga",204.370021938405,87.7599992807955,11.6,1.5,NA,"AS",NA,NA,NA,NA
13784,"Site1","2024-08-03","Plot1","4","2024-08-02","Y13","_0Y0341","_0Y0341",1,"2024-08-02","astrocaryum ferrugineum",491.570044870139,249.01998521015,11.4,1.3,NA,"AS",NA,NA,NA,NA
14777,"Site1","2024-08-03","Plot1","4","2024-08-02","U15","_2U0687","_2U0687",1,"2024-08-02",NA,400.936323023343,295.114492608234,28.7,1.3,NA,"AS",NA,NA,NA,NA
8482,"Site1","2024-08-03","Plot1","4","2024-08-02","O1","_0O0839","_0O0839",1,"2024-08-02","sorocea steinbachii",296.990038923279,19.3799935821444,12.2,1.3,NA,"AS",NA,NA,NA,NA
2536,"Site1","2024-08-03","Plot1","4","2024-08-02","E12","_0E0280","_0E0280",1,"2024-08-02","siparuna decipiens",97.7699747467996,234.159998688847,13.3,1.3,NA,"AS",NA,NA,NA,NA
10923,"Site1","2024-08-03","Plot1","4","2024-08-02","T5","_0T0107","_0T0107",1,"2024-08-02","eschweilera coriacea",387.279950287018,92.0700486265123,16,1.5,NA,"AS",NA,NA,NA,NA
4175,"Site1","2024-08-03","Plot1","4","2024-08-02","H10","_0H0209","_0H0209",1,"2024-08-02","eschweilera coriacea",151.010011602251,185.770022174343,40.6,1.85,NA,"AS",NA,NA,NA,NA
9256,"Site1","2024-08-03","Plot1","4","2024-08-02","Q1","_0Q0024","_0Q0024",1,"2024-08-02","pleurothyrium sp.1",337.009632923407,6.18415457382798,21,1.3,NA,"ABS",NA,NA,NA,NA
6761,"Site1","2024-08-03","Plot1","4","2024-08-02","L25","_0L0573","_0L0573",1,"2024-08-02","apeiba membranacea",237.330018618144,499.169961770996,20.2,1.3,NA,"AS",NA,NA,NA,NA
13718,"Site1","2024-08-03","Plot1","4","2024-08-02","Y9","_0Y0226","_0Y0226",1,"2024-08-02","perebea guianensis",480.330031979887,172.429974336177,21.6,1.3,NA,"AS",NA,NA,NA,NA
3316,"Site1","2024-08-03","Plot1","4","2024-08-02","F7","_0F1881","_0F1881",1,"2024-08-02","inga stenoptera",104.85998424975,135.749987572432,12,1.3,NA,"AS",NA,NA,NA,NA
3005,"Site1","2024-08-03","Plot1","4","2024-08-02","F9","_0F0193","_0F0193",1,"2024-08-02","eschweilera coriacea",105.333828987728,176.05502303876,18.5,1.3,NA,"AS",NA,NA,NA,NA
10239,"Site1","2024-08-03","Plot1","4","2024-08-02","R12","_0R2636","_0R2636",1,"2024-08-02","sterculia peruviana",350.739985916123,222.000039124861,12.6,1.3,NA,"AS",NA,NA,NA,NA
14281,"Site1","2024-08-03","Plot1","4","2024-08-02","L2","_1L0001","_1L0001",1,"2024-08-02","unidentified",223.63400038454,26.7933440636843,34.1,1.85,NA,"AS",NA,NA,NA,NA
1552,"Site1","2024-08-03","Plot1","4","2024-08-02","C23","_0C0499","_0C0499",1,"2024-08-02","trichilia quadrijuga",57.500008283474,450.539988562465,13.0825363221538,1.3,NA,"AS",NA,NA,NA,NA
2488,"Site1","2024-08-03","Plot1","4","2024-08-02","E10","_0E0219","_0E0219",1,"2024-08-02","micropholis venulosa",82.7999954906409,195.359990689903,26.1,1.3,NA,"AS",NA,NA,NA,NA
4065,"Site1","2024-08-03","Plot1","4","2024-08-02","H3","_0H0050","_0H0050",1,"2024-08-02","scleronema micranthum",142.269967406581,59.4800238236785,59.4,1.3,NA,"AS",NA,NA,NA,NA
1272,"Site1","2024-08-03","Plot1","4","2024-08-02","C5","_0C0115","_0C0115",1,"2024-08-02","eschweilera coriacea",59.2699999967008,91.7899999991059,25.4329599060849,4.2,NA,"AS",NA,NA,NA,NA
7977,"Site1","2024-08-03","Plot1","4","2024-08-02","N14","_0N2966","_0N2966",1,"2024-08-02","zygia latifolia",279.680028053001,277.359982522205,15.5,1.3,NA,"AS",NA,NA,NA,NA
3189,"Site1","2024-08-03","Plot1","4","2024-08-02","F21","_0F0485","_0F0485",1,"2024-08-02","caraipa grandifolia",104.67999704642,419.749985370785,16.5,1.3,NA,"AS",NA,NA,NA,NA
12897,"Site1","2024-08-03","Plot1","4","2024-08-02","W18","_0W3334","_0W3334",1,"2024-08-02","virola mollissima",451.079965934565,349.08998728916,15.2,1.3,NA,"AS",NA,NA,NA,NA
12243,"Site1","2024-08-03","Plot1","4","2024-08-02","V25","_0V0501","_0V0501",1,"2024-08-02","euterpe precatoria",420.609993190097,484.919979197904,16.6,1.3,NA,"AS",NA,NA,NA,NA
14837,"Site1","2024-08-03","Plot1","4","2024-08-02","X4","_2X0165","_2X0165",1,"2024-08-02",NA,467.794687889807,63.3081749211997,10.5,1.3,NA,"AS",NA,NA,NA,NA
6386,"Site1","2024-08-03","Plot1","4","2024-08-02","K23","_0K4922","_0K4922",1,"2024-08-02","theobroma subincanum",205.770029718929,457.55003971979,11.6,1.3,NA,"AS",NA,NA,NA,NA
10263,"Site1","2024-08-03","Plot1","4","2024-08-02","R15","_0R3127","_0R3127",1,"2024-08-02","coccoloba sp.1",354.440016061359,283.910035645589,16.9,1.3,NA,"AS",NA,NA,NA,NA
9263,"Site1","2024-08-03","Plot1","4","2024-08-02","Q2","_0Q0032","_0Q0032",1,"2024-08-02","aspidosperma capitatum",327.420014685893,23.9300317447633,22.4,1.3,NA,"AS",NA,NA,NA,NA
10465,"Site1","2024-08-03","Plot1","4","2024-08-02","S9","_0S0198","_0S0198",1,"2024-08-02","humiriastrum piraparanense",366.279970172094,169.370000347495,17.9,1.3,NA,"AS",NA,NA,NA,NA
7675,"Site1","2024-08-03","Plot1","4","2024-08-02","N12","_0N0246","_0N0246",1,"2024-08-02","myrtaceae sp.5",269.579951560765,225.819965483621,39.7,1.3,NA,"AS",NA,NA,NA,NA
11318,"Site1","2024-08-03","Plot1","4","2024-08-02","T17","_0T3120","_0T3120",1,"2024-08-02","fusaea peruviana",394.829988773272,332.830026205629,10.2,1.3,NA,"AS",NA,NA,NA,NA
9444,"Site1","2024-08-03","Plot1","4","2024-08-02","Q15","_0Q0301","_0Q0301",1,"2024-08-02","pachira insignis",323.179996645078,281.000008044764,65.2,2.05,NA,"AS",NA,NA,NA,NA
2397,"Site1","2024-08-03","Plot1","4","2024-08-02","E4","_0E0077","_0E0077",1,"2024-08-02","oxandra riedeliana",81.9100411573309,69.2899859137833,18.3,1.3,NA,"AS",NA,NA,NA,NA
2909,"Site1","2024-08-03","Plot1","4","2024-08-02","F2","_0F0042","_0F0042",1,"2024-08-02","swartzia leptopetala",111.020003205049,37.9499648176134,13.2,1.3,NA,"AS",NA,NA,NA,NA
9908,"Site1","2024-08-03","Plot1","4","2024-08-02","R8","_0R0160","_0R0160",1,"2024-08-02","pachira insignis",340.300045490207,155.929974140599,25.2,1.3,NA,"AS",NA,NA,NA,NA
12277,"Site1","2024-08-03","Plot1","4","2024-08-02","V5","_0V1308","_0V1308",1,"2024-08-02","caraipa grandifolia",422.189958141942,91.3400171622634,10.9,1.3,NA,"AS",NA,NA,NA,NA
6571,"Site1","2024-08-03","Plot1","4","2024-08-02","L13","_0L0272","_0L0272",1,"2024-08-02","astrocaryum ferrugineum",222.630035880196,255.209986163303,14.7,1.3,NA,"AS",NA,NA,NA,NA
14264,"Site1","2024-08-03","Plot1","4","2024-08-02","J8","_1J0270","_1J0270",1,"2024-08-02","inga capitata",181.489349815471,151.980601241812,11,1.35,NA,"AS",NA,NA,NA,NA
942,"Site1","2024-08-03","Plot1","4","2024-08-02","B20","_0B0519","_0B0519",1,"2024-08-02","conceveiba guianensis",36.5300441132276,394.710041822866,15.1197195937301,1.3,NA,"AS",NA,NA,NA,NA
4105,"Site1","2024-08-03","Plot1","4","2024-08-02","H5","_0H0100","_0H0100",1,"2024-08-02","astrocaryum ferrugineum",147.750007676834,86.2199880182743,13.7,1.3,NA,"AS",NA,NA,NA,NA
7947,"Site1","2024-08-03","Plot1","4","2024-08-02","N5","_0N1475","_0N1475",1,"2024-08-02","euterpe precatoria",273.90003169782,95.4300392866135,14,1.3,NA,"AS",NA,NA,NA,NA
6459,"Site1","2024-08-03","Plot1","4","2024-08-02","L4","_0L0088","_0L0088",1,"2024-08-02","virola mollissima",225.300026361772,75.830010138452,15.5,1.3,NA,"AS",NA,NA,NA,NA
7222,"Site1","2024-08-03","Plot1","4","2024-08-02","M18","_0M0405","_0M0405",1,"2024-08-02","astrocaryum ferrugineum",258.300020340655,349.309995818883,13.7,1.3,NA,"AS",NA,NA,NA,NA
558,"Site1","2024-08-03","Plot1","4","2024-08-02","A21","_0A4427","_0A4427",1,"2024-08-02","inga capitata",19.8500298839645,401.840017918497,13.6236631286662,1.3,NA,"AS",NA,NA,NA,NA
10672,"Site1","2024-08-03","Plot1","4","2024-08-02","S1","_0S0657","_0S0657",1,"2024-08-02","nealchornea yapurensis",360.990039357159,3.75996029004455,10.7,1.3,NA,"AS",NA,NA,NA,NA
8327,"Site1","2024-08-03","Plot1","4","2024-08-02","O17","_0O0416","_0O0416",1,"2024-08-02","eschweilera bracteosa",290.290047013143,329.769980676472,31.2,1.3,NA,"AS",NA,NA,NA,NA
4903,"Site1","2024-08-03","Plot1","4","2024-08-02","I17","_0I0399","_0I0399",1,"2024-08-02","euterpe precatoria",167.989986040338,321.699988508597,19.4,1.3,NA,"AS",NA,NA,NA,NA
7961,"Site1","2024-08-03","Plot1","4","2024-08-02","N8","_0N1853","_0N1853",1,"2024-08-02","leonia glycycarpa",265.659992737172,158.140037275851,13.1,1.3,NA,"AS",NA,NA,NA,NA
2892,"Site1","2024-08-03","Plot1","4","2024-08-02","F1","_0F0020","_0F0020",1,"2024-08-02","virola peruviana",110.820049638569,3.53997229225934,19.4,1.3,NA,"AS",NA,NA,NA,NA
13308,"Site1","2024-08-03","Plot1","4","2024-08-02","X21","_0X0495","_0X0495",1,"2024-08-02","brosimum guianense",461.869980325631,404.899977976456,14,1.3,NA,"AS",NA,NA,NA,NA
9112,"Site1","2024-08-03","Plot1","4","2024-08-02","P12","_0P2620","_0P2620",1,"2024-08-02","iriartea deltoidea",300.389994125697,233.370030524209,12.8,1.3,NA,"AS",NA,NA,NA,NA
6435,"Site1","2024-08-03","Plot1","4","2024-08-02","L2","_0L0034","_0L0034",1,"2024-08-02","eschweilera coriacea",227.210003643588,23.1099835410714,19,1.3,NA,"AS",NA,NA,NA,NA
10860,"Site1","2024-08-03","Plot1","4","2024-08-02","S10","_0S4676","_0S4676",1,"2024-08-02",NA,360.539118909102,198.738399205729,16.1,1.3,NA,"AS",NA,NA,NA,NA
13179,"Site1","2024-08-03","Plot1","4","2024-08-02","X14","_0X0316","_0X0316",1,"2024-08-02","tachigali setifera",473.550011743035,271.240047561005,67.5,1.3,NA,"AS",NA,NA,NA,NA
10382,"Site1","2024-08-03","Plot1","4","2024-08-02","S3","_0S0066","_0S0066",1,"2024-08-02","eschweilera coriacea",379.589969447989,58.5800359789282,28.3,1.3,NA,"AS",NA,NA,NA,NA
9970,"Site1","2024-08-03","Plot1","4","2024-08-02","R14","_0R0270","_0R0270",1,"2024-08-02","euterpe precatoria",345.219998621615,266.690005153418,16,2.6,NA,"AS",NA,NA,NA,NA
9516,"Site1","2024-08-03","Plot1","4","2024-08-02","Q20","_0Q0415","_0Q0415",1,"2024-08-02","angostura simplex",323.190044742485,395.489974496886,13.3,1.3,NA,"AS",NA,NA,NA,NA
11131,"Site1","2024-08-03","Plot1","4","2024-08-02","T22","_0T0488","_0T0488",1,"2024-08-02","iriartea deltoidea",380.229957672127,431.259981384501,22.4,1.3,NA,"AS",NA,NA,NA,NA
8974,"Site1","2024-08-03","Plot1","4","2024-08-02","P23","_0P0487","_0P0487",1,"2024-08-02","sterculia tessmannii",303.456480352033,441.594170829281,13.5,1.3,NA,"AS",NA,NA,NA,NA
3334,"Site1","2024-08-03","Plot1","4","2024-08-02","F11","_0F2595","_0F2595",1,"2024-08-02","couepia macrophylla",114.610011323646,213.079992191866,11.5,1.3,NA,"AS",NA,NA,NA,NA
2771,"Site1","2024-08-03","Plot1","4","2024-08-02","E6","_0E1558","_0E1558",1,"2024-08-02","diospyros guatterioides",93.790033272875,115.980044536293,11.5,1.3,NA,"AS",NA,NA,NA,NA
13201,"Site1","2024-08-03","Plot1","4","2024-08-02","X15","_0X0341","_0X0341",1,"2024-08-02","socratea exorrhiza",468.334510873829,288.451602524146,17,3.65,NA,"AS",NA,NA,NA,NA
9508,"Site1","2024-08-03","Plot1","4","2024-08-02","Q19","_0Q0403","_0Q0403",1,"2024-08-02","virola calophylla",331.119993998727,361.330036280677,17.6,1.3,NA,"AS",NA,NA,NA,NA
11087,"Site1","2024-08-03","Plot1","4","2024-08-02","T20","_0T0434","_0T0434",1,"2024-08-02","socratea exorrhiza",387.60004487203,382.019971024245,17,4.33,NA,"AS",NA,NA,NA,NA
13343,"Site1","2024-08-03","Plot1","4","2024-08-02","X23","_0X0558","_0X0558",1,"2024-08-02","apeiba membranacea",461.250047862879,454.770047964528,28.7,1.3,NA,"AS",NA,NA,NA,NA
12039,"Site1","2024-08-03","Plot1","4","2024-08-02","V10","_0V0193","_0V0193",1,"2024-08-02","virola loretensis",422.239964032255,189.620033269748,24.2,1.3,NA,"AS",NA,NA,NA,NA
10007,"Site1","2024-08-03","Plot1","4","2024-08-02","R18","_0R0352","_0R0352",1,"2024-08-02","socratea exorrhiza",341.960014158045,343.359969532117,20.5,3.5,NA,"AS",NA,NA,NA,NA
1988,"Site1","2024-08-03","Plot1","4","2024-08-02","D13","_0D0281","_0D0281",1,"2024-08-02","aspidosperma excelsum",69.0299742896459,252.680007275194,29.5391574378558,1.3,NA,"AS",NA,NA,NA,NA
10058,"Site1","2024-08-03","Plot1","4","2024-08-02","R21","_0R0435","_0R0435",1,"2024-08-02","virola sebifera",359.260038257518,409.130021972582,36.2,1.3,NA,"AS",NA,NA,NA,NA
1879,"Site1","2024-08-03","Plot1","4","2024-08-02","D5","_0D0126","_0D0126",1,"2024-08-02","swartzia calva",76.7499999902793,80.609999999404,15.7245083774793,1.3,NA,"AS",NA,NA,NA,NA
1691,"Site1","2024-08-03","Plot1","4","2024-08-02","C13","_0C3165","_0C3165",1,"2024-08-02","otoba parvifolia",57.609999988752,244.660000000149,18.2709874669496,1.3,NA,"AS",NA,NA,NA,NA
14199,"Site1","2024-08-03","Plot1","4","2024-08-02","E14","_1E0495","_1E0495",1,"2024-08-02","",98.5899936317,260.690014919266,10.2,1.3,NA,"AS",NA,NA,NA,NA
1165,"Site1","2024-08-03","Plot1","4","2024-08-02","B23","_0B4924","_0B4924",1,"2024-08-02","apeiba membranacea",33.0200456919265,457.099989125505,12.8915503904435,1.3,NA,"AS",NA,NA,NA,NA
3419,"Site1","2024-08-03","Plot1","4","2024-08-02","F23","_0F4839","_0F4839",1,"2024-08-02","inga leptocarpa",118.539988111879,455.129956224933,21.4,1.6,NA,"AS",NA,NA,NA,NA
6714,"Site1","2024-08-03","Plot1","4","2024-08-02","L23","_0L0503","_0L0503",1,"2024-08-02","pseudolmedia laevis",228.019995128969,440.179998405278,17.2,1.3,NA,"AS",NA,NA,NA,NA
7170,"Site1","2024-08-03","Plot1","4","2024-08-02","M14","_0M0323","_0M0323",1,"2024-08-02","mollia gracilis",259.280038198514,263.249964207411,29.7,2.85,NA,"AS",NA,NA,NA,NA
9085,"Site1","2024-08-03","Plot1","4","2024-08-02","P7","_0P1757","_0P1757",1,"2024-08-02","jacaranda obtusifolia",304.014176477736,122.152022473514,11,1.7,NA,"AS",NA,NA,NA,NA
3967,"Site1","2024-08-03","Plot1","4","2024-08-02","G16","_0G3365","_0G3365",1,"2024-08-02","nealchornea yapurensis",130.259950983629,302.680029293522,16.8,1.3,NA,"AS",NA,NA,NA,NA
2252,"Site1","2024-08-03","Plot1","4","2024-08-02","D14","_0D3292","_0D3292",1,"2024-08-02","guatteria modesta",73.9958533616737,275.806268751621,14.5467617985992,1.3,NA,"AS",NA,NA,NA,NA
3572,"Site1","2024-08-03","Plot1","4","2024-08-02","G10","_0G0206","_0G0206",1,"2024-08-02","eschweilera coriacea",138.779950745695,194.550003794953,22.1,1.3,NA,"AS",NA,NA,NA,NA
3735,"Site1","2024-08-03","Plot1","4","2024-08-02","G19","_0G0432","_0G0432",1,"2024-08-02","eschweilera coriacea",136.740046995634,374.229965383187,28.9,1.7,NA,"AS",NA,NA,NA,NA
9918,"Site1","2024-08-03","Plot1","4","2024-08-02","R8","_0R0176","_0R0176",1,"2024-08-02","pouteria torta",355.96000557061,144.019968602806,20.9,1.3,NA,"AS",NA,NA,NA,NA
8451,"Site1","2024-08-03","Plot1","4","2024-08-02","O25","_0O0598","_0O0598",1,"2024-08-02","couroupita subsessilis",282.340004174563,487.050029497594,41.8,1.3,NA,"AS",NA,NA,NA,NA
12449,"Site1","2024-08-03","Plot1","4","2024-08-02","W3","_0W0056","_0W0056",1,"2024-08-02","gustavia augusta",459.809954145865,49.8499646987766,10.9,1.3,NA,"AS",NA,NA,NA,NA
12147,"Site1","2024-08-03","Plot1","4","2024-08-02","V16","_0V0342","_0V0342",1,"2024-08-02","guarea kunthiana",434.0900157984,319.050042692572,14.5,1.3,NA,"AS",NA,NA,NA,NA
8157,"Site1","2024-08-03","Plot1","4","2024-08-02","O7","_0O0154","_0O0154",1,"2024-08-02","eschweilera coriacea",282.330009368074,128.740014774725,49.9,2,NA,"AS",NA,NA,NA,NA
1148,"Site1","2024-08-03","Plot1","4","2024-08-02","B21","_0B4554","_0B4554",1,"2024-08-02","mollinedia tomentosa",27.2799700871692,402.319974832237,10.1222543806445,1.3,NA,"AS",NA,NA,NA,NA
6103,"Site1","2024-08-03","Plot1","4","2024-08-02","K20","_0K0455","_0K0455",1,"2024-08-02","heisteria ovata",218.460032011906,399.180029690266,22.5,1.3,NA,"AS",NA,NA,NA,NA
12068,"Site1","2024-08-03","Plot1","4","2024-08-02","V11","_0V0230","_0V0230",1,"2024-08-02","euterpe precatoria",438.790036027611,200.439978772774,18.5,1.3,NA,"AS",NA,NA,NA,NA
2681,"Site1","2024-08-03","Plot1","4","2024-08-02","E22","_0E0515","_0E0515",1,"2024-08-02","virola sebifera",87.990036726871,434.610013680533,37.7,1.3,NA,"AS",NA,NA,NA,NA
8416,"Site1","2024-08-03","Plot1","4","2024-08-02","O22","_0O0539","_0O0539",1,"2024-08-02","casearia javitensis",299.210014286509,439.650033304468,11.6,1.3,NA,"AS",NA,NA,NA,NA
4938,"Site1","2024-08-03","Plot1","4","2024-08-02","I20","_0I0461","_0I0461",1,"2024-08-02","astrocaryum ferrugineum",167.780021991755,397.27003733255,10.4,1.3,NA,"AS",NA,NA,NA,NA
13050,"Site1","2024-08-03","Plot1","4","2024-08-02","X6","_0X0127","_0X0127",1,"2024-08-02","eschweilera gigantea",470.470018176246,105.230002215132,25.9,1.3,NA,"AS",NA,NA,NA,NA
1895,"Site1","2024-08-03","Plot1","4","2024-08-02","D6","_0D0149","_0D0149",1,"2024-08-02","couepia macrophylla",77.0099542745738,114.520021475852,19.225917125501,1.3,NA,"AS",NA,NA,NA,NA
5159,"Site1","2024-08-03","Plot1","4","2024-08-02","I16","_0I3453","_0I3453",1,"2024-08-02","protium nodulosum",175.930047606933,306.320036116987,10.3,1.3,NA,"AS",NA,NA,NA,NA
8160,"Site1","2024-08-03","Plot1","4","2024-08-02","O7","_0O0157","_0O0157",1,"2024-08-02","swartzia arborescens",285.365555066266,124.124113516882,11.2,1.3,NA,"ABS",NA,NA,NA,NA
12242,"Site1","2024-08-03","Plot1","4","2024-08-02","V24","_0V0500","_0V0500",1,"2024-08-02","eschweilera coriacea",438.869962399185,464.430012971163,17.4,1.3,NA,"AS",NA,NA,NA,NA
2256,"Site1","2024-08-03","Plot1","4","2024-08-02","D14","_0D3321","_0D3321",1,"2024-08-02","heisteria ovata",79.2699638108606,271.250038187951,11.3000009595246,1.3,NA,"AS",NA,NA,NA,NA
1857,"Site1","2024-08-03","Plot1","4","2024-08-02","D4","_0D0095","_0D0095",1,"2024-08-02","macrolobium angustifolium",79.8799999885377,75.9599999990314,16.3611281498468,1.3,NA,"AS",NA,NA,NA,NA
2495,"Site1","2024-08-03","Plot1","4","2024-08-02","E10","_0E0227","_0E0227",1,"2024-08-02","bauhinia brachycalyx",93.5500149989384,198.689998066053,11.2,1.3,NA,"AS",NA,NA,NA,NA
5908,"Site1","2024-08-03","Plot1","4","2024-08-02","K8","_0K0182","_0K0182",1,"2024-08-02","otoba glycycarpa",213.559967595676,158.060016684234,13.4,1.3,NA,"AS",NA,NA,NA,NA
3497,"Site1","2024-08-03","Plot1","4","2024-08-02","G5","_0G0092","_0G0092",1,"2024-08-02","virola pavonis",125.180009717296,90.7700309958309,26.5,1.3,NA,"AS",NA,NA,NA,NA
13418,"Site1","2024-08-03","Plot1","4","2024-08-02","X9","_0X1633","_0X1633",1,"2024-08-02","inga acicularis",462.290034740174,173.210024839267,10.9,1.3,NA,"AS",NA,NA,NA,NA
11681,"Site1","2024-08-03","Plot1","4","2024-08-02","U23","_0U0523","_0U0523",1,"2024-08-02","theobroma subincanum",418.579985435994,456.019955633208,21.9,1.3,NA,"AS",NA,NA,NA,NA
1432,"Site1","2024-08-03","Plot1","4","2024-08-02","C16","_0C0333","_0C0333",1,"2024-08-02","simarouba amara",49.0299999907147,309.490000000224,35.7462002184397,1.3,NA,"AS",NA,NA,NA,NA
8651,"Site1","2024-08-03","Plot1","4","2024-08-02","O25","_0O5341","_0O5341",1,"2024-08-02","eschweilera rufifolia",285.399966036726,499.88002865389,11.6,1.3,NA,"AS",NA,NA,NA,NA
14152,"Site1","2024-08-03","Plot1","4","2024-08-02","Y11","_0Y5207","_0Y5207",1,"2024-08-02",NA,489.679735870275,209.27618788369,13,1.3,NA,"AS",NA,NA,NA,NA
10147,"Site1","2024-08-03","Plot1","4","2024-08-02","R1","_0R0770","_0R0770",1,"2024-08-02","glycydendron amazonicum",358.889998855942,11.9800150264055,14.5,1.3,NA,"AS",NA,NA,NA,NA
7924,"Site1","2024-08-03","Plot1","4","2024-08-02","N1","_0N0692","_0N0692",1,"2024-08-02","rinorea lindeniana",266.863547555229,9.80036062374711,10.2,1.3,NA,"AS",NA,NA,NA,NA
3100,"Site1","2024-08-03","Plot1","4","2024-08-02","F15","_0F0342","_0F0342",1,"2024-08-02","pseudolmedia laevis",117.030004280328,298.699952829629,25.6,1.3,NA,"AS",NA,NA,NA,NA
5925,"Site1","2024-08-03","Plot1","4","2024-08-02","K10","_0K0210","_0K0210",1,"2024-08-02","eschweilera coriacea",204.769997344702,185.960032014176,22.7,1.3,NA,"AS",NA,NA,NA,NA
13038,"Site1","2024-08-03","Plot1","4","2024-08-02","X6","_0X0110","_0X0110",1,"2024-08-02","couepia macrophylla",460.550020541181,112.07003294304,12.2,1.3,NA,"AS",NA,NA,NA,NA
5754,"Site1","2024-08-03","Plot1","4","2024-08-02","J23","_0J4843","_0J4843",1,"2024-08-02","aspidosperma excelsum",185.390038176614,453.649965962395,10.7,1.3,NA,"AS",NA,NA,NA,NA
6002,"Site1","2024-08-03","Plot1","4","2024-08-02","K14","_0K0307","_0K0307",1,"2024-08-02","vochysia sp.1",202.009986666206,262.369965091348,41.2,1.3,NA,"AS",NA,NA,NA,NA
4639,"Site1","2024-08-03","Plot1","4","2024-08-02","I1","_0I0012","_0I0012",1,"2024-08-02","mollia gracilis",170.689986847749,12.6099712140858,40.5,1.3,NA,"AS",NA,NA,NA,NA
14623,"Site1","2024-08-03","Plot1","4","2024-08-02","N25","_2N0620","_2N0620",1,"2024-08-02",NA,279.540027977258,498.112203439698,10.3,1.9,NA,"AS",NA,NA,NA,"coincide ubucación y placa en el piso"
2510,"Site1","2024-08-03","Plot1","4","2024-08-02","E11","_0E0250","_0E0250",1,"2024-08-02","leptobalanus octandrus",83.8799562110798,218.859985761344,15.1,1.3,NA,"AS",NA,NA,NA,NA
13485,"Site1","2024-08-03","Plot1","4","2024-08-02","X21","_0X3991","_0X3991",1,"2024-08-02","inga pruriens",479.500041531923,412.18996040523,14.3,1.3,NA,"AS",NA,NA,NA,NA
489,"Site1","2024-08-03","Plot1","4","2024-08-02","A12","_0A2669","_0A2669",1,"2024-08-02","connarus erianthus",7.61999999923864,237.320000000298,11.5228178798532,1.3,NA,"AS",NA,NA,NA,NA
13927,"Site1","2024-08-03","Plot1","4","2024-08-02","Y21","_0Y0514","_0Y0514",1,"2024-08-02","apeiba membranacea",486.581479632936,418.130207402632,34.5,3.43,NA,"AS",NA,NA,NA,NA
8139,"Site1","2024-08-03","Plot1","4","2024-08-02","O6","_0O0129","_0O0129",1,"2024-08-02","moquilea guianensis",280.759994411375,109.570024343207,16.4,1.3,NA,"AS",NA,NA,NA,NA
6575,"Site1","2024-08-03","Plot1","4","2024-08-02","L13","_0L0279","_0L0279",1,"2024-08-02","astrocaryum ferrugineum",233.090047321166,253.369974067435,12.9,1.3,NA,"AS",NA,NA,NA,NA
1314,"Site1","2024-08-03","Plot1","4","2024-08-02","C8","_0C0165","_0C0165",1,"2024-08-02","otoba parvifolia",54.9899999960908,158.580000000075,52.2028213341417,1.3,NA,"AS",NA,NA,NA,NA
2348,"Site1","2024-08-03","Plot1","4","2024-08-02","E1","_0E0010","_0E0010",1,"2024-08-02","trichilia solitudinis",88.9700009124936,17.7100252788514,16.3,1.3,NA,"AS",NA,NA,NA,NA
10254,"Site1","2024-08-03","Plot1","4","2024-08-02","R14","_0R2935","_0R2935",1,"2024-08-02","parkia multijuga",358.599974759738,272.719961663708,10.5,1.3,NA,"AS",NA,NA,NA,NA
14519,"Site1","2024-08-03","Plot1","4","2024-08-02","E15","_2E0526","_2E0526",1,"2024-08-02",NA,82.4148049779469,285.153014132753,16.9,1.3,NA,"AS",NA,NA,NA,NA
10145,"Site1","2024-08-03","Plot1","4","2024-08-02","R1","_0R0759","_0R0759",1,"2024-08-02","eschweilera gigantea",358.739954586956,17.4199989251792,11,1.3,NA,"AS",NA,NA,NA,NA
10019,"Site1","2024-08-03","Plot1","4","2024-08-02","R19","_0R0383","_0R0383",1,"2024-08-02","matayba elegans",345.259968175727,374.11996649392,22.9,1.3,NA,"AS",NA,NA,NA,NA
1302,"Site1","2024-08-03","Plot1","4","2024-08-02","C7","_0C0148","_0C0148",1,"2024-08-02","eschweilera coriacea",50.8099999953411,128.740000000224,27.4383121890428,1.3,NA,"AS",NA,NA,NA,NA
690,"Site1","2024-08-03","Plot1","4","2024-08-02","B5","_0B0148","_0B0148",1,"2024-08-02","virola pavonis",27.7799999943818,94.8300000000745,14.3239448782706,1.3,NA,"AS",NA,NA,NA,NA
12163,"Site1","2024-08-03","Plot1","4","2024-08-02","V17","_0V0362","_0V0362",1,"2024-08-02","eschweilera coriacea",423.820025623951,328.269973950461,19,2.7,NA,"AS",NA,NA,NA,NA
3365,"Site1","2024-08-03","Plot1","4","2024-08-02","F15","_0F3364","_0F3364",1,"2024-08-02","inga yacoana",104.210034439981,290.81997734867,11.7,1.8,NA,"AS",NA,NA,NA,NA
6632,"Site1","2024-08-03","Plot1","4","2024-08-02","L17","_0L0369","_0L0369",1,"2024-08-02","brosimum guianense",220.250015909143,331.72002449818,33.8,1.3,NA,"AS",NA,NA,NA,NA
4458,"Site1","2024-08-03","Plot1","4","2024-08-02","H1","_0H0653","_0H0653",1,"2024-08-02","miconia napoana",140.209986112139,2.71998755633831,10.7,1.3,NA,"AS",NA,NA,NA,NA
3172,"Site1","2024-08-03","Plot1","4","2024-08-02","F19","_0F0460","_0F0460",1,"2024-08-02","eschweilera coriacea",118.450045964331,367.350012339652,12.1,1.3,NA,"AS",NA,NA,NA,NA
514,"Site1","2024-08-03","Plot1","4","2024-08-02","A15","_0A3294","_0A3294",1,"2024-08-02","guarea kunthiana",9.27999999938766,299.320000000298,10.7588741530121,1.3,NA,"AS",NA,NA,NA,NA
11783,"Site1","2024-08-03","Plot1","4","2024-08-02","U5","_0U1487","_0U1487",1,"2024-08-02","xylopia calophylla",410.540008058597,84.6500254515558,25.1,1.3,NA,"AS",NA,NA,NA,NA
5762,"Site1","2024-08-03","Plot1","4","2024-08-02","J24","_0J4979","_0J4979",1,"2024-08-02","cecropia sciadophylla",185.120042590715,466.319991203025,25.1,1.3,NA,"AS",NA,NA,NA,NA
14356,"Site1","2024-08-03","Plot1","4","2024-08-02","R15","_1R0485","_1R0485",1,"2024-08-02","unidentified",353.749301423901,293.805592551827,11,1.3,NA,"AS",NA,NA,NA,NA
674,"Site1","2024-08-03","Plot1","4","2024-08-02","B4","_0B0125","_0B0125",1,"2024-08-02","iriartea deltoidea",32.380012183974,62.5400108005852,29.8256363354212,2.74,NA,"AS",NA,NA,NA,NA
944,"Site1","2024-08-03","Plot1","4","2024-08-02","B20","_0B0522","_0B0522",1,"2024-08-02","virola sebifera",30.2299965854618,385.980027334765,20.9447905108934,1.3,NA,"ABS",NA,NA,NA,NA
8023,"Site1","2024-08-03","Plot1","4","2024-08-02","N22","_0N4494","_0N4494",1,"2024-08-02","oxandra mediocris",278.619974672911,439.729950599372,11.4,1.3,NA,"AS",NA,NA,NA,NA
8984,"Site1","2024-08-03","Plot1","4","2024-08-02","P23","_0P0499","_0P0499",1,"2024-08-02","pseudolmedia laevigata",305.979973125097,458.799958899617,32.9,1.3,NA,"AS",NA,NA,NA,NA
3559,"Site1","2024-08-03","Plot1","4","2024-08-02","G9","_0G0188","_0G0188",1,"2024-08-02","scleronema micranthum",137.940000334755,170.719971287996,18.3,1.3,NA,"AS",NA,NA,NA,NA
11752,"Site1","2024-08-03","Plot1","4","2024-08-02","U2","_0U1026","_0U1026",1,"2024-08-02","eschweilera coriacea",411.799981016724,28.8200014848262,10.5,1.3,NA,"AS",NA,NA,NA,NA
6565,"Site1","2024-08-03","Plot1","4","2024-08-02","L12","_0L0257","_0L0257",1,"2024-08-02","eschweilera coriacea",227.100010406051,234.550033709034,40,1.3,NA,"AS",NA,NA,NA,NA
5618,"Site1","2024-08-03","Plot1","4","2024-08-02","J1","_0J0790","_0J0790",1,"2024-08-02","sorocea steinbachii",193.770018295909,18.6200063414872,10.2,1.3,NA,"AS",NA,NA,NA,NA
161,"Site1","2024-08-03","Plot1","4","2024-08-02","A10","_0A0242","_0A0242",1,"2024-08-02","pouteria krukovii",16.3899509871262,197.459969190881,39.215777977843,1.3,NA,"AS",NA,NA,NA,NA
12772,"Site1","2024-08-03","Plot1","4","2024-08-02","W22","_0W0548","_0W0548",1,"2024-08-02","theobroma obovatum",458.290047906863,422.170044887811,15.3,1.3,NA,"AS",NA,NA,NA,NA
3884,"Site1","2024-08-03","Plot1","4","2024-08-02","G6","_0G1646","_0G1646",1,"2024-08-02","hieronyma oblonga",128.830001173948,110.889989836141,11.2,1.3,NA,"AS",NA,NA,NA,NA
4196,"Site1","2024-08-03","Plot1","4","2024-08-02","H12","_0H0240","_0H0240",1,"2024-08-02","guarea kunthiana",144.160037194495,220.820020988584,12.8,1.3,NA,"AS",NA,NA,NA,NA
766,"Site1","2024-08-03","Plot1","4","2024-08-02","B9","_0B0252","_0B0252",1,"2024-08-02","theobroma subincanum",20.8199999891222,164.980000000447,13.432677196956,1.3,NA,"AS",NA,NA,NA,NA
13856,"Site1","2024-08-03","Plot1","4","2024-08-02","Y17","_0Y0433","_0Y0433",1,"2024-08-02","eschweilera coriacea",495.639978802938,333.089960472658,35.5,3.55,NA,"AS",NA,NA,NA,NA
9864,"Site1","2024-08-03","Plot1","4","2024-08-02","R4","_0R0081","_0R0081",1,"2024-08-02","myrtaceae sp.4",351.540003999486,75.9199946820736,19.1,1.3,NA,"AS",NA,NA,NA,NA
13233,"Site1","2024-08-03","Plot1","4","2024-08-02","X17","_0X0388","_0X0388",1,"2024-08-02","nealchornea yapurensis",469.849953575875,327.889953983948,14.2,1.3,NA,"AS",NA,NA,NA,NA
9973,"Site1","2024-08-03","Plot1","4","2024-08-02","R14","_0R0275","_0R0275",1,"2024-08-02","neea ovalifolia",342.799973406654,275.480037346482,34.6,1.3,NA,"AS",NA,NA,NA,NA
60,"Site1","2024-08-03","Plot1","4","2024-08-02","A4","_0A0090","_0A0090",1,"2024-08-02","micropholis guyanensis",4.66998203791445,68.9999617282301,20.9766214995118,1.3,NA,"AS",NA,NA,NA,NA
2009,"Site1","2024-08-03","Plot1","4","2024-08-02","D14","_0D0311","_0D0311",1,"2024-08-02","inga chartacea",70.2900194872636,263.949985653162,28.0749319614103,1.3,NA,"AS",NA,NA,NA,NA
5776,"Site1","2024-08-03","Plot1","4","2024-08-02","J25","_0J5238","_0J5238",1,"2024-08-02","neea parviflora",183.590045489254,490.730020638555,18.6,1.3,NA,"AS",NA,NA,NA,NA
10625,"Site1","2024-08-03","Plot1","4","2024-08-02","S23","_0S0499","_0S0499",1,"2024-08-02","eschweilera itayensis",377.969967939658,440.589966064319,53.3,1.3,NA,"AS",NA,NA,NA,NA
14150,"Site1","2024-08-03","Plot1","4","2024-08-02","Y11","_0Y5205","_0Y5205",1,"2024-08-02",NA,483.976626467309,207.183060811833,14.6,1.3,NA,"AS",NA,NA,NA,NA
8388,"Site1","2024-08-03","Plot1","4","2024-08-02","O21","_0O0505","_0O0505",1,"2024-08-02","apeiba membranacea",291.540032324905,404.399994429201,33,1.3,NA,"AS",NA,NA,NA,NA
11024,"Site1","2024-08-03","Plot1","4","2024-08-02","T13","_0T0303","_0T0303",1,"2024-08-02","sapindaceae sp.3",397.599987483001,255.749980788678,11.7,1.3,NA,"AS",NA,NA,NA,NA
9538,"Site1","2024-08-03","Plot1","4","2024-08-02","Q21","_0Q0451","_0Q0451",1,"2024-08-02","naucleopsis ulei",338.690025668067,410.120020056143,12.1,1.3,NA,"AS",NA,NA,NA,NA
13115,"Site1","2024-08-03","Plot1","4","2024-08-02","X10","_0X0221","_0X0221",1,"2024-08-02","inga sp.7",460.749990240321,199.269965739921,70.75,3.8,NA,"AS",NA,NA,NA,NA
13613,"Site1","2024-08-03","Plot1","4","2024-08-02","Y4","_0Y0090","_0Y0090",1,"2024-08-02","leptobalanus octandrus",493.530030223308,69.6899805963039,16.9,1.3,NA,"AS",NA,NA,NA,NA
7032,"Site1","2024-08-03","Plot1","4","2024-08-02","M5","_0M0109","_0M0109",1,"2024-08-02","astrocaryum ferrugineum",250.620020551141,94.5400477107614,14.2,1.3,NA,"AS",NA,NA,NA,NA
4427,"Site1","2024-08-03","Plot1","4","2024-08-02","H24","_0H0567","_0H0567",1,"2024-08-02","chrysochlamys weberbaueri",151.210004055698,471.479967035353,26.3,1.75,NA,"AS",NA,NA,NA,NA
12272,"Site1","2024-08-03","Plot1","4","2024-08-02","V3","_0V1104","_0V1104",1,"2024-08-02","theobroma obovatum",434.510046384938,42.4100005421788,11.2,1.3,NA,"AS",NA,NA,NA,NA
992,"Site1","2024-08-03","Plot1","4","2024-08-02","B25","_0B0617","_0B0617",1,"2024-08-02","iryanthera hostmannii",26.1900230824831,482.5500363186,14.1011279579419,1.3,NA,"AS",NA,NA,NA,NA
1254,"Site1","2024-08-03","Plot1","4","2024-08-02","C4","_0C0094","_0C0094",1,"2024-08-02","aspidosperma excelsum",54.8199999967474,65.230000000447,18.6211283417518,1.3,NA,"AS",NA,NA,NA,NA
10866,"Site1","2024-08-03","Plot1","4","2024-08-02","T1","_0T0004","_0T0004",1,"2024-08-02","astrocaryum ferrugineum",387.100022093102,9.29999640025198,14.8,1.3,NA,"AS",NA,NA,NA,NA
13774,"Site1","2024-08-03","Plot1","4","2024-08-02","Y13","_0Y0320","_0Y0320",1,"2024-08-02","iryanthera macrophylla",483.120036481821,246.829978143796,12,1.3,NA,"AS",NA,NA,NA,NA
4059,"Site1","2024-08-03","Plot1","4","2024-08-02","H3","_0H0043","_0H0043",1,"2024-08-02","eschweilera bracteosa",142.670039218792,41.1999754365534,33.9,2.7,NA,"AS",NA,NA,NA,NA
10495,"Site1","2024-08-03","Plot1","4","2024-08-02","S11","_0S0252","_0S0252",1,"2024-08-02","eschweilera bracteosa",360.521279757144,214.922159489244,11.9,1.3,NA,"AS",NA,NA,NA,NA
4168,"Site1","2024-08-03","Plot1","4","2024-08-02","H10","_0H0200","_0H0200",1,"2024-08-02","eschweilera coriacea",147.010026474658,196.84001096338,21,1.3,NA,"AS",NA,NA,NA,NA
8235,"Site1","2024-08-03","Plot1","4","2024-08-02","O12","_0O0271","_0O0271",1,"2024-08-02","sapium marmieri",281.190039765381,221.199987195432,44.9,1.3,NA,"AS",NA,NA,NA,NA
814,"Site1","2024-08-03","Plot1","4","2024-08-02","B12","_0B0322","_0B0322",1,"2024-08-02","perebea guianensis",28.5199999964098,221.009999999776,44.2132431909285,1.3,NA,"AS",NA,NA,NA,NA
8964,"Site1","2024-08-03","Plot1","4","2024-08-02","P22","_0P0476","_0P0476",1,"2024-08-02","guarea sp.1",311.590042920318,439.229956388474,15,1.3,NA,"AS",NA,NA,NA,NA
4151,"Site1","2024-08-03","Plot1","4","2024-08-02","H8","_0H0172","_0H0172",1,"2024-08-02","conceveiba guianensis",156.119954251975,145.979987872764,13.6,1.3,NA,"AS",NA,NA,NA,NA
5226,"Site1","2024-08-03","Plot1","4","2024-08-02","J2","_0J0035","_0J0035",1,"2024-08-02","qualea paraensis",183.899988244579,28.579953789711,39.6,2,NA,"AS",NA,NA,NA,NA
2924,"Site1","2024-08-03","Plot1","4","2024-08-02","F3","_0F0071","_0F0071",1,"2024-08-02","scleronema micranthum",119.719984889205,40.2900177147239,13.4,3.1,NA,"AS",NA,NA,NA,NA
10485,"Site1","2024-08-03","Plot1","4","2024-08-02","S10","_0S0236","_0S0236",1,"2024-08-02","theobroma subincanum",371.459989581432,180.050008190796,20.8,1.3,NA,"AS",NA,NA,NA,NA
2209,"Site1","2024-08-03","Plot1","4","2024-08-02","D8","_0D1879","_0D1879",1,"2024-08-02","nealchornea yapurensis",63.2399508242379,143.099968107417,10.1222543806445,1.3,NA,"AS",NA,NA,NA,NA
2179,"Site1","2024-08-03","Plot1","4","2024-08-02","D3","_0D0969","_0D0969",1,"2024-08-02","otoba glycycarpa",62.6599999912432,43.3799999989569,29.7,1.3,NA,"AS",NA,NA,NA,NA
9735,"Site1","2024-08-03","Plot1","4","2024-08-02","Q17","_0Q3438","_0Q3438",1,"2024-08-02","matayba elegans",328.849968637631,327.749960970134,13.5,1.3,NA,"AS",NA,NA,NA,NA
13975,"Site1","2024-08-03","Plot1","4","2024-08-02","Y24","_0Y0598","_0Y0598",1,"2024-08-02","miconia punctata",497.420042529644,460.770023398101,20.35,1.3,NA,"AS",NA,NA,NA,NA
1589,"Site1","2024-08-03","Plot1","4","2024-08-02","C1","_0C0844","_0C0844",1,"2024-08-02","otoba glycycarpa",56.7099999943748,0.839999999850988,11.4273249139981,1.3,NA,"AS",NA,NA,NA,NA
6352,"Site1","2024-08-03","Plot1","4","2024-08-02","K19","_0K4054","_0K4054",1,"2024-08-02","apeiba membranacea",209.26003807463,368.719951078296,17.2,1.3,NA,"AS",NA,NA,NA,NA
7518,"Site1","2024-08-03","Plot1","4","2024-08-02","N2","_0N0036","_0N0036",1,"2024-08-02","osteophloeum platyspermum",271.400004124094,38.2599824629724,59.6,1.3,NA,"AS",NA,NA,NA,NA
7660,"Site1","2024-08-03","Plot1","4","2024-08-02","N11","_0N0225","_0N0225",1,"2024-08-02","ficus sp.3",260.560000685626,215.730003654957,87,6.5,NA,"AS",NA,NA,NA,NA
8669,"Site1","2024-08-03","Plot1","4","2024-08-02","P1","_0P0016","_0P0016",1,"2024-08-02","warszewiczia coccinea",307.480039806629,14.7599728424102,10.4,1.3,NA,"AS",NA,NA,NA,NA
11499,"Site1","2024-08-03","Plot1","4","2024-08-02","U11","_0U0230","_0U0230",1,"2024-08-02","astrocaryum ferrugineum",400.789977265289,217.700002508238,10.4,1.3,NA,"AS",NA,NA,NA,NA
1178,"Site1","2024-08-03","Plot1","4","2024-08-02","B24","_0B5075","_0B5075",1,"2024-08-02","calliandra trinervia",36.6200141927111,468.430014839396,10.4405642668283,1.3,NA,"AS",NA,NA,NA,NA
5164,"Site1","2024-08-03","Plot1","4","2024-08-02","I17","_0I3583","_0I3583",1,"2025-02-20","otoba glycycarpa",178.582514563983,335.415791159496,11.8,1.3,NA,"AS",NA,NA,NA,NA
8230,"Site1","2024-08-03","Plot1","4","2024-08-02","O11","_0O0265","_0O0265",1,"2024-08-02","endlicheria sp.7",290.070018982049,204.899993274361,14.9,2.25,NA,"AS",NA,NA,NA,NA
7914,"Site1","2024-08-03","Plot1","4","2024-08-02","N25","_0N0570","_0N0570",1,"2024-08-02","pouteria multiflora",270.51003641478,488.790040777996,15.5,1.3,NA,"AS",NA,NA,NA,NA
2520,"Site1","2024-08-03","Plot1","4","2024-08-02","E11","_0E0262","_0E0262",1,"2024-08-02","scleronema micranthum",91.549959261145,200.359975380823,29.3,1.3,NA,"AS",NA,NA,NA,NA
7149,"Site1","2024-08-03","Plot1","4","2024-08-02","M14","_0M0297","_0M0297",1,"2024-08-02","scleronema micranthum",241.2099819305,263.959971161559,11.8,1.3,NA,"AS",NA,NA,NA,NA
10835,"Site1","2024-08-03","Plot1","4","2024-08-02","S22","_0S3932","_0S3932",1,"2024-08-02","oxandra xylopioides",367.500032715616,429.04000928998,10.7,1.3,NA,"AS",NA,NA,NA,NA
3424,"Site1","2024-08-03","Plot1","4","2024-08-02","F24","_0F4992","_0F4992",1,"2024-08-02","trichilia solitudinis",113.62003927998,463.969952795655,10.4,1.3,NA,"AS",NA,NA,NA,NA
14756,"Site1","2024-08-03","Plot1","4","2024-08-02","U1","_2U0019","_2U0019",1,"2024-08-02",NA,400.361419246183,9.626355310902,13.4,1.3,NA,"AS",NA,NA,NA,NA
9724,"Site1","2024-08-03","Plot1","4","2024-08-02","Q16","_0Q3282","_0Q3282",1,"2024-08-02","rudgea viburnoides",328.879952365125,306.819977676496,12.8,1.3,NA,"AS",NA,NA,NA,NA
7005,"Site1","2024-08-03","Plot1","4","2024-08-02","M3","_0M0070","_0M0070",1,"2024-08-02","pseudolmedia laevis",259.29001964943,55.4499786123633,16.6,1.3,NA,"AS",NA,NA,NA,NA
7742,"Site1","2024-08-03","Plot1","4","2024-08-02","N16","_0N0336","_0N0336",1,"2024-08-02","bixa urucurana",263.419953252363,305.660049375147,31.6,1.3,NA,"AS",NA,NA,NA,NA
14236,"Site1","2024-08-03","Plot1","4","2024-08-02","H22","_1H0630","_1H0630",1,"2024-08-02","tachigali setifera",151.66998524603,437.169994421303,10.7,1.3,NA,"AS",NA,NA,NA,NA
1230,"Site1","2024-08-03","Plot1","4","2024-08-02","C3","_0C0053","_0C0053",1,"2024-08-02","pourouma tomentosa",43.4999999920256,54.480000000447,42.9718346348117,1.84,NA,"AS",NA,NA,NA,NA
10344,"Site1","2024-08-03","Plot1","4","2024-08-02","S1","_0S0013","_0S0013",1,"2024-08-02","neea ovalifolia",378.340049642429,14.0600131265819,14.7,1.3,NA,"AS",NA,NA,NA,NA
1508,"Site1","2024-08-03","Plot1","4","2024-08-02","C20","_0C0431","_0C0431",1,"2024-08-02","astrocaryum ferrugineum",43.999992944824,396.750000245869,12.6687334701149,1.3,NA,"AS",NA,NA,NA,NA
1572,"Site1","2024-08-03","Plot1","4","2024-08-02","C25","_0C0542","_0C0542",1,"2024-08-02","turpinia occidentalis",53.0399516907637,493.980006502941,44.340567145402,1.3,NA,"AS",NA,NA,NA,NA
1477,"Site1","2024-08-03","Plot1","4","2024-08-02","C18","_0C0391","_0C0391",1,"2024-08-02","sloanea macrophylla",46.7100281887106,350.150010440499,44.4,4.88,NA,"AS",NA,NA,NA,NA
3125,"Site1","2024-08-03","Plot1","4","2024-08-02","F17","_0F0382","_0F0382",1,"2024-08-02","trichilia septentrionalis",104.99000662961,329.069981807843,10.9,1.3,NA,"AS",NA,NA,NA,NA
12255,"Site1","2024-08-03","Plot1","4","2024-08-02","V25","_0V0519","_0V0519",1,"2024-08-02","theobroma obovatum",435.509968666942,484.58999023959,16.3,1.3,NA,"AS",NA,NA,NA,NA
9583,"Site1","2024-08-03","Plot1","4","2024-08-02","Q23","_0Q0506","_0Q0506",1,"2024-08-02","carapa guianensis",333.980013221968,448.229990657419,15.5,1.3,NA,"AS",NA,NA,NA,NA
12538,"Site1","2024-08-03","Plot1","4","2024-08-02","W9","_0W0197","_0W0197",1,"2024-08-02","brosimum lactescens",441.799969889747,171.56001073122,46.5,3.3,NA,"AS",NA,NA,NA,NA
12611,"Site1","2024-08-03","Plot1","4","2024-08-02","W14","_0W0312","_0W0312",1,"2024-08-02","banara nitida",449.639974526304,264.069994468242,43.85,1.75,NA,"AS",NA,NA,NA,NA
7300,"Site1","2024-08-03","Plot1","4","2024-08-02","M24","_0M0524","_0M0524",1,"2024-08-02","astrocaryum ferrugineum",249.170042159443,469.480002097785,16.6,1.3,NA,"AS",NA,NA,NA,NA
4505,"Site1","2024-08-03","Plot1","4","2024-08-02","H7","_0H1781","_0H1781",1,"2024-08-02","nealchornea yapurensis",141.180011068122,138.700035974383,13.5,1.3,NA,"AS",NA,NA,NA,NA
890,"Site1","2024-08-03","Plot1","4","2024-08-02","B16","_0B0442","_0B0442",1,"2024-08-02","eschweilera rufifolia",31.249999993539,305.699999999255,16.9022549563593,1.3,NA,"AS",NA,NA,NA,NA
9287,"Site1","2024-08-03","Plot1","4","2024-08-02","Q3","_0Q0071","_0Q0071",1,"2024-08-02","dialium guianense",339.407746236597,50.6249000839889,71.2,1.3,NA,"AS",NA,NA,NA,NA
2823,"Site1","2024-08-03","Plot1","4","2024-08-02","E16","_0E3375","_0E3375",1,"2024-08-02","nealchornea yapurensis",93.3100051077199,315.040008042008,14.4,1.3,NA,"AS",NA,NA,NA,NA
12166,"Site1","2024-08-03","Plot1","4","2024-08-02","V17","_0V0365","_0V0365",1,"2024-08-02","pachira insignis",420.199976931501,333.009998681024,20.3,1.3,NA,"AS",NA,NA,NA,NA
10276,"Site1","2024-08-03","Plot1","4","2024-08-02","R18","_0R3470","_0R3470",1,"2024-08-02","eschweilera coriacea",340.379974356852,342.58001177758,11,1.3,NA,"AS",NA,NA,NA,NA
4430,"Site1","2024-08-03","Plot1","4","2024-08-02","H24","_0H0576","_0H0576",1,"2024-08-02","brosimum multinervium",154.879981600854,466.789959488437,20.3,1.3,NA,"AS",NA,NA,NA,NA
8876,"Site1","2024-08-03","Plot1","4","2024-08-02","P15","_0P0328","_0P0328",1,"2024-08-02","eschweilera coriacea",310.460036913224,286.489957423881,13.8,1.3,NA,"AS",NA,NA,NA,NA
13364,"Site1","2024-08-03","Plot1","4","2024-08-02","X25","_0X0603","_0X0603",1,"2024-08-02","theobroma obovatum",466.329991012288,499.420036582276,25.1,1.3,NA,"AS",NA,NA,NA,NA
12758,"Site1","2024-08-03","Plot1","4","2024-08-02","W21","_0W0525","_0W0525",1,"2024-08-02","moquilea jaramilloi",459.299973685585,405.749966075644,57,1.3,NA,"AS",NA,NA,NA,NA
10806,"Site1","2024-08-03","Plot1","4","2024-08-02","S16","_0S3122","_0S3122",1,"2024-08-02","conceveiba guianensis",368.509963419754,317.719956902787,11.1,1.4,NA,"AS",NA,NA,NA,NA
11970,"Site1","2024-08-03","Plot1","4","2024-08-02","V4","_0V0088","_0V0088",1,"2024-08-02","virola duckei",435.480024386896,65.5099947564304,15.2,1.3,NA,"AS",NA,NA,NA,NA
9080,"Site1","2024-08-03","Plot1","4","2024-08-02","P5","_0P1494","_0P1494",1,"2024-08-02","mollia gracilis",307.230030334089,81.3999593388289,12.3,1.3,NA,"AS",NA,NA,NA,NA
3644,"Site1","2024-08-03","Plot1","4","2024-08-02","G14","_0G0306","_0G0306",1,"2024-08-02","sterculia colombiana",120.868647698022,270.048287233338,43,1.3,NA,"AS",NA,NA,NA,NA
2528,"Site1","2024-08-03","Plot1","4","2024-08-02","E12","_0E0270","_0E0270",1,"2024-08-02","minquartia guianensis",84.3999628720921,227.66999094747,28,1.3,NA,"AS",NA,NA,NA,NA
9631,"Site1","2024-08-03","Plot1","4","2024-08-02","Q1","_0Q0848","_0Q0848",1,"2024-08-02","stryphnodendron polystachyum",333.504885982897,8.76711382158101,12.8,1.3,NA,"AS",NA,NA,NA,NA
6372,"Site1","2024-08-03","Plot1","4","2024-08-02","K21","_0K4496","_0K4496",1,"2024-08-02","euterpe precatoria",201.83002077596,419.369986785576,10.3,1.3,NA,"AS",NA,NA,NA,NA
8420,"Site1","2024-08-03","Plot1","4","2024-08-02","O23","_0O0552","_0O0552",1,"2024-08-02","otoba glycycarpa",283.640005346853,446.449991760775,29.7,1.3,NA,"AS",NA,NA,NA,NA
14033,"Site1","2024-08-03","Plot1","4","2024-08-02","Y10","_0Y1923","_0Y1923",1,"2024-08-02","miconia spennerostachya",490.799967472674,183.959973990917,13.5,1.3,NA,"AS",NA,NA,NA,NA
9843,"Site1","2024-08-03","Plot1","4","2024-08-02","R3","_0R0051","_0R0051",1,"2024-08-02","agonandra brasiliensis",340.239982462081,41.9900314472616,22.5,1.3,NA,"AS",NA,NA,NA,NA
8132,"Site1","2024-08-03","Plot1","4","2024-08-02","O5","_0O0120","_0O0120",1,"2024-08-02","pachira insignis",293.240009840636,89.2499796319753,31.5,1.3,NA,"AS",NA,NA,NA,NA
8297,"Site1","2024-08-03","Plot1","4","2024-08-02","O15","_0O0359","_0O0359",1,"2024-08-02","moquilea jaramilloi",280.610008736316,281.939987080172,16.5,1.3,NA,"AS",NA,NA,NA,NA
4284,"Site1","2024-08-03","Plot1","4","2024-08-02","H16","_0H0354","_0H0354",1,"2024-08-02","minquartia guianensis",151.660019176023,314.11999915354,25.2,2.1,NA,"AS",NA,NA,NA,NA
11880,"Site1","2024-08-03","Plot1","4","2024-08-02","U21","_0U3665","_0U3665",1,"2024-08-02","sloanea multiflora",418.770033309411,415.970015764236,24.8,1.35,NA,"AS",NA,NA,NA,NA
6010,"Site1","2024-08-03","Plot1","4","2024-08-02","K14","_0K0316","_0K0316",1,"2024-08-02","pourouma guianensis",214.039979965193,273.399962380528,46.5,2.45,NA,"AS",NA,NA,NA,NA
12126,"Site1","2024-08-03","Plot1","4","2024-08-02","V15","_0V0313","_0V0313",1,"2024-08-02","cecropia sciadophylla",428.710012445401,283.809967273846,35.8,1.3,NA,"AS",NA,NA,NA,NA
11109,"Site1","2024-08-03","Plot1","4","2024-08-02","T21","_0T0461","_0T0461",1,"2024-08-02","ocotea cernua",389.320034844219,415.570015884936,23.7,1.3,NA,"AS",NA,NA,NA,NA
7509,"Site1","2024-08-03","Plot1","4","2024-08-02","N1","_0N0023","_0N0023",1,"2024-08-02","sterculia peruviana",279.249988562835,14.219975810498,17.3,1.3,NA,"AS",NA,NA,NA,NA
13339,"Site1","2024-08-03","Plot1","4","2024-08-02","X22","_0X0550","_0X0550",1,"2024-08-02","pera sp.1",479.000013410521,421.459986357018,28.8,1.3,NA,"AS",NA,NA,NA,NA
2871,"Site1","2024-08-03","Plot1","4","2024-08-02","E23","_0E4603","_0E4603",1,"2024-08-02","eschweilera coriacea",83.630028750049,440.080017546192,17.3,1.3,NA,"AS",NA,NA,NA,NA
5303,"Site1","2024-08-03","Plot1","4","2024-08-02","J9","_0J0195","_0J0195",1,"2024-08-02","protium nodulosum",187.360022692825,167.759957537055,17.6,1.3,NA,"AS",NA,NA,NA,NA
7763,"Site1","2024-08-03","Plot1","4","2024-08-02","N17","_0N0365","_0N0365",1,"2024-08-02","minquartia guianensis",266.380028341606,334.479951657355,23.6,1.3,NA,"AS",NA,NA,NA,NA
11369,"Site1","2024-08-03","Plot1","4","2024-08-02","U1","_0U0004","_0U0004",1,"2024-08-02","euterpe precatoria",402.159987874504,9.41999022476375,18.7,1.3,NA,"AS",NA,NA,NA,NA
12459,"Site1","2024-08-03","Plot1","4","2024-08-02","W4","_0W0070","_0W0070",1,"2024-08-02","dendrobangia multinervia",445.240015115996,77.6500038634986,34.9,1.3,NA,"AS",NA,NA,NA,NA
8818,"Site1","2024-08-03","Plot1","4","2024-08-02","P11","_0P0248","_0P0248",1,"2024-08-02","warszewiczia coccinea",314.715588209452,214.875116309151,16.6,1.3,NA,"AS",NA,NA,NA,NA
4763,"Site1","2024-08-03","Plot1","4","2024-08-02","I8","_0I0194","_0I0194",1,"2024-08-02","eschweilera rufifolia",177.43004836858,158.809992553666,15.4,1.3,NA,"AS",NA,NA,NA,NA
9587,"Site1","2024-08-03","Plot1","4","2024-08-02","Q23","_0Q0510","_0Q0510",1,"2024-08-02","anacardium sp.1",338.620025989541,441.820024061948,30.1,1.3,NA,"AS",NA,NA,NA,NA
2893,"Site1","2024-08-03","Plot1","4","2024-08-02","F1","_0F0021","_0F0021",1,"2024-08-02","iriartea deltoidea",111.759980073024,2.8999764341861,26.8,1.3,NA,"AS",NA,NA,NA,NA
12793,"Site1","2024-08-03","Plot1","4","2024-08-02","W25","_0W0591","_0W0591",1,"2024-08-02","himatanthus sucuuba",445.94002191379,488.90999539569,27.3,1.3,NA,"AS",NA,NA,NA,NA
288,"Site1","2024-08-03","Plot1","4","2024-08-02","A18","_0A0421","_0A0421",1,"2024-08-20","eschweilera gigantea",8.4930896909791,368.031883617863,36.9876087745565,1.7,NA,"AS",NA,NA,NA,NA
104,"Site1","2024-08-03","Plot1","4","2024-08-02","A6","_0A0154","_0A0154",1,"2024-08-02","virola calophylla",16.6999677515705,115.159976655617,19.0667621824091,1.3,NA,"AS",NA,NA,NA,NA
2919,"Site1","2024-08-03","Plot1","4","2024-08-02","F3","_0F0065","_0F0065",1,"2024-08-02","eschweilera coriacea",115.029992070748,59.4600284676999,35.1,1.3,NA,"AS",NA,NA,NA,NA
414,"Site1","2024-08-03","Plot1","4","2024-08-02","A3","_0A0910","_0A0910",1,"2024-08-02","chimarrhis glabriflora",2.20002471003681,45.5000323057175,16.2338041953733,1.3,NA,"AS",NA,NA,NA,NA
11241,"Site1","2024-08-03","Plot1","4","2024-08-02","T6","_0T1413","_0T1413",1,"2024-08-02","eschweilera coriacea",385.240003530344,113.809954261407,12.8,1.3,NA,"AS",NA,NA,NA,NA
9504,"Site1","2024-08-03","Plot1","4","2024-08-02","Q19","_0Q0392","_0Q0392",1,"2024-08-02","eschweilera parvifolia",328.970048518328,362.0099850595,18.4,1.3,NA,"AS",NA,NA,NA,NA
1391,"Site1","2024-08-03","Plot1","4","2024-08-02","C14","_0C0282","_0C0282",1,"2024-08-02","minquartia guianensis",45.9900409551337,278.210041346028,23.2366216914167,2.04,NA,"AS",NA,NA,NA,NA
12464,"Site1","2024-08-03","Plot1","4","2024-08-02","W4","_0W0076","_0W0076",1,"2024-08-02","scleronema micranthum",451.619975436828,71.4699506852776,27.9,1.3,NA,"AS",NA,NA,NA,NA
8901,"Site1","2024-08-03","Plot1","4","2024-08-02","P17","_0P0360","_0P0360",1,"2024-08-02","eschweilera sp.2",303.569970579701,338.860024860129,31.3,1.3,NA,"AS",NA,NA,NA,NA
970,"Site1","2024-08-03","Plot1","4","2024-08-02","B23","_0B0572","_0B0572",1,"2024-08-02","eschweilera coriacea",22.2500096629374,449.239951327443,37.0194397631749,1.3,NA,"AS",NA,NA,NA,NA
11436,"Site1","2024-08-03","Plot1","4","2024-08-02","U7","_0U0143","_0U0143",1,"2024-08-02","eschweilera coriacea",403.439997413079,130.739971922711,39.8,1.3,NA,"AS",NA,NA,NA,NA
13428,"Site1","2024-08-03","Plot1","4","2024-08-02","X10","_0X1915","_0X1915",1,"2024-08-02","virola sebifera",477.199953620147,181.789972351864,12.6,1.3,NA,"AS",NA,NA,NA,NA
13791,"Site1","2024-08-03","Plot1","4","2024-08-02","Y14","_0Y0351","_0Y0351",1,"2024-08-02","tetragastris panamensis",488.990008701046,273.480031182989,33.45,1.3,NA,"AS",NA,NA,NA,NA
5266,"Site1","2024-08-03","Plot1","4","2024-08-02","J4","_0J0099","_0J0099",1,"2024-08-02","chrysophyllum argenteum",185.630011645611,70.6399613525718,14.5,1.3,NA,"AS",NA,NA,NA,NA
8912,"Site1","2024-08-03","Plot1","4","2024-08-02","P19","_0P0396","_0P0396",1,"2024-08-02","pseudolmedia laevis",303.932380074111,365.7657615114,26,1.3,NA,"AS",NA,NA,NA,NA
11189,"Site1","2024-08-03","Plot1","4","2024-08-02","T25","_0T0563","_0T0563",1,"2024-08-02","euterpe precatoria",393.660027775157,495.739960467443,19.4,1.3,NA,"AS",NA,NA,NA,NA
12592,"Site1","2024-08-03","Plot1","4","2024-08-02","W13","_0W0281","_0W0281",1,"2024-08-02","theobroma microcarpum",447.320041097177,244.789982149377,19.1,1.3,NA,"AS",NA,NA,NA,NA
6064,"Site1","2024-08-03","Plot1","4","2024-08-02","K18","_0K0401","_0K0401",1,"2024-08-02","virola pavonis",204.420035049028,358.979982653633,19.1,1.3,NA,"AS",NA,NA,NA,NA
6444,"Site1","2024-08-03","Plot1","4","2024-08-02","L2","_0L0052","_0L0052",1,"2024-08-02","garcinia macrophylla",237.050040973118,21.8199720401317,25.5,1.3,NA,"AS",NA,NA,NA,NA
12383,"Site1","2024-08-03","Plot1","4","2024-08-02","V22","_0V3488","_0V3488",1,"2024-08-02","machaerium macrophyllum",427.599953295256,433.699952209368,10.9,1.3,NA,"AS",NA,NA,NA,NA
4774,"Site1","2024-08-03","Plot1","4","2024-08-02","I9","_0I0210","_0I0210",1,"2024-08-02","dacryodes amplectans",178.866952836572,174.315270485356,16.1,1.3,NA,"AS",NA,NA,NA,NA
8378,"Site1","2024-08-03","Plot1","4","2024-08-02","O21","_0O0492","_0O0492",1,"2024-08-02","licania micrantha",280.379958555859,410.99998642318,14.1,1.3,NA,"AS",NA,NA,NA,NA
4355,"Site1","2024-08-03","Plot1","4","2024-08-02","H21","_0H0465","_0H0465",1,"2024-08-02","chrysophyllum argenteum",140.930006661045,411.749972574413,11.3,1.3,NA,"AS",NA,NA,NA,NA
9420,"Site1","2024-08-03","Plot1","4","2024-08-02","Q13","_0Q0272","_0Q0272",1,"2024-08-02","eschweilera gigantea",320.790040068736,256.419986089692,19.2,2.9,NA,"AS",NA,NA,NA,NA
12346,"Site1","2024-08-03","Plot1","4","2024-08-02","V15","_0V2733","_0V2733",1,"2024-08-02","ocotea sp.7",427.760026146832,299.009989500046,15.2,1.3,NA,"AS",NA,NA,NA,NA
8091,"Site1","2024-08-03","Plot1","4","2024-08-02","O2","_0O0049","_0O0049",1,"2024-08-02","lindackeria paludosa",293.21004503814,23.249959314242,14.2,1.3,NA,"AS",NA,NA,NA,NA
524,"Site1","2024-08-03","Plot1","4","2024-08-02","A16","_0A3501","_0A3501",1,"2024-08-02","siparuna cristata",7.78003116731998,310.53997701779,10.6952121757754,1.3,NA,"AS",NA,NA,NA,NA
7049,"Site1","2024-08-03","Plot1","4","2024-08-02","M6","_0M0130","_0M0130",1,"2024-08-02","eschweilera coriacea",252.029956792423,117.8899538517,12.2,1.3,NA,"AS",NA,NA,NA,NA
5065,"Site1","2024-08-03","Plot1","4","2024-08-02","I1","_0I0722","_0I0722",1,"2024-08-02","crepidospermum prancei",163.000025853224,15.2999517861754,20.3,1.3,NA,"AS",NA,NA,NA,NA
4026,"Site1","2024-08-03","Plot1","4","2024-08-02","H1","_0H0005","_0H0005",1,"2024-08-02","astrocaryum ferrugineum",146.530045351014,9.76003818772733,14.4,1.3,NA,"AS",NA,NA,NA,NA
14201,"Site1","2024-08-03","Plot1","4","2024-08-02","E19","_1E0667","_1E0667",1,"2024-08-02","parkia multijuga",89.4982019698364,380.173051346093,24.9,1.3,NA,"AS",NA,NA,NA,"en campo es la placa 1E0669"
5365,"Site1","2024-08-03","Plot1","4","2024-08-02","J12","_0J0280","_0J0280",1,"2024-08-02","neea robusta",184.090019338939,224.099997615442,12.7,1.3,NA,"AS",NA,NA,NA,NA
2572,"Site1","2024-08-03","Plot1","4","2024-08-02","E14","_0E0337","_0E0337",1,"2024-08-02","annona jucunda",95.7499653912964,261.78001315333,55.6,1.3,NA,"AS",NA,NA,NA,NA
322,"Site1","2024-08-03","Plot1","4","2024-08-02","A20","_0A0462","_0A0462",1,"2024-08-02","inga sp.11",16.0199621895445,388.64002619125,23.427607623127,1.3,NA,"AS",NA,NA,NA,NA
2258,"Site1","2024-08-03","Plot1","4","2024-08-02","D15","_0D3439","_0D3439",1,"2024-08-02","iriartea deltoidea",64.9999971791403,297.949960855767,16.4247901270836,1.3,NA,"AS",NA,NA,NA,NA
7223,"Site1","2024-08-03","Plot1","4","2024-08-02","M18","_0M0406","_0M0406",1,"2024-08-02","moquilea jaramilloi",257.419967781345,343.270012399182,16.6,1.3,NA,"AS",NA,NA,NA,NA
14556,"Site1","2024-08-03","Plot1","4","2024-08-02","J7","_2J0365","_2J0365",1,"2024-08-02",NA,183.195709003077,139.766704659909,24.6,1.3,NA,"AS",NA,NA,NA,NA
14119,"Site1","2024-08-03","Plot1","4","2024-08-02","Y23","_0Y4366","_0Y4366",1,"2024-08-02","inga leiocalycina",498.399976897927,449.429989853874,19.6,1.3,NA,"AS",NA,NA,NA,NA
11346,"Site1","2024-08-03","Plot1","4","2024-08-02","T24","_0T4056","_0T4056",1,"2024-08-02","iryanthera macrophylla",393.930034197576,460.770016118884,10.2,1.3,NA,"AS",NA,NA,NA,NA
6754,"Site1","2024-08-03","Plot1","4","2024-08-02","L25","_0L0560","_0L0560",1,"2024-08-02","sterculia frondosa",223.519956317672,484.609950967133,15.7,1.3,NA,"AS",NA,NA,NA,NA
9491,"Site1","2024-08-03","Plot1","4","2024-08-02","Q18","_0Q0372","_0Q0372",1,"2024-08-02","eschweilera coriacea",333.840041193238,350.480035942048,15,1.3,NA,"AS",NA,NA,NA,NA
13108,"Site1","2024-08-03","Plot1","4","2024-08-02","X9","_0X0211","_0X0211",1,"2024-08-02","virola calophylla",477.750020548643,169.829965092242,36.1,1.3,NA,"AS",NA,NA,NA,NA
2885,"Site1","2024-08-03","Plot1","4","2024-08-02","E25","_0E4926","_0E4926",1,"2024-08-02","unonopsis spectabilis",96.750013698882,496.560042826459,16,1.3,NA,"AS",NA,NA,NA,NA
2568,"Site1","2024-08-03","Plot1","4","2024-08-02","E14","_0E0330","_0E0330",1,"2024-08-02","oxandra riedeliana",95.2600111677311,270.140009507537,16.7,1.3,NA,"AS",NA,NA,NA,NA
2083,"Site1","2024-08-03","Plot1","4","2024-08-02","D20","_0D0430","_0D0430",1,"2024-08-02","conceveiba guianensis",63.7200459806481,396.899961667135,16.8,1.3,NA,"AS",NA,NA,NA,NA
4956,"Site1","2024-08-03","Plot1","4","2024-08-02","I21","_0I0483","_0I0483",1,"2024-08-02","otoba glycycarpa",171.799968591775,415.770000720397,43.2,1.3,NA,"AS",NA,NA,NA,NA
11782,"Site1","2024-08-03","Plot1","4","2024-08-02","U5","_0U1475","_0U1475",1,"2024-08-02","zygia latifolia",418.010013682011,95.4800464976579,15.9,1.3,NA,"AS",NA,NA,NA,NA
12796,"Site1","2024-08-03","Plot1","4","2024-08-02","W25","_0W0595","_0W0595",1,"2024-08-02","inga capitata",442.01003595657,490.15003554523,19.9,1.3,NA,"AS",NA,NA,NA,NA
8857,"Site1","2024-08-03","Plot1","4","2024-08-02","P14","_0P0300","_0P0300",1,"2024-08-02","otoba parvifolia",309.129017635772,262.165182653815,24.2,1.3,NA,"AS",NA,NA,NA,NA
8642,"Site1","2024-08-03","Plot1","4","2024-08-02","O24","_0O5099","_0O5099",1,"2024-08-02","otoba parvifolia",282.150043804024,477.390010179952,18,1.3,NA,"AS",NA,NA,NA,NA
11677,"Site1","2024-08-03","Plot1","4","2024-08-02","U23","_0U0516","_0U0516",1,"2024-08-02","iryanthera juruensis",408.730004742916,455.96995251812,22.3,1.3,NA,"AS",NA,NA,NA,NA
3890,"Site1","2024-08-03","Plot1","4","2024-08-02","G7","_0G1827","_0G1827",1,"2024-08-02","theobroma subincanum",136.685955146502,132.264595795423,10.7,1.3,NA,"AS",NA,NA,NA,NA
3095,"Site1","2024-08-03","Plot1","4","2024-08-02","F15","_0F0335","_0F0335",1,"2024-08-02","inga capitata",104.250003484427,285.070023575798,22.6,1.3,NA,"AS",NA,NA,NA,NA
7425,"Site1","2024-08-03","Plot1","4","2024-08-02","M12","_0M2645","_0M2645",1,"2024-08-02","hevea guianensis",257.410018623865,224.019989728928,12.2,1.3,NA,"AS",NA,NA,NA,NA
11669,"Site1","2024-08-03","Plot1","4","2024-08-02","U23","_0U0507","_0U0507",1,"2024-08-02","virola pavonis",406.689988492115,446.10001170449,15.7,1.3,NA,"AS",NA,NA,NA,NA
7706,"Site1","2024-08-03","Plot1","4","2024-08-02","N13","_0N0283","_0N0283",1,"2024-08-02","eschweilera coriacea",272.730037741363,252.690023912117,38.2,2.8,NA,"AS",NA,NA,NA,NA
1347,"Site1","2024-08-03","Plot1","4","2024-08-02","C11","_0C0220","_0C0220",1,"2024-08-02","bunchosia sp.1",52.4999999920256,203.509999999776,32.4676083907466,4.15,NA,"AS",NA,NA,NA,NA
83,"Site1","2024-08-03","Plot1","4","2024-08-02","A5","_0A0123","_0A0123",1,"2024-08-02","otoba glycycarpa",9.47995155601529,96.9699892196804,29.1253545858168,1.3,NA,"AS",NA,NA,NA,NA
11708,"Site1","2024-08-03","Plot1","4","2024-08-02","U24","_0U0552","_0U0552",1,"2024-08-02","hevea guianensis",412.67996899545,461.320036025718,46.2,1.3,NA,"AS",NA,NA,NA,NA
9422,"Site1","2024-08-03","Plot1","4","2024-08-02","Q13","_0Q0274","_0Q0274",1,"2024-08-02","astrocaryum ferrugineum",330.209966620489,252.760044924915,18.3,1.3,NA,"AS",NA,NA,NA,NA
13336,"Site1","2024-08-03","Plot1","4","2024-08-02","X22","_0X0547","_0X0547",1,"2024-08-02","erisma laurifolium",473.27002372127,439.829996924847,42.1,2.75,NA,"AS",NA,NA,NA,NA
4230,"Site1","2024-08-03","Plot1","4","2024-08-02","H13","_0H0283","_0H0283",1,"2024-08-02","guarea gomma",154.036032951262,253.359795747325,11.9,1.3,NA,"AS",NA,NA,NA,NA
5180,"Site1","2024-08-03","Plot1","4","2024-08-02","I20","_0I4061","_0I4061",1,"2024-08-02","endlicheria klugii",173.200000762066,386.789971396327,19.9,1.3,NA,"AS",NA,NA,NA,NA
2943,"Site1","2024-08-03","Plot1","4","2024-08-02","F4","_0F0101","_0F0101",1,"2024-08-02","chrysochlamys weberbaueri",119.469979780901,62.8999806977808,11.8,1.3,NA,"AS",NA,NA,NA,NA
9349,"Site1","2024-08-03","Plot1","4","2024-08-02","Q8","_0Q0168","_0Q0168",1,"2024-08-02","eschweilera itayensis",328.930043111381,156.50998384878,40.7,1.3,NA,"AS",NA,NA,NA,NA
4248,"Site1","2024-08-03","Plot1","4","2024-08-02","H14","_0H0303","_0H0303",1,"2024-08-02","sapotaceae sp.3",147.399993721512,275.950025966391,14,1.3,NA,"AS",NA,NA,NA,NA
13362,"Site1","2024-08-03","Plot1","4","2024-08-02","X25","_0X0601","_0X0601",1,"2024-08-02","phyllanthus attenuatus",463.920008578629,490.999990206212,23.3,1.3,NA,"AS",NA,NA,NA,NA
9203,"Site1","2024-08-03","Plot1","4","2024-08-02","P21","_0P4567","_0P4567",1,"2024-08-02","virola peruviana",304.799976142414,403.240036619827,11.6,1.3,NA,"AS",NA,NA,NA,NA
4199,"Site1","2024-08-03","Plot1","4","2024-08-02","H12","_0H0243","_0H0243",1,"2024-08-02","annona neoamazonica",144.280038513418,228.169984083623,62.6,1.3,NA,"AS",NA,NA,NA,NA
7500,"Site1","2024-08-03","Plot1","4","2024-08-02","N1","_0N0013","_0N0013",1,"2024-08-02","oxandra riedeliana",267.709991504147,14.3299873676151,14.9,1.3,NA,"AS",NA,NA,NA,NA
10476,"Site1","2024-08-03","Plot1","4","2024-08-02","S9","_0S0219","_0S0219",1,"2024-08-02","eschweilera coriacea",375.819957958243,164.380013644695,25.7,1.3,NA,"AS",NA,NA,NA,NA
2982,"Site1","2024-08-03","Plot1","4","2024-08-02","F7","_0F0159","_0F0159",1,"2024-08-02","myrtaceae sp.7",119.06998830993,136.749971669167,26.7,1.3,NA,"AS",NA,NA,NA,NA
7097,"Site1","2024-08-03","Plot1","4","2024-08-02","M10","_0M0221","_0M0221",1,"2024-08-02","iriartea deltoidea",251.910008663195,187.670012829825,19.3,1.3,NA,"AS",NA,NA,NA,NA
12959,"Site1","2024-08-03","Plot1","4","2024-08-02","X1","_0X0007","_0X0007",1,"2024-08-02","gustavia augusta",464.089978726464,15.8800407685339,32.6,1.3,NA,"AS",NA,NA,NA,NA
14416,"Site1","2024-08-03","Plot1","4","2024-08-02","V9","_1V0111","_1V0111",1,"2024-08-02","inga leptocarpa",424.850033268856,176.610001720488,10.5,1.3,NA,"AS",NA,NA,NA,NA
10669,"Site1","2024-08-03","Plot1","4","2024-08-02","S20","_0S0563","_0S0563",1,"2024-08-02","brosimum guianense",365.289975473483,396.460028056055,22.3,1.3,NA,"AS",NA,NA,NA,NA
6738,"Site1","2024-08-03","Plot1","4","2024-08-02","L24","_0L0539","_0L0539",1,"2024-08-02","eschweilera coriacea",231.249963613111,472.320014808327,19.9,1.3,NA,"AS",NA,NA,NA,NA
6787,"Site1","2024-08-03","Plot1","4","2024-08-02","L1","_0L0846","_0L0846",1,"2024-08-02","nealchornea yapurensis",234.170011269802,7.68999721668661,10.4,1.3,NA,"AS",NA,NA,NA,NA
9750,"Site1","2024-08-03","Plot1","4","2024-08-02","Q18","_0Q3727","_0Q3727",1,"2024-08-02","vitex orinocensis",338.490035373427,353.390001973137,13.4,1.3,NA,"AS",NA,NA,NA,NA
479,"Site1","2024-08-03","Plot1","4","2024-08-02","A10","_0A2261","_0A2261",1,"2024-08-02","inga leiocalycina",0.470020353910513,186.979982953519,11.8729587546554,1.3,NA,"AS",NA,NA,NA,NA
3526,"Site1","2024-08-03","Plot1","4","2024-08-02","G7","_0G0133","_0G0133",1,"2024-08-02","micropholis egensis",126.67002046603,123.769965097308,21.6,1.3,NA,"AS",NA,NA,NA,NA
14775,"Site1","2024-08-03","Plot1","4","2024-08-02","U13","_2U0637","_2U0637",1,"2024-08-02",NA,416.460019523802,241.186766868457,11.7,2.05,NA,"AS",NA,NA,NA,NA
11664,"Site1","2024-08-03","Plot1","4","2024-08-02","U22","_0U0499","_0U0499",1,"2024-08-02","dialium guianense",413.799959767086,421.320014523342,35.7,2.15,NA,"AS",NA,NA,NA,NA
10185,"Site1","2024-08-03","Plot1","4","2024-08-02","R6","_0R1515","_0R1515",1,"2024-08-02","conceveiba guianensis",348.23999460385,105.360025411472,16.9,1.3,NA,"AS",NA,NA,NA,NA
13806,"Site1","2024-08-03","Plot1","4","2024-08-02","Y15","_0Y0373","_0Y0373",1,"2024-08-02","anaxagorea brevipes",481.039960930648,293.539989590645,10.45,1.3,NA,"AS",NA,NA,NA,NA
9971,"Site1","2024-08-03","Plot1","4","2024-08-02","R14","_0R0271","_0R0271",1,"2024-08-02","theobroma obovatum",346.539966444427,267.730017364025,13.1,1.5,NA,"AS",NA,NA,NA,NA
10636,"Site1","2024-08-03","Plot1","4","2024-08-02","S24","_0S0514","_0S0514",1,"2024-08-02","pseudolmedia laevis",371.999984449067,476.009994743392,20.3,1.3,NA,"AS",NA,NA,NA,NA
14103,"Site1","2024-08-03","Plot1","4","2024-08-02","Y21","_0Y4035","_0Y4035",1,"2024-08-02","eugenia sp.9",485.069970987213,409.789971482009,10.2,1.3,NA,"AS",NA,NA,NA,NA
2514,"Site1","2024-08-03","Plot1","4","2024-08-02","E11","_0E0255","_0E0255",1,"2024-08-02","micropholis guyanensis",90.8800497686607,217.669962387532,43.7,2.4,NA,"AS",NA,NA,NA,NA
13954,"Site1","2024-08-03","Plot1","4","2024-08-02","Y24","_0Y0575","_0Y0575",1,"2024-08-02","esenbeckia amazonica",484.470024044567,469.870008172467,23.41,1.3,NA,"AS",NA,NA,NA,NA
113,"Site1","2024-08-03","Plot1","4","2024-08-02","A7","_0A0168","_0A0168",1,"2024-08-02","chrysochlamys weberbaueri",1.00001170270843,127.159959333017,15.6926773888609,1.3,NA,"AS",NA,NA,NA,NA
10148,"Site1","2024-08-03","Plot1","4","2024-08-02","R1","_0R0776","_0R0776",1,"2024-08-02","brosimum lactescens",351.629981384554,1.23998792096972,15.2,1.3,NA,"AS",NA,NA,NA,NA
3921,"Site1","2024-08-03","Plot1","4","2024-08-02","G11","_0G2405","_0G2405",1,"2024-08-02","ocotea myriantha",127.260008331737,208.159995589405,12.2,1.3,NA,"AS",NA,NA,NA,NA
1921,"Site1","2024-08-03","Plot1","4","2024-08-02","D8","_0D0188","_0D0188",1,"2024-08-02","eschweilera coriacea",77.0399850946269,154.989997051656,50.4,4,NA,"AS",NA,NA,NA,NA
10496,"Site1","2024-08-03","Plot1","4","2024-08-02","S11","_0S0253","_0S0253",1,"2024-08-02","astrocaryum ferrugineum",364.369965283957,217.209984390065,15,1.3,NA,"AS",NA,NA,NA,NA
8842,"Site1","2024-08-03","Plot1","4","2024-08-02","P12","_0P0278","_0P0278",1,"2024-08-02","hirtella schultesii",315.869953043759,225.570041017607,27,1.3,NA,"AS",NA,NA,NA,NA
4031,"Site1","2024-08-03","Plot1","4","2024-08-02","H1","_0H0010","_0H0010",1,"2024-08-02","lindackeria paludosa",142.610002710193,16.8699760455638,17.1,1.3,NA,"AS",NA,NA,NA,NA
13290,"Site1","2024-08-03","Plot1","4","2024-08-02","X19","_0X0462","_0X0462",1,"2024-08-02","eschweilera gigantea",477.400018723274,363.169980939478,18.6,1.3,NA,"AS",NA,NA,NA,NA
2435,"Site1","2024-08-03","Plot1","4","2024-08-02","E7","_0E0144","_0E0144",1,"2024-08-02","guarea gomma",85.3899964579032,134.379962801933,19.5,1.3,NA,"AS",NA,NA,NA,NA
6634,"Site1","2024-08-03","Plot1","4","2024-08-02","L17","_0L0371","_0L0371",1,"2024-08-02","bixa urucurana",226.039953818545,330.939975151792,34.2,1.3,NA,"AS",NA,NA,NA,NA
7284,"Site1","2024-08-03","Plot1","4","2024-08-02","M22","_0M0492","_0M0492",1,"2024-08-02","theobroma obovatum",259.280027152854,424.820047508925,10.8,1.3,NA,"AS",NA,NA,NA,NA
1680,"Site1","2024-08-03","Plot1","4","2024-08-02","C12","_0C2852","_0C2852",1,"2024-08-02","otoba parvifolia",47.5199999891338,232.539999999106,11.9366207318922,1.3,NA,"AS",NA,NA,NA,NA
9656,"Site1","2024-08-03","Plot1","4","2024-08-02","Q4","_0Q1494","_0Q1494",1,"2024-08-02","crudia glaberrima",330.270001632627,65.4200460594147,11.3,1.3,NA,"AS",NA,NA,NA,NA
5000,"Site1","2024-08-03","Plot1","4","2024-08-02","I23","_0I0537","_0I0537",1,"2024-08-02","eschweilera coriacea",163.999966245901,454.750017955899,26.9,1.3,NA,"AS",NA,NA,NA,NA
8096,"Site1","2024-08-03","Plot1","4","2024-08-02","O3","_0O0055","_0O0055",1,"2024-08-02","matisia bracteolosa",282.947129877575,43.2880301624537,26.5,1.3,NA,"AS",NA,NA,NA,NA
2007,"Site1","2024-08-03","Plot1","4","2024-08-02","D14","_0D0304","_0D0304",1,"2024-08-02","guarea pterorhachis",71.7700477779144,271.959979239851,15.1515505823484,1.3,NA,"AS",NA,NA,NA,NA
11021,"Site1","2024-08-03","Plot1","4","2024-08-02","T13","_0T0299","_0T0299",1,"2024-08-02","minquartia guianensis",391.000039013161,259.269968599081,17,1.3,NA,"AS",NA,NA,NA,NA
6140,"Site1","2024-08-03","Plot1","4","2024-08-02","K22","_0K0502","_0K0502",1,"2024-08-02","virola multinervia",219.169977563259,433.180025426671,15,1.3,NA,"AS",NA,NA,NA,NA
2110,"Site1","2024-08-03","Plot1","4","2024-08-02","D22","_0D0464","_0D0464",1,"2024-08-02","ampelocera edentula",67.7700086428085,420.899970013648,18.9,1.3,NA,"AS",NA,NA,NA,NA
9716,"Site1","2024-08-03","Plot1","4","2024-08-02","Q14","_0Q3113","_0Q3113",1,"2024-08-02","virola peruviana",337.139986795781,260.71003353782,13.9,1.3,NA,"AS",NA,NA,NA,NA
11230,"Site1","2024-08-03","Plot1","4","2024-08-02","T4","_0T1111","_0T1111",1,"2024-08-02","euterpe precatoria",383.909979123098,60.8400086108595,12.1,1.3,NA,"AS",NA,NA,NA,NA
8561,"Site1","2024-08-03","Plot1","4","2024-08-02","O10","_0O2301","_0O2301",1,"2024-08-02","otoba parvifolia",299.889979739382,190.439990442246,11.9,1.3,NA,"AS",NA,NA,NA,NA
3247,"Site1","2024-08-03","Plot1","4","2024-08-02","F23","_0F0559","_0F0559",1,"2024-08-02","conceveiba martiana",112.349956314138,445.729987995699,22.9,1.3,NA,"AS",NA,NA,NA,NA
6572,"Site1","2024-08-03","Plot1","4","2024-08-02","L13","_0L0274","_0L0274",1,"2024-08-02","theobroma subincanum",226.030038656492,253.920028841123,13.1,1.3,NA,"AS",NA,NA,NA,NA
5766,"Site1","2024-08-03","Plot1","4","2024-08-02","J24","_0J5071","_0J5071",1,"2024-08-02","chrysophyllum venezuelanum",192.710030867427,472.769995246083,10.4,1.3,NA,"AS",NA,NA,NA,NA
10194,"Site1","2024-08-03","Plot1","4","2024-08-02","R7","_0R1766","_0R1767",1,"2024-08-02","inga cayennensis",354.700049026229,125.800015151501,10.8,1.4,NA,"AS",NA,NA,NA,NA
1684,"Site1","2024-08-03","Plot1","4","2024-08-02","C13","_0C3034","_0C3034",1,"2024-08-02","lauraceae sp.3",42.0799999935552,259.379999998957,10.5042262440651,1.3,NA,"AS",NA,NA,NA,NA
4999,"Site1","2024-08-03","Plot1","4","2024-08-02","I23","_0I0536","_0I0536",1,"2024-08-02","matayba sp.1",162.530010367685,452.920047856867,58.7,1.3,NA,"AS",NA,NA,NA,NA
6781,"Site1","2024-08-03","Plot1","4","2024-08-02","L1","_0L0728","_0L0728",1,"2024-08-02","guarea gomma",221.770004304592,17.5399962197989,10.7,1.3,NA,"AS",NA,NA,NA,NA
14630,"Site1","2024-08-03","Plot1","4","2024-08-02","O21","_2O0577","_2O0577",1,"2024-08-02",NA,296.172481835238,417.374299220741,11,1.3,NA,"AS",NA,NA,NA,NA
12060,"Site1","2024-08-03","Plot1","4","2024-08-02","V11","_0V0219","_0V0219",1,"2024-08-02","lecythis chartacea",434.760017028602,215.760043626651,33.6,1.3,NA,"AS",NA,NA,NA,NA
7374,"Site1","2024-08-03","Plot1","4","2024-08-02","M7","_0M1658","_0M1658",1,"2024-08-02","eugenia schunkei",242.650046628551,124.470028135926,10.5,1.3,NA,"AS",NA,NA,NA,NA
13742,"Site1","2024-08-03","Plot1","4","2024-08-02","Y3","_0Y0253","_0Y0253",1,"2024-08-02","guarea kunthiana",483.517875601421,50.5057667158544,27.09,1.3,NA,"AS",NA,NA,NA,NA
5712,"Site1","2024-08-03","Plot1","4","2024-08-02","J16","_0J3492","_0J3492",1,"2024-08-02","inga capitata",199.570043312793,309.540016280487,12.2,1.3,NA,"AS",NA,NA,NA,NA
13321,"Site1","2024-08-03","Plot1","4","2024-08-02","X21","_0X0520","_0X0520",1,"2024-08-02","conceveiba guianensis",478.85003017186,412.829991137609,28.3,1.3,NA,"AS",NA,NA,NA,NA
4917,"Site1","2024-08-03","Plot1","4","2024-08-02","I19","_0I0433","_0I0433",1,"2024-08-02","iriartea deltoidea",162.344906925224,361.431833202019,19.4,1.3,NA,"AS",NA,NA,NA,NA
9406,"Site1","2024-08-03","Plot1","4","2024-08-02","Q12","_0Q0252","_0Q0252",1,"2024-08-02","pseudolmedia laevis",321.240046680672,239.910017101094,53.3,1.3,NA,"AS",NA,NA,NA,NA
12034,"Site1","2024-08-03","Plot1","4","2024-08-02","V9","_0V0186","_0V0186",1,"2024-08-02","eschweilera coriacea",437.119999154878,173.250048022717,16.6,1.3,NA,"AS",NA,NA,NA,NA
9021,"Site1","2024-08-03","Plot1","4","2024-08-02","P24","_0P0540","_0P0540",1,"2024-08-02","maytenus amazonica",319.270019385207,468.010032197461,22.2,1.3,NA,"AS",NA,NA,NA,NA
8579,"Site1","2024-08-03","Plot1","4","2024-08-02","O14","_0O3120","_0O3120",1,"2024-08-02","protium nodulosum",298.389959814493,265.710015535355,15,1.41,NA,"AS",NA,NA,NA,NA
13798,"Site1","2024-08-03","Plot1","4","2024-08-02","Y14","_0Y0362","_0Y0362",1,"2024-08-02","dendropanax cuneatus",496.480031851272,267.72999577038,28.2,1.3,NA,"AS",NA,NA,NA,NA
887,"Site1","2024-08-03","Plot1","4","2024-08-02","B16","_0B0439","_0B0439",1,"2024-08-02","oxandra riedeliana",32.0199999920442,301.009999999776,14.2602829010338,1.3,NA,"AS",NA,NA,NA,NA
893,"Site1","2024-08-03","Plot1","4","2024-08-02","B16","_0B0445","_0B0445",1,"2024-08-02","perebea xanthochyma",39.499999989639,302.779999999329,15.3743675026771,1.3,NA,"AS",NA,NA,NA,NA
3012,"Site1","2024-08-03","Plot1","4","2024-08-02","F10","_0F0208","_0F0208",1,"2024-08-02","pourouma tomentosa",102.939970104431,182.499972995371,21.6,1.3,NA,"AS",NA,NA,NA,NA
10530,"Site1","2024-08-03","Plot1","4","2024-08-02","S14","_0S0326","_0S0326",1,"2024-08-02","euterpe precatoria",368.489950322837,264.870044643059,16.4,2.1,NA,"AS",NA,NA,NA,NA
1091,"Site1","2024-08-03","Plot1","4","2024-08-02","B12","_0B2784","_0B2784",1,"2024-08-02","bauhinia brachycalyx",20.7499999950523,226.019999999553,11.0453530505775,1.3,NA,"AS",NA,NA,NA,NA
878,"Site1","2024-08-03","Plot1","4","2024-08-02","B16","_0B0423","_0B0423",1,"2024-08-02","virola pavonis",22.2099999981001,309.519999999553,26.0059177012157,1.3,NA,"AS",NA,NA,NA,NA
2002,"Site1","2024-08-03","Plot1","4","2024-08-02","D14","_0D0298","_0D0298",1,"2024-08-02","astrocaryum ferrugineum",68.6299694628105,268.739950640127,11.1726770050511,1.3,NA,"AS",NA,NA,NA,NA
787,"Site1","2024-08-03","Plot1","4","2024-08-02","B10","_0B0283","_0B0283",1,"2024-08-02","dendropanax cuneatus",28.5199999947799,193.740000000224,24.5098612361519,1.3,NA,"AS",NA,NA,NA,NA
12088,"Site1","2024-08-03","Plot1","4","2024-08-02","V12","_0V0258","_0V0258",1,"2024-08-02","eschweilera coriacea",431.679990461969,228.610038612038,30.1,1.5,NA,"AS",NA,NA,NA,NA
13137,"Site1","2024-08-03","Plot1","4","2024-08-02","X12","_0X0264","_0X0264",1,"2024-08-02","nealchornea yapurensis",475.290014012542,236.299995858222,14.8,1.3,NA,"AS",NA,NA,NA,NA
7853,"Site1","2024-08-03","Plot1","4","2024-08-02","N22","_0N0487","_0N0487",1,"2024-08-02","leptobalanus octandrus",273.909986663901,438.610046060756,15.3,1.3,NA,"AS",NA,NA,NA,NA
2320,"Site1","2024-08-03","Plot1","4","2024-08-02","D24","_0D4787","_0D4787",1,"2024-08-02","pseudolmedia laevis",79.4799751340179,477.390010777861,12.4,1.3,NA,"AS",NA,NA,NA,NA
10401,"Site1","2024-08-03","Plot1","4","2024-08-02","S4","_0S0094","_0S0094",1,"2024-08-02","eschweilera coriacea",379.279985856556,74.1700303200632,17,1.3,NA,"AS",NA,NA,NA,NA
12858,"Site1","2024-08-03","Plot1","4","2024-08-02","W10","_0W1995","_0W1995",1,"2024-08-02","euterpe precatoria",442.349972105818,192.669979840517,13.4,1.3,NA,"AS",NA,NA,NA,NA
6075,"Site1","2024-08-03","Plot1","4","2024-08-02","K19","_0K0418","_0K0418",1,"2024-08-02","bauhinia brachycalyx",204.079964321572,369.840017510578,14.8,1.3,NA,"AS",NA,NA,NA,NA
773,"Site1","2024-08-03","Plot1","4","2024-08-02","B9","_0B0264","_0B0264",1,"2024-08-02","miconia napoana",33.0099999904633,174.509999999776,20.2126777726707,1.3,NA,"AS",NA,NA,NA,NA
7101,"Site1","2024-08-03","Plot1","4","2024-08-02","M10","_0M0225","_0M0225",1,"2024-08-02","siparuna decipiens",259.860032900644,184.050043558702,18.7,1.3,NA,"AS",NA,NA,NA,NA
9976,"Site1","2024-08-03","Plot1","4","2024-08-02","R14","_0R0287","_0R0287",1,"2024-08-02","iriartea deltoidea",358.119980901654,269.05997396633,32.8,1.3,NA,"AS",NA,NA,NA,"No es una palma"
8766,"Site1","2024-08-03","Plot1","4","2024-08-02","P7","_0P0159","_0P0159",1,"2024-08-02","euterpe precatoria",312.980018000992,136.40995320119,19.3,1.3,NA,"AS",NA,NA,NA,NA
11526,"Site1","2024-08-03","Plot1","4","2024-08-02","U12","_0U0270","_0U0270",1,"2024-08-02","zygia latifolia",415.199980659119,237.580044446513,21.2,1.3,NA,"AS",NA,NA,NA,NA
14726,"Site1","2024-08-03","Plot1","4","2024-08-02","T8","_2T0313","_2T0313",1,"2024-08-02",NA,387.039148891752,159.216287737712,11,1.3,NA,"AS",NA,NA,NA,NA
13776,"Site1","2024-08-03","Plot1","4","2024-08-02","Y13","_0Y0323","_0Y0323",1,"2024-08-02","virola pavonis",489.200038127368,248.190017169341,33.5,2.7,NA,"AS",NA,NA,NA,NA
6810,"Site1","2024-08-03","Plot1","4","2024-08-02","L4","_0L1289","_0L1289",1,"2024-08-02","brosimum guianense",236.760025714699,72.5899991746992,12.1,1.3,NA,"AS",NA,NA,NA,NA
7302,"Site1","2024-08-03","Plot1","4","2024-08-02","M24","_0M0529","_0M0529",1,"2024-08-02","couepia macrophylla",240.98002338683,477.479987323284,13.9,1.3,NA,"AS",NA,NA,NA,NA
14485,"Site1","2024-08-03","Plot1","4","2024-08-02","B21","_2B1364","_2B1364",1,"2024-08-02",NA,27.2170512838638,410.448221230879,11.3636629367613,1.3,NA,"AS",NA,NA,NA,NA
1315,"Site1","2024-08-03","Plot1","4","2024-08-02","C8","_0C0166","_0C0166",1,"2024-08-02","pouteria cladantha",56.7799999925774,159.359999999404,18.2391564783312,1.3,NA,"AS",NA,NA,NA,NA
12338,"Site1","2024-08-03","Plot1","4","2024-08-02","V14","_0V2641","_0V2641",1,"2024-08-02","calliandra trinervia",431.910014878318,260.909970168024,10.1,1.4,NA,"AS",NA,NA,NA,NA
4049,"Site1","2024-08-03","Plot1","4","2024-08-02","H2","_0H0031","_0H0031",1,"2024-08-02","guarea sp.1",151.700011755514,34.7999637480825,13.2,1.3,NA,"AS",NA,NA,NA,NA
1435,"Site1","2024-08-03","Plot1","4","2024-08-02","C16","_0C0336","_0C0336",1,"2024-08-02","chrysophyllum venezuelanum",47.1700422308058,304.85001058504,45.4,3,NA,"AS",NA,NA,NA,NA
7166,"Site1","2024-08-03","Plot1","4","2024-08-02","M14","_0M0318","_0M0318",1,"2024-08-02","erisma laurifolium",256.009965932346,265.740022001788,49.9,4.45,NA,"AS",NA,NA,NA,NA
10389,"Site1","2024-08-03","Plot1","4","2024-08-02","S4","_0S0080","_0S0080",1,"2024-08-02","duguetia spixiana",362.129957086989,77.8400333710015,15.3,1.3,NA,"AS",NA,NA,NA,NA
13477,"Site1","2024-08-03","Plot1","4","2024-08-02","X20","_0X3805","_0X3805",1,"2024-08-02","eschweilera coriacea",463.950014838076,395.890027217567,13.5,1.3,NA,"AS",NA,NA,NA,NA
14584,"Site1","2024-08-03","Plot1","4","2024-08-02","K18","_2K0613","_2K0613",1,"2024-08-02",NA,200.197137983108,347.366630680859,25,1.95,NA,"AS",NA,NA,NA,NA
13532,"Site1","2024-08-03","Plot1","4","2024-08-02","X2","_0X4731","_0X4731",1,"2024-08-02","euterpe precatoria",473.070792305341,32.7904732469469,11.6,1.3,NA,"AS",NA,NA,NA,NA
2749,"Site1","2024-08-03","Plot1","4","2024-08-02","E2","_0E0961","_0E0961",1,"2024-08-02","couepia macrophylla",96.4499677747372,33.8900220729411,11.2,1.3,NA,"AS",NA,NA,NA,NA
6398,"Site1","2024-08-03","Plot1","4","2024-08-02","K25","_0K5272","_0K5272",1,"2024-08-02","cordiera longicaudata",207.689975574904,488.190037993714,13.1,1.3,NA,"AS",NA,NA,NA,NA
7071,"Site1","2024-08-03","Plot1","4","2024-08-02","M9","_0M0183","_0M0183",1,"2024-08-02","otoba parvifolia",240.280122599797,165.532650509849,24.6,1.3,NA,"AS",NA,NA,NA,NA
1046,"Site1","2024-08-03","Plot1","4","2024-08-02","B5","_0B1357","_0B1357",1,"2024-08-02","sterculia peruviana",28.1399999929126,88.730000000447,11.4273249139981,1.3,NA,"AS",NA,NA,NA,NA
7717,"Site1","2024-08-03","Plot1","4","2024-08-02","N14","_0N0297","_0N0297",1,"2024-08-02","crepidospermum rhoifolium",266.529982424574,263.459988700226,11.3,1.3,NA,"AS",NA,NA,NA,NA
7588,"Site1","2024-08-03","Plot1","4","2024-08-02","N6","_0N0136","_0N0136",1,"2024-08-02","euterpe precatoria",276.099973688892,116.35998249799,18.2,1.3,NA,"AS",NA,NA,NA,NA
12721,"Site1","2024-08-03","Plot1","4","2024-08-02","W18","_0W0459","_0W0459",1,"2024-08-02","brosimum lactescens",458.710044393141,345.739970207214,38.1,1.3,NA,"AS",NA,NA,NA,NA
10745,"Site1","2024-08-03","Plot1","4","2024-08-02","S9","_0S2047","_0S2047",1,"2024-08-02","eschweilera coriacea",376.10002374748,177.769970566034,18.1,1.3,NA,"AS",NA,NA,NA,NA
436,"Site1","2024-08-03","Plot1","4","2024-08-02","A5","_0A1307","_0A1307",1,"2024-08-02","virola sebifera",6.4400323490263,88.6700248196721,11.4591559026165,1.3,NA,"AS",NA,NA,NA,NA
12078,"Site1","2024-08-03","Plot1","4","2024-08-02","V12","_0V0244","_0V0244",1,"2024-08-02","eschweilera coriacea",423.540040378983,239.229998033494,33.5,1.5,NA,"AS",NA,NA,NA,NA
2760,"Site1","2024-08-03","Plot1","4","2024-08-02","E5","_0E1434","_0E1434",1,"2024-08-02","inga leiocalycina",90.2600438966765,85.3499703556299,15.1,1.3,NA,"AS",NA,NA,NA,NA
5706,"Site1","2024-08-03","Plot1","4","2024-08-02","J16","_0J3445","_0J3445",1,"2024-08-02","eschweilera coriacea",191.629984356521,319.209993867204,16.5,1.3,NA,"AS",NA,NA,NA,NA
2033,"Site1","2024-08-03","Plot1","4","2024-08-02","D15","_0D0339","_0D0339",1,"2024-08-02","theobroma glaucum",71.0200335471309,283.219971232116,14.2,1.3,NA,"AS",NA,NA,NA,NA
6581,"Site1","2024-08-03","Plot1","4","2024-08-02","L13","_0L0289","_0L0289",1,"2024-08-02","hevea guianensis",232.409987672756,248.65000994876,26.2,1.3,NA,"AS",NA,NA,NA,NA
12672,"Site1","2024-08-03","Plot1","4","2024-08-02","W16","_0W0384","_0W0384",1,"2024-08-02","guarea gomma",455.659956684511,311.380044300109,11.4,1.3,NA,"AS",NA,NA,NA,NA
4051,"Site1","2024-08-03","Plot1","4","2024-08-02","H2","_0H0033","_0H0033",1,"2024-08-02","pouteria guianensis",153.700035004469,30.8399802688509,36.3,2.1,NA,"AS",NA,NA,NA,NA
9784,"Site1","2024-08-03","Plot1","4","2024-08-02","Q22","_0Q4547","_0Q4547",1,"2024-08-02","guarea pubescens",330.869988464285,437.699954621494,10.2,1.3,NA,"AS",NA,NA,NA,NA
7686,"Site1","2024-08-03","Plot1","4","2024-08-02","N12","_0N0258","_0N0258",1,"2024-08-02","protium opacum",277.230024250865,231.83003356494,16.8,1.3,NA,"AS",NA,NA,NA,NA
10681,"Site1","2024-08-03","Plot1","4","2024-08-02","S2","_0S0860","_0S0860",1,"2024-08-02","zygia latifolia",365.690032334474,20.5900017619133,10.5,1.3,NA,"AS",NA,NA,NA,NA
12481,"Site1","2024-08-03","Plot1","4","2024-08-02","W5","_0W0104","_0W0104",1,"2024-08-02","pouteria bilocularis",457.289982626564,99.5499848555773,12.5,1.3,NA,"AS",NA,NA,NA,NA
11313,"Site1","2024-08-03","Plot1","4","2024-08-02","T16","_0T3013","_0T3013",1,"2024-08-02","couepia macrophylla",392.380017298448,312.969968315214,11.5,1.3,NA,"AS",NA,NA,NA,NA
12069,"Site1","2024-08-03","Plot1","4","2024-08-02","V12","_0V0231","_0V0231",1,"2024-08-02","theobroma microcarpum",420.10996227758,222.239958465099,15.4,1.3,NA,"AS",NA,NA,NA,NA
11960,"Site1","2024-08-03","Plot1","4","2024-08-02","V4","_0V0074","_0V0074",1,"2024-08-02","eschweilera coriacea",424.270002335834,79.809978434816,31.9,1.3,NA,"AS",NA,NA,NA,NA
10982,"Site1","2024-08-03","Plot1","4","2024-08-02","T10","_0T0220","_0T0220",1,"2024-08-02","myrtaceae sp.3",382.270022522716,193.550043877214,32.8,1.3,NA,"AS",NA,NA,NA,NA
11304,"Site1","2024-08-03","Plot1","4","2024-08-02","T14","_0T2711","_0T2711",1,"2024-08-02","eschweilera coriacea",397.330015651009,272.229986617342,11,1.3,NA,"AS",NA,NA,NA,NA
9582,"Site1","2024-08-03","Plot1","4","2024-08-02","Q23","_0Q0504","_0Q0504",1,"2024-08-02","ocotea cernua",331.000025750778,442.300000134856,12.3,1.3,NA,"AS",NA,NA,NA,NA
4989,"Site1","2024-08-03","Plot1","4","2024-08-02","I22","_0I0525","_0I0525",1,"2024-08-02","virola calophylla",179.429992472229,426.82001860626,11.8,1.4,NA,"AS",NA,NA,NA,NA
8975,"Site1","2024-08-03","Plot1","4","2024-08-02","P23","_0P0488","_0P0488",1,"2024-08-02","moquilea guianensis",301.719987683056,446.340032985434,15.6,2,NA,"AS",NA,NA,NA,NA
11220,"Site1","2024-08-03","Plot1","4","2024-08-02","T2","_0T0910","_0T0910",1,"2024-08-02","eschweilera rufifolia",397.790036014689,26.7299515083432,10.2,1.3,NA,"AS",NA,NA,NA,NA
1167,"Site1","2024-08-03","Plot1","4","2024-08-02","B23","_0B4941","_0B4941",1,"2024-08-02","hieronyma oblonga",38.0099951648735,456.510036690161,22.7909878507594,1.3,NA,"AS",NA,NA,NA,NA
11244,"Site1","2024-08-03","Plot1","4","2024-08-02","T6","_0T1483","_0T1483",1,"2024-08-02","alseis microcarpa",392.520035869326,103.490018112585,13.1,1.3,NA,"AS",NA,NA,NA,NA
5722,"Site1","2024-08-03","Plot1","4","2024-08-02","J17","_0J3635","_0J3635",1,"2024-08-02","virola elongata",198.810037966236,335.440021244809,15.3,1.3,NA,"AS",NA,NA,NA,NA
10322,"Site1","2024-08-03","Plot1","4","2024-08-02","R25","_0R4987","_0R4987",1,"2024-08-02","rudgea viburnoides",353.299972203502,491.839993989095,10.3,1.3,NA,"AS",NA,NA,NA,NA
8414,"Site1","2024-08-03","Plot1","4","2024-08-02","O22","_0O0537","_0O0537",1,"2024-08-02","pourouma minor",291.499991369026,439.540027236566,19.9,1.6,NA,"AS",NA,NA,NA,NA
5690,"Site1","2024-08-03","Plot1","4","2024-08-02","J11","_0J2503","_0J2503",1,"2024-08-02","virola peruviana",182.100034361996,210.550044279546,11.65,1.3,NA,"AS",NA,NA,NA,NA
13314,"Site1","2024-08-03","Plot1","4","2024-08-02","X21","_0X0511","_0X0511",1,"2024-08-02","eschweilera coriacea",470.410027512524,410.949985193089,26.4,1.3,NA,"AS",NA,NA,NA,NA
11878,"Site1","2024-08-03","Plot1","4","2024-08-02","U21","_0U3640","_0U3640",1,"2024-08-02","virola decorticans",411.410005432263,413.739977208897,10.6,1.3,NA,"AS",NA,NA,NA,NA
8747,"Site1","2024-08-03","Plot1","4","2024-08-02","P6","_0P0129","_0P0129",1,"2024-08-02","theobroma obovatum",305.070001990709,114.46001752466,25.9,1.65,NA,"AS",NA,NA,NA,NA
1208,"Site1","2024-08-03","Plot1","4","2024-08-02","C1","_0C0018","_0C0018",1,"2024-08-02","rinorea lindeniana",54.0099999970989,6.86999999918044,11.6183108457084,1.3,NA,"AS",NA,NA,NA,NA
9592,"Site1","2024-08-03","Plot1","4","2024-08-02","Q24","_0Q0518","_0Q0518",1,"2024-08-02","eschweilera bracteosa",329.413749941101,478.452170467004,14.5,1.3,NA,"AS",NA,NA,NA,NA
10281,"Site1","2024-08-03","Plot1","4","2024-08-02","R18","_0R3494","_0R3494",1,"2024-08-02","jacaranda copaia",344.80996844417,348.019988756627,23.1,1.3,NA,"AS",NA,NA,NA,NA
2005,"Site1","2024-08-03","Plot1","4","2024-08-02","D14","_0D0302","_0D0302",1,"2024-08-02","eschweilera coriacea",67.3300004299963,278.129998922348,39.7250737957371,1.3,NA,"AS",NA,NA,NA,NA
11790,"Site1","2024-08-03","Plot1","4","2024-08-02","U6","_0U1633","_0U1633",1,"2024-08-02","taralea oppositifolia",412.350042852166,118.819970550016,11,1.3,NA,"AS",NA,NA,NA,NA
863,"Site1","2024-08-03","Plot1","4","2024-08-02","B15","_0B0401","_0B0401",1,"2024-08-02","iriartea deltoidea",28.0000462551252,296.189989384264,24.8,2.49,NA,"AS",NA,NA,NA,NA
1702,"Site1","2024-08-03","Plot1","4","2024-08-02","C16","_0C3597","_0C3597",1,"2024-08-02","scleronema micranthum",43.4899999951012,309.779999999329,10.7907051416305,1.3,NA,"AS",NA,NA,NA,NA
5636,"Site1","2024-08-03","Plot1","4","2024-08-02","J3","_0J1180","_0J1180",1,"2024-08-02","inga cordatoalata",188.920023533574,54.8399793561548,17.6,1.3,NA,"AS",NA,NA,NA,NA
12678,"Site1","2024-08-03","Plot1","4","2024-08-02","W16","_0W0391","_0W0391",1,"2024-08-02","otoba glycycarpa",458.250005177048,309.309962507337,42.01,1.3,NA,"AS",NA,NA,NA,NA
2054,"Site1","2024-08-03","Plot1","4","2024-08-02","D17","_0D0377","_0D0377",1,"2024-08-02","couma macrocarpa",77.5200173966005,338.000034688041,38,1.3,NA,"AS",NA,NA,NA,NA
758,"Site1","2024-08-03","Plot1","4","2024-08-02","B8","_0B0240","_0B0240",1,"2024-08-02","eschweilera coriacea",29.0099999914528,151.320000000298,27.8521150410817,1.3,NA,"AS",NA,NA,NA,NA
10162,"Site1","2024-08-03","Plot1","4","2024-08-02","R4","_0R1189","_0R1189",1,"2024-08-02","leonia racemosa",343.859986185969,65.4399789460003,11,1.3,NA,"AS",NA,NA,NA,NA
14181,"Site1","2024-08-03","Plot1","4","2024-08-02","D10","_1D0354","_1D0354",1,"2024-08-02","iriartea deltoidea",67.9099540679599,188.130044324324,16.2019732067549,1.3,NA,"AS",NA,NA,NA,NA
12701,"Site1","2024-08-03","Plot1","4","2024-08-02","W17","_0W0420","_0W0420",1,"2024-08-02","guatteria ramiflora",458.219999276975,332.249991826713,34.2,2.65,NA,"AS",NA,NA,NA,NA
6353,"Site1","2024-08-03","Plot1","4","2024-08-02","K19","_0K4056","_0K4056",1,"2024-08-02","iriartea deltoidea",209.050031373103,367.35998275131,15.6,1.3,NA,"AS",NA,NA,NA,NA
6020,"Site1","2024-08-03","Plot1","4","2024-08-02","K15","_0K0331","_0K0331",1,"2024-08-02","zygia latifolia",207.50998943398,280.500049471855,16.7,1.3,NA,"AS",NA,NA,NA,NA
4907,"Site1","2024-08-03","Plot1","4","2024-08-02","I18","_0I0419","_0I0419",1,"2024-08-02","pseudolmedia laevis",168.159994949994,343.379976237193,24,1.3,NA,"AS",NA,NA,NA,NA
10123,"Site1","2024-08-03","Plot1","4","2024-08-02","R25","_0R0517","_0R0517",1,"2024-08-02","ampelocera edentula",354.89000820223,495.060023419559,40.45,3.7,NA,"AS",NA,NA,NA,NA
597,"Site1","2024-08-03","Plot1","4","2024-08-02","B1","_0B0003","_0B0003",1,"2024-08-02","iriartea deltoidea",21.7600388912833,6.3900108449161,26.6425374735833,2,NA,"AS",NA,NA,NA,NA
7416,"Site1","2024-08-03","Plot1","4","2024-08-02","M12","_0M2456","_0M2456",1,"2024-08-02","pouteria williamii",240.150026338757,223.260035989806,12.9,1.3,NA,"AS",NA,NA,NA,NA
645,"Site1","2024-08-03","Plot1","4","2024-08-02","B3","_0B0079","_0B0079",1,"2024-08-02","trichilia micrantha",28.2200023071491,44.0099605545402,16.3929591384652,1.3,NA,"AS",NA,NA,NA,NA
5320,"Site1","2024-08-03","Plot1","4","2024-08-02","J9","_0J0220","_0J0220",1,"2024-08-02","naucleopsis caloneura",193.429994970153,168.610031908378,32.9,1.3,NA,"AS",NA,NA,NA,NA
5958,"Site1","2024-08-03","Plot1","4","2024-08-02","K11","_0K0254","_0K0254",1,"2024-08-02","nealchornea yapurensis",210.889950754528,212.100013157353,28.4,1.3,NA,"AS",NA,NA,NA,NA
2276,"Site1","2024-08-03","Plot1","4","2024-08-02","D17","_0D3740","_0D3740",1,"2024-08-02","faramea multiflora",68.959978378145,328.729980068281,10.7,1.5,NA,"AS",NA,NA,NA,NA
4315,"Site1","2024-08-03","Plot1","4","2024-08-02","H18","_0H0408","_0H0408",1,"2024-08-02","casearia sylvestris",152.002712759539,340.085844952613,22.1,1.3,NA,"AS",NA,NA,NA,NA
5008,"Site1","2024-08-03","Plot1","4","2024-08-02","I23","_0I0546","_0I0546",1,"2024-08-02","parkia multijuga",171.210015329067,457.480018533766,46.1,2.1,NA,"AS",NA,NA,NA,NA
10956,"Site1","2024-08-03","Plot1","4","2024-08-02","T7","_0T0164","_0T0164",1,"2024-08-02","eugenia sp.3",394.859999858949,123.789978092536,19.8,1.3,NA,"AS",NA,NA,NA,NA
4651,"Site1","2024-08-03","Plot1","4","2024-08-02","I1","_0I0027","_0I0027",1,"2024-08-02","theobroma subincanum",179.739969078742,0.190046548843384,17.4,1.3,NA,"AS",NA,NA,NA,NA
10044,"Site1","2024-08-03","Plot1","4","2024-08-02","R21","_0R0420","_0R0420",1,"2024-08-02","crepidospermum prancei",349.790028098214,411.830014891922,28.9,1.3,NA,"AS",NA,NA,NA,NA
396,"Site1","2024-08-03","Plot1","4","2024-08-02","A1","_0A0659","_0A0659",1,"2024-08-02","handroanthus sp.1",5.8599618797889,16.629956163466,14.6740857530728,1.3,NA,"AS",NA,NA,NA,NA
6594,"Site1","2024-08-03","Plot1","4","2024-08-02","L14","_0L0306","_0L0306",1,"2024-08-02","conceveiba martiana",227.08999252267,273.199998447672,26.1,1.3,NA,"AS",NA,NA,NA,NA
6916,"Site1","2024-08-03","Plot1","4","2024-08-02","L20","_0L4168","_0L4168",1,"2024-08-02","pouteria cladantha",231.830043020833,395.080027054995,11.7,1.3,NA,"AS",NA,NA,NA,NA
14448,"Site1","2024-08-03","Plot1","4","2024-08-02","Y1","_0Y0009","_1Y0020",1,"2024-08-02","hirtella elongata",485.129980653699,14.079999089241,22.6,1.3,NA,"AS",NA,NA,NA,NA
11637,"Site1","2024-08-03","Plot1","4","2024-08-02","U21","_0U0460","_0U0460",1,"2024-08-02","siparuna decipiens",406.589958510769,419.24003540352,11.6,1.3,NA,"AS",NA,NA,NA,NA
1597,"Site1","2024-08-03","Plot1","4","2024-08-02","C2","_0C0962","_0C0962",1,"2024-08-02","cordia lasseri",54.7699999928009,39.6299999989569,14.1011279579419,1.3,NA,"AS",NA,NA,NA,NA
10240,"Site1","2024-08-03","Plot1","4","2024-08-02","R13","_0R2712","_0R2712",1,"2024-08-02","hieronyma alchorneoides",341.259965636244,255.219962976873,11.9,1.3,NA,"AS",NA,NA,NA,NA
1221,"Site1","2024-08-03","Plot1","4","2024-08-02","C2","_0C0039","_0C0039",1,"2024-08-02","eschweilera coriacea",59.859999989334,34.3100000005215,14.1329589465603,1.3,NA,"AS",NA,NA,NA,NA
13391,"Site1","2024-08-03","Plot1","4","2024-08-02","X5","_0X0895","_0X0895",1,"2024-08-02","siparuna cristata",465.430022189103,81.4400483034551,12.2,1.3,NA,"AS",NA,NA,NA,NA
11817,"Site1","2024-08-03","Plot1","4","2024-08-02","U11","_0U2310","_0U2310",1,"2024-08-02","naucleopsis riparia",406.380036274029,210.410046720877,10.2,1.3,NA,"AS",NA,NA,NA,NA
2191,"Site1","2024-08-03","Plot1","4","2024-08-02","D5","_0D1439","_0D1439",1,"2024-08-02","sorocea steinbachii",75.3799999940093,99.679999999702,13.7509870831398,1.3,NA,"AS",NA,NA,NA,NA
3472,"Site1","2024-08-03","Plot1","4","2024-08-02","G3","_0G0058","_0G0058",1,"2024-08-02","otoba glycycarpa",139.790036277031,51.8500180896372,31.1,1.3,NA,"AS",NA,NA,NA,NA
5096,"Site1","2024-08-03","Plot1","4","2024-08-02","I7","_0I1674","_0I1674",1,"2024-08-02","tachigali setifera",167.836407954397,125.450709389523,26.1,1.3,NA,"AS",NA,NA,NA,NA
6013,"Site1","2024-08-03","Plot1","4","2024-08-02","K14","_0K0320","_0K0320",1,"2024-08-02","eschweilera itayensis",216.899967630859,274.139979999512,25.2,1.3,NA,"AS",NA,NA,NA,NA
9980,"Site1","2024-08-03","Plot1","4","2024-08-02","R15","_0R0296","_0R0296",1,"2024-08-02","eschweilera coriacea",344.269987469364,298.980004258454,45.2,3.45,NA,"AS",NA,NA,NA,NA
13755,"Site1","2024-08-03","Plot1","4","2024-08-02","Y11","_0Y0283","_0Y0283",1,"2024-08-02","naucleopsis concinna",483.699987364467,210.64997843653,16,1.3,NA,"AS",NA,NA,NA,NA
10703,"Site1","2024-08-03","Plot1","4","2024-08-02","S4","_0S1256","_0S1256",1,"2024-08-02","theobroma microcarpum",376.020041339507,70.7799860723317,10.8,1.3,NA,"AS",NA,NA,NA,NA
12714,"Site1","2024-08-03","Plot1","4","2024-08-02","W18","_0W0444","_0W0444",1,"2024-08-02","sorocea steinbachii",443.960024925706,359.089998833835,30,3.7,NA,"AS",NA,NA,NA,NA
12581,"Site1","2024-08-03","Plot1","4","2024-08-02","W12","_0W0266","_0W0266",1,"2024-08-02","eschweilera coriacea",456.080035172461,234.030008394271,46.2,3.6,NA,"AS",NA,NA,NA,NA
8960,"Site1","2024-08-03","Plot1","4","2024-08-02","P22","_0P0471","_0P0471",1,"2024-08-02","couepia macrophylla",302.350019308797,433.399998234585,15.7,1.3,NA,"AS",NA,NA,NA,NA
2594,"Site1","2024-08-03","Plot1","4","2024-08-02","E16","_0E0376","_0E0376",1,"2024-08-02","minquartia guianensis",83.2299541317625,316.969955937937,33.4,3.2,NA,"AS",NA,NA,NA,NA
3041,"Site1","2024-08-03","Plot1","4","2024-08-02","F11","_0F0253","_0F0253",1,"2024-08-02","iryanthera hostmannii",118.3100309578,207.359995080158,14.1,1.3,NA,"AS",NA,NA,NA,NA
4140,"Site1","2024-08-03","Plot1","4","2024-08-02","H8","_0H0159","_0H0159",1,"2024-08-02","capirona decorticans",149.299966610328,155.240023208782,55.4,4.85,NA,"AS",NA,NA,NA,NA
4991,"Site1","2024-08-03","Plot1","4","2024-08-02","I22","_0I0527","_0I0527",1,"2024-08-02","virola calophylla",176.70483112795,423.667294831946,16.3,1.3,NA,"AS",NA,NA,NA,NA
11454,"Site1","2024-08-03","Plot1","4","2024-08-02","U8","_0U0165","_0U0165",1,"2024-08-02","eschweilera coriacea",412.06003133877,151.759987454861,41.5,3,NA,"AS",NA,NA,NA,NA
1249,"Site1","2024-08-03","Plot1","4","2024-08-02","C4","_0C0085","_0C0085",1,"2024-08-02","iriartea deltoidea",51.4899999949848,75.0099999997765,20.3718327157626,1.3,NA,"AS",NA,NA,NA,NA
1331,"Site1","2024-08-03","Plot1","4","2024-08-02","C10","_0C0193","_0C0193",1,"2024-08-02","sterculia colombiana",42.5599999876576,191.849999999627,56.0225399683472,1.3,NA,"AS",NA,NA,NA,NA
7399,"Site1","2024-08-03","Plot1","4","2024-08-02","M10","_0M2182","_0M2182",1,"2024-08-02","cordia ucayaliensis",245.13001205778,183.620038896799,13,1.3,NA,"AS",NA,NA,NA,NA
10960,"Site1","2024-08-03","Plot1","4","2024-08-02","T7","_0T0168","_0T0168",1,"2024-08-02","eschweilera coriacea",399.059973687341,122.730013979599,13.5,1.3,NA,"AS",NA,NA,NA,NA
5148,"Site1","2024-08-03","Plot1","4","2024-08-02","I15","_0I3306","_0I3306",1,"2024-08-02","virola duckei",179.899985791824,294.239956473932,10.2,1.3,NA,"AS",NA,NA,NA,NA
1667,"Site1","2024-08-03","Plot1","4","2024-08-02","C10","_0C2543","_0C2543",1,"2024-08-02","inga sp.8",56.2899999883375,186.060000000522,13.1780292880089,1.3,NA,"AS",NA,NA,NA,NA
7768,"Site1","2024-08-03","Plot1","4","2024-08-02","N17","_0N0371","_0N0371",1,"2024-08-02","iriartea deltoidea",277.779973580269,335.880013842136,23.8,2.5,NA,"AS",NA,NA,NA,NA
7790,"Site1","2024-08-03","Plot1","4","2024-08-02","N19","_0N0403","_0N0403",1,"2024-08-02","licania triandra",266.240036873438,365.72000964731,22.6,1.3,NA,"AS",NA,NA,NA,NA
5157,"Site1","2024-08-03","Plot1","4","2024-08-02","I16","_0I3419","_0I3419",1,"2024-08-02","thyrsodium spruceanum",174.779995511228,319.070013357326,13,1.3,NA,"AS",NA,NA,NA,NA
13237,"Site1","2024-08-03","Plot1","4","2024-08-02","X17","_0X0392","_0X0392",1,"2024-08-02","leonia glycycarpa",467.820034031116,321.890015609562,15.7,1.3,NA,"AS",NA,NA,NA,NA
6315,"Site1","2024-08-03","Plot1","4","2024-08-02","K14","_0K3271","_0K3271",1,"2024-08-02","scleronema micranthum",208.929981103458,263.890014752746,11.3,1.3,NA,"AS",NA,NA,NA,NA
5730,"Site1","2024-08-03","Plot1","4","2024-08-02","J18","_0J3774","_0J3774",1,"2024-08-02","iryanthera hostmannii",189.850008393929,358.210000058636,10.7,1.3,NA,"AS",NA,NA,NA,NA
14475,"Site1","2024-08-03","Plot1","4","2024-08-02","B6","_2B0238","_2B0238",1,"2024-08-02",NA,27.0035999994143,102.859799999744,100,1.3,NA,"AS",NA,NA,NA,"Diámetro menor a 1 cm, 0,87 y 0,89"
10459,"Site1","2024-08-03","Plot1","4","2024-08-02","S8","_0S0187","_0S0187",1,"2024-08-02","theobroma microcarpum",373.529981969506,151.969988934696,14.8,1.3,NA,"AS",NA,NA,NA,NA
11458,"Site1","2024-08-03","Plot1","4","2024-08-02","U8","_0U0171","_0U0171",1,"2024-08-02","leptobalanus octandrus",413.330044852861,147.129999576136,25.2,1.3,NA,"AS",NA,NA,NA,NA
2792,"Site1","2024-08-03","Plot1","4","2024-08-02","E8","_0E1944","_0E1944",1,"2024-08-02","casearia ulmifolia",92.0800185629632,142.829974556342,15.6,1.3,NA,"AS",NA,NA,NA,NA
10144,"Site1","2024-08-03","Plot1","4","2024-08-02","R1","_0R0751","_0R0751",1,"2024-08-02","cestrum microcalyx",350.489974549797,19.1900173425674,11.8,1.3,NA,"AS",NA,NA,NA,NA
8264,"Site1","2024-08-03","Plot1","4","2024-08-02","O13","_0O0307","_0O0307",1,"2024-08-02","naucleopsis imitans",285.800007129961,241.940046448261,10.6,1.3,NA,"AS",NA,NA,NA,NA
7745,"Site1","2024-08-03","Plot1","4","2024-08-02","N16","_0N0339","_0N0339",1,"2024-08-02","eschweilera rufifolia",268.399999060726,306.44004002586,19.3,1.3,NA,"AS",NA,NA,NA,NA
12502,"Site1","2024-08-03","Plot1","4","2024-08-02","W7","_0W0146","_0W0146",1,"2024-08-02","sapindaceae sp.3",441.46995073458,133.089979732409,12.9,1.3,NA,"AS",NA,NA,NA,NA
10253,"Site1","2024-08-03","Plot1","4","2024-08-02","R14","_0R2896","_0R2896",1,"2024-08-02","pera sp.1",352.25001575693,279.520044427365,10.8,1.3,NA,"AS",NA,NA,NA,NA
1692,"Site1","2024-08-03","Plot1","4","2024-08-02","C14","_0C3182","_0C3182",1,"2024-08-02","siparuna decipiens",41.2900032200268,267.469951214269,10.5997192099202,1.3,NA,"AS",NA,NA,NA,NA
8639,"Site1","2024-08-03","Plot1","4","2024-08-02","O23","_0O4961","_0O4961",1,"2024-08-02","otoba parvifolia",292.170020267658,444.369985787198,14.3,1.3,NA,"AS",NA,NA,NA,NA
13577,"Site1","2024-08-03","Plot1","4","2024-08-02","Y2","_0Y0042","_0Y0042",1,"2024-08-02","virola surinamensis",497.200022552919,30.3099741414189,31.3,2.64,NA,"AS",NA,NA,NA,NA
13685,"Site1","2024-08-03","Plot1","4","2024-08-02","Y7","_0Y0188","_0Y0188",1,"2024-08-02","casearia ulmifolia",494.859988398617,124.449956919998,20.2,1.3,NA,"AS",NA,NA,NA,NA
12074,"Site1","2024-08-03","Plot1","4","2024-08-02","V12","_0V0238","_0V0238",1,"2024-08-02","himatanthus sucuuba",428.730041139643,220.840012490749,35.5,1.3,NA,"AS",NA,NA,NA,NA
14605,"Site1","2024-08-03","Plot1","4","2024-08-02","L23","_2L0815","_2L0815",1,"2024-08-02",NA,227.876846917032,450.917841967195,14.9,1.3,NA,"AS",NA,NA,NA,NA
1210,"Site1","2024-08-03","Plot1","4","2024-08-02","C2","_0C0023","_0C0023",1,"2024-08-02","guarea pterorhachis",40.4999999889988,28.5299999993294,12.76422643597,1.3,NA,"AS",NA,NA,NA,NA
4670,"Site1","2024-08-03","Plot1","4","2024-08-02","I3","_0I0056","_0I0056",1,"2024-08-02","pouteria hispida",168.659952860093,46.3799654021859,22.7,1.3,NA,"AS",NA,NA,NA,NA
4908,"Site1","2024-08-03","Plot1","4","2024-08-02","I18","_0I0420","_0I0420",1,"2024-08-02","astrocaryum ferrugineum",160.095849271107,353.031341778114,12,1.3,NA,"AS",NA,NA,NA,NA
3535,"Site1","2024-08-03","Plot1","4","2024-08-02","G7","_0G0146","_0G0146",1,"2024-08-02","ziziphus cinnamomum",139.920009478286,132.969984969124,31.8,2.15,NA,"AS",NA,NA,NA,NA
2211,"Site1","2024-08-03","Plot1","4","2024-08-02","D8","_0D1926","_0D1926",1,"2024-08-02","lauraceae sp.3",69.8099549217732,140.21004216373,14.1329589465603,1.3,NA,"AS",NA,NA,NA,NA
10334,"Site1","2024-08-03","Plot1","4","2024-08-02","R17","_0R5093","_0R5093",1,"2024-08-02",NA,359.367237085709,339.654149066657,17.9,1.3,NA,"AS",NA,NA,NA,NA
6377,"Site1","2024-08-03","Plot1","4","2024-08-02","K21","_0K4556","_0K4556",1,"2024-08-02","guarea sp.1",214.81000025,418.230044223368,12.6,1.3,NA,"AS",NA,NA,NA,NA
10843,"Site1","2024-08-03","Plot1","4","2024-08-02","S24","_0S4326","_0S4326",1,"2024-08-02","protium nodulosum",360.949994958995,474.069965524599,14.3,1.3,NA,"AS",NA,NA,NA,NA
12201,"Site1","2024-08-03","Plot1","4","2024-08-02","V19","_0V0423","_0V0423",1,"2024-08-02","socratea exorrhiza",437.119975791138,375.390043567866,17.6,3.45,NA,"AS",NA,NA,NA,NA
1279,"Site1","2024-08-03","Plot1","4","2024-08-02","C5","_0C0122","_0C0122",1,"2024-08-02","pouteria guianensis",59.1099999942817,80.3300000000745,14.4830998213625,1.3,NA,"AS",NA,NA,NA,NA
6894,"Site1","2024-08-03","Plot1","4","2024-08-02","L16","_0L3432","_0L3432",1,"2024-08-02","conceveiba guianensis",222.097626827424,310.058066733181,10.7,1.3,NA,"AS",NA,NA,NA,NA
11519,"Site1","2024-08-03","Plot1","4","2024-08-02","U12","_0U0262","_0U0262",1,"2024-08-02","caraipa grandifolia",408.570040342689,234.540037306026,12.5,1.3,NA,"AS",NA,NA,NA,NA
10518,"Site1","2024-08-03","Plot1","4","2024-08-02","S13","_0S0308","_0S0308",1,"2024-08-02","astrocaryum ferrugineum",374.480034976208,257.469976574183,14.3,1.3,NA,"AS",NA,NA,NA,NA
1409,"Site1","2024-08-03","Plot1","4","2024-08-02","C15","_0C0305","_0C0305",1,"2024-08-02","eschweilera coriacea",43.1899999927846,299.699999999255,16.965916933596,1.3,NA,"AS",NA,NA,NA,NA
5224,"Site1","2024-08-03","Plot1","4","2024-08-02","J2","_0J0033","_0J0033",1,"2024-08-02","coussapoa villosa",181.409975519695,25.979969471693,35.3,1.3,NA,"AS",NA,NA,NA,NA
8875,"Site1","2024-08-03","Plot1","4","2024-08-02","P15","_0P0327","_0P0327",1,"2024-08-02","euterpe precatoria",317.680012165161,296.729992778972,17.9,1.3,NA,"AS",NA,NA,NA,NA
7938,"Site1","2024-08-03","Plot1","4","2024-08-02","N3","_0N1073","_0N1073",1,"2024-08-02","virola sebifera",267.870041971386,53.3999963719398,10.2,1.3,NA,"AS",NA,NA,NA,NA
6255,"Site1","2024-08-03","Plot1","4","2024-08-02","K5","_0K1537","_0K1537",1,"2024-08-02","parkia multijuga",209.259963457298,87.3200371656567,12.8,1.3,NA,"AS",NA,NA,NA,NA
10066,"Site1","2024-08-03","Plot1","4","2024-08-02","R22","_0R0444","_0R0444",1,"2024-08-02","guarea kunthiana",341.210000695719,436.060027783737,24.7,1.3,NA,"AS",NA,NA,NA,NA
3319,"Site1","2024-08-03","Plot1","4","2024-08-02","F8","_0F1994","_0F1994",1,"2024-08-02","duguetia spixiana",101.359998860687,147.23999813199,11.3,1.3,NA,"AS",NA,NA,NA,NA
8966,"Site1","2024-08-03","Plot1","4","2024-08-02","P22","_0P0479","_0P0479",1,"2024-08-02","naucleopsis riparia",318.990034399612,439.040024334565,10.5,1.3,NA,"AS",NA,NA,NA,NA
12260,"Site1","2024-08-03","Plot1","4","2024-08-02","V1","_0V0718","_0V0718",1,"2024-08-02","eschweilera coriacea",422.300026486802,17.070023836568,12.9,1.3,NA,"AS",NA,NA,NA,NA
919,"Site1","2024-08-03","Plot1","4","2024-08-02","B18","_0B0486","_0B0486",1,"2024-08-02","perebea xanthochyma",38.7799945628503,349.380044620484,30.398594130552,1.3,NA,"AS",NA,NA,NA,NA
12659,"Site1","2024-08-03","Plot1","4","2024-08-02","W16","_0W0369","_0W0369",1,"2024-08-02","hymenopus arachnoideus",442.239960991079,315.229963768274,11.3,1.3,NA,"AS",NA,NA,NA,NA
4993,"Site1","2024-08-03","Plot1","4","2024-08-02","I23","_0I0529","_0I0529",1,"2024-08-02","hirtella racemosa",162.199960354774,440.289972500876,27.2,1.3,NA,"AS",NA,NA,NA,NA
4682,"Site1","2024-08-03","Plot1","4","2024-08-02","I3","_0I0073","_0I0073",1,"2024-08-02","pseudolmedia laevis",173.529997872538,42.3000233285129,21.9,1.3,NA,"AS",NA,NA,NA,NA
7707,"Site1","2024-08-03","Plot1","4","2024-08-02","N13","_0N0284","_0N0284",1,"2024-08-02","hirtella schultesii",272.669960562431,257.939981082454,17.2,1.3,NA,"AS",NA,NA,NA,NA
14091,"Site1","2024-08-03","Plot1","4","2024-08-02","Y18","_0Y3618","_0Y3618",1,"2024-08-02","xylopia calophylla",496.619983265235,340.920035133138,12.3,1.3,NA,"AS",NA,NA,NA,NA
12488,"Site1","2024-08-03","Plot1","4","2024-08-02","W5","_0W0116","_0W0116",1,"2024-08-02","dialium guianense",458.870010615967,84.5400022659451,14.6,1.3,NA,"AS",NA,NA,NA,NA
7489,"Site1","2024-08-03","Plot1","4","2024-08-02","M11","_0M5071","_0M5071",1,"2024-08-02",NA,254.718807129248,211.194824166596,12.9,1.3,NA,"AS",NA,NA,NA,NA
10146,"Site1","2024-08-03","Plot1","4","2024-08-02","R1","_0R0767","_0R0767",1,"2024-08-02","symphonia globulifera",359.05998497369,14.0299535114318,10.8,1.3,NA,"AS",NA,NA,NA,NA
1699,"Site1","2024-08-03","Plot1","4","2024-08-02","C14","_0C3366","_0C3366",1,"2024-08-02","anaueria brasiliensis",56.480006771104,261.419978832826,10.3132403123548,1.3,NA,"AS",NA,NA,NA,NA
11588,"Site1","2024-08-03","Plot1","4","2024-08-02","U17","_0U0389","_0U0389",1,"2024-08-02","inga acicularis",414.750049222668,324.729997772723,31.5,1.3,NA,"AS",NA,NA,NA,NA
10937,"Site1","2024-08-03","Plot1","4","2024-08-02","T6","_0T0127","_0T0127",1,"2024-08-02","eschweilera coriacea",383.730030028324,110.629990970716,16,1.3,NA,"AS",NA,NA,NA,NA
9769,"Site1","2024-08-03","Plot1","4","2024-08-02","Q20","_0Q4044","_0Q4044",1,"2024-08-02","rinorea lindeniana",329.22004721436,395.779961002991,10.2,1.3,NA,"AS",NA,NA,NA,NA
1582,"Site1","2024-08-03","Plot1","4","2024-08-02","C25","_0C0557","_0C0557",1,"2024-08-02","anaxagorea brevipes",56.0332733919495,485.111908562481,15.0242266278749,1.3,NA,"AS",NA,NA,NA,NA
5582,"Site1","2024-08-03","Plot1","4","2024-08-02","J24","_0J0592","_0J0592",1,"2024-08-02","theobroma obovatum",189.130663782649,460.170432267711,10.1,1.3,NA,"AS",NA,NA,NA,NA
4612,"Site1","2024-08-03","Plot1","4","2024-08-02","H23","_0H4781","_0H4781",1,"2024-08-02","iryanthera laevis",158.190029282647,445.900026164949,12.8,1.3,NA,"AS",NA,NA,NA,NA
9391,"Site1","2024-08-03","Plot1","4","2024-08-02","Q11","_0Q0232","_0Q0232",1,"2024-08-02","compsoneura sprucei",330.590044279059,205.14998697117,20.8,1.3,NA,"AS",NA,NA,NA,NA
2606,"Site1","2024-08-03","Plot1","4","2024-08-02","E16","_0E0391","_0E0391",1,"2024-08-02","minquartia guianensis",93.0300051479717,309.780031550676,15.5,1.3,NA,"AS",NA,NA,NA,NA
11714,"Site1","2024-08-03","Plot1","4","2024-08-02","U24","_0U0558","_0U0558",1,"2024-08-02","cordia panamensis",418.040045394038,463.860006107017,35.9,1.3,NA,"AS",NA,NA,NA,NA
8622,"Site1","2024-08-03","Plot1","4","2024-08-02","O20","_0O4026","_0O4026",1,"2024-08-02","neea sp.2",282.260019677866,387.130001081154,11.9,1.3,NA,"AS",NA,NA,NA,NA
434,"Site1","2024-08-03","Plot1","4","2024-08-02","A4","_0A1250","_0A1250",1,"2024-08-02","nealchornea yapurensis",17.5399836525903,69.4900053497404,11.0453530505775,1.3,NA,"AS",NA,NA,NA,NA
1624,"Site1","2024-08-03","Plot1","4","2024-08-02","C6","_0C1692","_0C1692",1,"2024-08-02","aspidosperma excelsum",51.0099999940721,110.709999999031,12.0321136977473,1.3,NA,"AS",NA,NA,NA,NA
3650,"Site1","2024-08-03","Plot1","4","2024-08-02","G14","_0G0315","_0G0315",1,"2024-08-02","aspidosperma rigidum",129.459992715565,270.359986700118,29.8,1.3,NA,"AS",NA,NA,NA,NA
1465,"Site1","2024-08-03","Plot1","4","2024-08-02","C17","_0C0376","_0C0376",1,"2024-08-02","theobroma obovatum",51.2399999891059,320.799999998882,14.7059167416911,1.3,NA,"AS",NA,NA,NA,NA
8284,"Site1","2024-08-03","Plot1","4","2024-08-02","O14","_0O0339","_0O0339",1,"2024-08-02","iriartea deltoidea",285.60000540677,276.749980218709,26.6,4.05,NA,"AS",NA,NA,NA,NA
6780,"Site1","2024-08-03","Plot1","4","2024-08-02","L1","_0L002","_0L0657",1,"2024-08-02","theobroma glaucum",222.6399579852,4.22002197615802,15.1,1.3,NA,"AS",NA,NA,NA,NA
7729,"Site1","2024-08-03","Plot1","4","2024-08-02","N14","_0N0314","_0N0314",1,"2024-08-02","virola duckei",276.759967036021,264.929986394942,34.2,2.35,NA,"AS",NA,NA,NA,NA
8671,"Site1","2024-08-03","Plot1","4","2024-08-02","P1","_0P0018","_0P0018",1,"2024-08-02","eschweilera bracteosa",313.08002150536,15.9400490056723,37.8,1.3,NA,"AS",NA,NA,NA,NA
12320,"Site1","2024-08-03","Plot1","4","2024-08-02","V10","_0V2171","_0V2171",1,"2024-08-02","swartzia arborescens",439.499995997234,184.00998413004,10.1,1.3,NA,"AS",NA,NA,NA,NA
8580,"Site1","2024-08-03","Plot1","4","2024-08-02","O14","_0O3125","_0O3125",1,"2024-08-02","caraipa grandifolia",295.230027790705,264.799999782816,11.6,1.3,NA,"AS",NA,NA,NA,NA
1810,"Site1","2024-08-03","Plot1","4","2024-08-02","D1","_0D0019","_0D0019",1,"2024-08-02","perebea guianensis",76.4399999873131,0.830000000074506,12.6687334701149,1.3,NA,"AS",NA,NA,NA,NA
6504,"Site1","2024-08-03","Plot1","4","2024-08-02","L8","_0L0175","_0L0175",1,"2024-08-02","theobroma subincanum",239.8099971544,154.540043972433,18.1,1.3,NA,"AS",NA,NA,NA,NA
2212,"Site1","2024-08-03","Plot1","4","2024-08-02","D8","_0D1933","_0D1933",1,"2024-08-02","pouteria hispida",62.4199901749962,151.579976085573,10.3132403123548,1.3,NA,"AS",NA,NA,NA,NA
12628,"Site1","2024-08-03","Plot1","4","2024-08-02","W14","_0W0330","_0W0330",1,"2024-08-02","tetragastris panamensis",456.139974133985,273.750031592324,15.5,1.3,NA,"AS",NA,NA,NA,NA
11644,"Site1","2024-08-03","Plot1","4","2024-08-02","U21","_0U0469","_0U0469",1,"2024-08-02","osteophloeum platyspermum",413.740029365465,416.260049240664,51.1,1.3,NA,"AS",NA,NA,NA,NA
8849,"Site1","2024-08-03","Plot1","4","2024-08-02","P13","_0P0289","_0P0289",1,"2024-08-02","eschweilera coriacea",319.879974313837,253.089966796339,35.5,1.3,NA,"AS",NA,NA,NA,NA
13808,"Site1","2024-08-03","Plot1","4","2024-08-02","Y15","_0Y0375","_0Y0375",1,"2024-08-02","pouteria campanulata",481.000012768607,299.7000140585,18.8,1.3,NA,"AS",NA,NA,NA,NA
12807,"Site1","2024-08-03","Plot1","4","2024-08-02","W1","_0W0788","_0W0788",1,"2024-08-02","brosimum lactescens",457.950035599992,11.6599791739136,11.8,1.3,NA,"AS",NA,NA,NA,NA
11171,"Site1","2024-08-03","Plot1","4","2024-08-02","T24","_0T0540","_0T0540",1,"2024-08-02","protium nodulosum",391.929991327284,479.87002354674,16.7,1.3,NA,"AS",NA,NA,NA,NA
13678,"Site1","2024-08-03","Plot1","4","2024-08-02","Y7","_0Y0175","_0Y0175",1,"2024-08-02","otoba glycycarpa",487.130028842075,134.020042778924,13.8,1.3,NA,"AS",NA,NA,NA,NA
7271,"Site1","2024-08-03","Plot1","4","2024-08-02","M22","_0M0473","_0M0473",1,"2024-08-02","sloanea gladysiae",244.220016286068,422.300033118576,12.9,1.3,NA,"AS",NA,NA,NA,NA
13066,"Site1","2024-08-03","Plot1","4","2024-08-02","X7","_0X0147","_0X0147",1,"2024-08-02","sapium marmieri",473.829964230012,137.809972697869,12.8,1.3,NA,"AS",NA,NA,NA,NA
6770,"Site1","2024-08-03","Plot1","4","2024-08-02","L13","_0L0586","_0L0586",1,"2024-08-02","rudgea sclerocalyx",223.99997431325,249.72995596379,16.4,1.3,NA,"AS",NA,NA,NA,NA
1861,"Site1","2024-08-03","Plot1","4","2024-08-02","D4","_0D0099","_0D0099",1,"2024-08-02","sapium marmieri",73.6699999867706,64.8699999991804,48.4467646771729,1.3,NA,"AS",NA,NA,NA,NA
14018,"Site1","2024-08-03","Plot1","4","2024-08-02","Y7","_0Y1445","_0Y1445",1,"2024-08-02","protium nodulosum",490.929968056211,139.139975933358,10.25,1.3,NA,"AS",NA,NA,NA,NA
7030,"Site1","2024-08-03","Plot1","4","2024-08-02","M5","_0M0103","_0M0103",1,"2024-08-02","eschweilera gigantea",246.420035420801,88.7399845868349,24,1.3,NA,"AS",NA,NA,NA,NA
362,"Site1","2024-08-03","Plot1","4","2024-08-02","A24","_0A0533","_0A0533",1,"2024-08-02","eschweilera coriacea",3.51000387320528,465.959960117936,36.7647918542278,1.3,NA,"AS",NA,NA,NA,NA
9833,"Site1","2024-08-03","Plot1","4","2024-08-02","R2","_0R0032","_0R0032",1,"2024-08-02","iryanthera hostmannii",346.949989564426,39.5400076843798,11.2,1.3,NA,"AS",NA,NA,NA,NA
184,"Site1","2024-08-03","Plot1","4","2024-08-02","A12","_0A0278","_0A0278",1,"2024-08-02","osteophloeum platyspermum",12.5299999896088,235.969999998808,14.4830998213625,1.3,NA,"AS",NA,NA,NA,NA
336,"Site1","2024-08-03","Plot1","4","2024-08-02","A22","_0A0489","_0A0489",1,"2024-08-02","anaxagorea brevipes",4.00001994572813,421.019976457581,10.2495783351181,1.3,NA,"AS",NA,NA,NA,NA
7524,"Site1","2024-08-03","Plot1","4","2024-08-02","N2","_0N0044","_0N0044",1,"2024-08-02","tetrathylacium macrophyllum",276.860005741299,29.5899853911251,12.5,1.3,NA,"AS",NA,NA,NA,NA
326,"Site1","2024-08-03","Plot1","4","2024-08-02","A21","_0A0469","_0A0469",1,"2024-08-02","guatteria ramiflora",6.99997668305878,401.729969386011,17.6661986832004,1.3,NA,"AS",NA,NA,NA,NA
2141,"Site1","2024-08-03","Plot1","4","2024-08-02","D24","_0D0511","_0D0511",1,"2024-08-02","couepia macrophylla",67.0100174482213,469.739954922348,16.1,1.3,NA,"AS",NA,NA,NA,NA
10215,"Site1","2024-08-03","Plot1","4","2024-08-02","R9","_0R2095","_0R2095",1,"2024-08-02","euterpe precatoria",352.169979077473,177.050005147234,14,1.3,NA,"AS",NA,NA,NA,NA
12334,"Site1","2024-08-03","Plot1","4","2024-08-02","V13","_0V2474","_0V2474",1,"2024-08-02","brosimum lactescens",428.720017653715,255.189977573231,12,1.3,NA,"AS",NA,NA,NA,NA
12504,"Site1","2024-08-03","Plot1","4","2024-08-02","W7","_0W0151","_0W0151",1,"2024-08-02","gustavia augusta",446.400038308406,132.28002329357,13.2,1.3,NA,"AS",NA,NA,NA,NA
14278,"Site1","2024-08-03","Plot1","4","2024-08-02","K17","_1K0615","_1K0615",1,"2024-08-02","cecropia ficifolia",209.459986050904,326.410044491291,16.2,1.3,NA,"AS",NA,NA,NA,NA
7931,"Site1","2024-08-03","Plot1","4","2024-08-02","N2","_0N0992","_0N0992",1,"2024-08-02","rinorea lindeniana",278.589964291546,26.1699985191226,10.9,1.3,NA,"AS",NA,NA,NA,NA
7138,"Site1","2024-08-03","Plot1","4","2024-08-02","M13","_0M0281","_0M0281",1,"2024-08-02","annona neoamazonica",240.200044148078,256.760028827935,42.5,1.3,NA,"AS",NA,NA,NA,NA
13268,"Site1","2024-08-03","Plot1","4","2024-08-02","X18","_0X0431","_0X0431",1,"2024-08-02","cabralea canjerana",470.800001321477,345.820009214804,11.5,1.3,NA,"AS",NA,NA,NA,NA
2817,"Site1","2024-08-03","Plot1","4","2024-08-02","E15","_0E3219","_0E3219",1,"2024-08-02","protium nodulosum",97.0599789482658,290.589970368892,12.1,1.3,NA,"AS",NA,NA,NA,NA
4375,"Site1","2024-08-03","Plot1","4","2024-08-02","H22","_0H0492","_0H0492",1,"2024-08-02","inga stenoptera",147.530038197699,423.009963143617,31.5,1.3,NA,"AS",NA,NA,NA,NA
5371,"Site1","2024-08-03","Plot1","4","2024-08-02","J12","_0J0287","_0J0287",1,"2024-08-02","brosimum lactescens",183.350018411002,238.129952482879,13.8,1.3,NA,"AS",NA,NA,NA,NA
12362,"Site1","2024-08-03","Plot1","4","2024-08-02","V17","_0V3038","_0V3038",1,"2024-08-02","socratea exorrhiza",425.660049625672,324.490003949031,11.85,2.8,NA,"AS",NA,NA,NA,NA
751,"Site1","2024-08-03","Plot1","4","2024-08-02","B8","_0B0231","_0B0231",1,"2024-08-02","guarea kunthiana",27.5099999931408,146.959999999031,12.76422643597,1.3,NA,"AS",NA,NA,NA,NA
9311,"Site1","2024-08-03","Plot1","4","2024-08-02","Q5","_0Q0114","_0Q0114",1,"2024-08-02","vismia macrophylla",336.249960159243,99.680049393326,31.6,1.3,NA,"AS",NA,NA,NA,NA
14238,"Site1","2024-08-03","Plot1","4","2024-08-02",NA,"_1H0730","_1H0730",1,"2025-02-20",NA,142.698682454356,395.549709303305,23.8,1.3,NA,"AS",NA,NA,NA,"individuo no encontrado en base de datos, se ingresa"
14496,"Site1","2024-08-03","Plot1","4","2024-08-02","D7","_2D0226","_2D0226",1,"2024-08-02",NA,68.7473388751387,121.955374862999,19.225917125501,1.3,NA,"AS",NA,NA,NA,NA
6267,"Site1","2024-08-03","Plot1","4","2024-08-02","K6","_0K1782","_0K1782",1,"2024-08-02","myrcia sp.1",209.820020062558,104.259978491813,11.8,1.3,NA,"AS",NA,NA,NA,NA
506,"Site1","2024-08-03","Plot1","4","2024-08-02","A13","_0A2966","_0A2966",1,"2024-08-02","cassipourea peruviana",18.8799989132094,249.869965702295,10.6952121757754,1.3,NA,"ABS",NA,NA,NA,NA
6375,"Site1","2024-08-03","Plot1","4","2024-08-02","K21","_0K4523","_0K4523",1,"2024-08-02","pourouma bicolor",206.360046248941,412.590021023527,23,1.3,NA,"AS",NA,NA,NA,NA
4807,"Site1","2024-08-03","Plot1","4","2024-08-02","I11","_0I0256","_0I0256",1,"2024-08-02","rinorea lindeniana",165.307410053385,202.404012743384,10.4,1.3,NA,"AS",NA,NA,NA,NA
7628,"Site1","2024-08-03","Plot1","4","2024-08-02","N9","_0N0185","_0N0185",1,"2024-08-02","astrocaryum ferrugineum",269.569965893927,170.740043679252,15,1.3,NA,"AS",NA,NA,NA,NA
2775,"Site1","2024-08-03","Plot1","4","2024-08-02","E6","_0E1600","_0E1600",1,"2024-08-02","guarea kunthiana",97.05000487488,107.59995063208,13.3,1.3,NA,"AS",NA,NA,NA,NA
13744,"Site1","2024-08-03","Plot1","4","2024-08-02","Y10","_0Y0255","_0Y0255",1,"2024-08-02","zygia latifolia",484.410235820629,184.890581158921,22.57,1.3,NA,"AS",NA,NA,NA,NA
3544,"Site1","2024-08-03","Plot1","4","2024-08-02","G8","_0G0162","_0G0162",1,"2024-08-02","conceveiba guianensis",128.770021335979,151.050036447123,14.8,1.3,NA,"AS",NA,NA,NA,NA
3739,"Site1","2024-08-03","Plot1","4","2024-08-02","G19","_0G0438","_0G0438",1,"2024-08-02","iryanthera hostmannii",135.210031048337,363.770026838407,49.9,1.3,NA,"AS",NA,NA,NA,NA
5827,"Site1","2024-08-03","Plot1","4","2024-08-02","K3","_0K0054","_0K0054",1,"2024-08-02","otoba parvifolia",208.550027274701,56.2000145111233,13.2,1.3,NA,"AS",NA,NA,NA,NA
13797,"Site1","2024-08-03","Plot1","4","2024-08-02","Y14","_0Y0361","_0Y0361",1,"2024-08-02","iryanthera juruensis",497.310011515394,265.460028247908,16.8,1.3,NA,"AS",NA,NA,NA,NA
1304,"Site1","2024-08-03","Plot1","4","2024-08-02","C7","_0C0150","_0C0150",1,"2024-08-02","eschweilera coriacea",57.1899999934831,124.320000000298,14.9923956392565,1.3,NA,"AS",NA,NA,NA,NA
6607,"Site1","2024-08-03","Plot1","4","2024-08-02","L15","_0L0334","_0L0334",1,"2024-08-02","trichilia rubra",232.500031100761,299.750025231391,18.3,1.3,NA,"AS",NA,NA,NA,NA
8028,"Site1","2024-08-03","Plot1","4","2024-08-02","N23","_0N4689","_0N4689",1,"2024-08-02","virola peruviana",263.259991056228,459.239974029362,14.1,1.3,NA,"AS",NA,NA,NA,NA
14761,"Site1","2024-08-03","Plot1","4","2024-08-02","U6","_2U0259","_2U0259",1,"2024-08-02",NA,401.388084338338,102.524205144495,19.4,1.3,NA,"AS",NA,NA,NA,NA
12005,"Site1","2024-08-03","Plot1","4","2024-08-02","V7","_0V0136","_0V0136",1,"2024-08-02","eschweilera coriacea",428.070018298167,137.559981869534,19.6,1.3,NA,"AS",NA,NA,NA,NA
5046,"Site1","2024-08-03","Plot1","4","2024-08-02","I25","_0I0592","_0I0592",1,"2024-08-02","conceveiba martiana",168.870002526266,487.68000796251,50.5,2.6,NA,"AS",NA,NA,NA,NA
3636,"Site1","2024-08-03","Plot1","4","2024-08-02","G13","_0G0298","_0G0298",1,"2024-08-02","virola divergens",136.290029391064,242.980019811541,33.7,1.3,NA,"AS",NA,NA,NA,NA
9242,"Site1","2024-08-03","Plot1","4","2024-08-02","Q1","_0Q0010","_0Q0010",1,"2024-08-02","theobroma microcarpum",335.843292736157,0.666031802073121,11.8,1.3,NA,"AS",NA,NA,NA,NA
3120,"Site1","2024-08-03","Plot1","4","2024-08-02","F16","_0F0375","_0F0375",1,"2024-08-02","esenbeckia amazonica",119.270010949927,308.979970414191,11.1,1.3,NA,"AS",NA,NA,NA,NA
4968,"Site1","2024-08-03","Plot1","4","2024-08-02","I22","_0I0497","_0I0497",1,"2024-08-02","neea ovalifolia",162.119962773344,420.290049389005,20.7,1.3,NA,"AS",NA,NA,NA,NA
14776,"Site1","2024-08-03","Plot1","4","2024-08-02","U15","_2U0668","_2U0668",1,"2024-08-02",NA,400.15612107201,286.628665652126,29.8,1.3,NA,"AS",NA,NA,NA,NA
5743,"Site1","2024-08-03","Plot1","4","2024-08-02","J21","_0J4420","_0J4420",1,"2024-08-02","kutchubaea semisericea",185.920014723612,410.180034395307,11,1.3,NA,"AS",NA,NA,NA,NA
9687,"Site1","2024-08-03","Plot1","4","2024-08-02","Q9","_0Q2191","_0Q2191",1,"2024-08-02","virola loretensis",328.900028678647,174.459986774251,10.3,1.3,NA,"AS",NA,NA,NA,NA
12055,"Site1","2024-08-03","Plot1","4","2024-08-02","V11","_0V0214","_0V0214",1,"2024-08-02","eschweilera rufifolia",426.070022793661,218.099953571334,14.5,1.3,NA,"AS",NA,NA,NA,NA
8366,"Site1","2024-08-03","Plot1","4","2024-08-02","O20","_0O0476","_0O0476",1,"2024-08-02","garcinia madruno",296.230021499796,398.200000872836,15,1.3,NA,"AS",NA,NA,NA,NA
6043,"Site1","2024-08-03","Plot1","4","2024-08-02","K16","_0K0367","_0K0367",1,"2024-08-02","bixa urucurana",213.999976926658,302.499977946281,26.2,1.3,NA,"AS",NA,NA,NA,NA
3024,"Site1","2024-08-03","Plot1","4","2024-08-02","F10","_0F0229","_0F0229",1,"2024-08-02","faramea multiflora",112.390025216679,185.29996243678,10.9,2,NA,"AS",NA,NA,NA,NA
2789,"Site1","2024-08-03","Plot1","4","2024-08-02","E8","_0E1865","_0E1865",1,"2024-08-02","virola crebrinervia",88.719975159911,157.86996896565,15.6,1.3,NA,"AS",NA,NA,NA,NA
3420,"Site1","2024-08-03","Plot1","4","2024-08-02","F24","_0F4921","_0F4921",1,"2024-08-02","chrysochlamys weberbaueri",109.650037021202,469.289997825399,10.7,1.77,NA,"AS",NA,NA,NA,NA
10823,"Site1","2024-08-03","Plot1","4","2024-08-02","S20","_0S3466","_0S3466",1,"2024-08-02","warszewiczia coccinea",364.63995672809,398.329995386302,11.1,1.3,NA,"AS",NA,NA,NA,NA
12254,"Site1","2024-08-03","Plot1","4","2024-08-02","V25","_0V0518","_0V0518",1,"2024-08-02","conceveiba guianensis",435.319984817528,489.380038976669,22.7,1.3,NA,"AS",NA,NA,NA,NA
4426,"Site1","2024-08-03","Plot1","4","2024-08-02","H24","_0H0566","_0H0566",1,"2024-08-02","trichilia solitudinis",148.706296827353,476.095279354602,14.9,1.3,NA,"AS",NA,NA,NA,NA
1305,"Site1","2024-08-03","Plot1","4","2024-08-02","C8","_0C0152","_0C0152",1,"2024-08-02","eschweilera itayensis",42.2399999960908,148.5,14.0056349920868,1.3,NA,"AS",NA,NA,NA,NA
7220,"Site1","2024-08-03","Plot1","4","2024-08-02","M18","_0M0402","_0M0402",1,"2024-08-02","eschweilera bracteosa",251.090015190304,340.230035403743,18.3,1.6,NA,"AS",NA,NA,NA,NA
14923,"Site1","2024-08-03","Plot1","4","2024-08-02",NA,"_3S0659","_3S0659",1,"2024-11-27",NA,372.923930129211,326.812058296055,18.5,2.65,NA,"AS",NA,NA,NA,NA
3025,"Site1","2024-08-03","Plot1","4","2024-08-02","F10","_0F0231","_0F0231",1,"2024-08-02","virola pavonis",119.120029232465,186.5700075645,32.5,2.6,NA,"AS",NA,NA,NA,NA
2379,"Site1","2024-08-03","Plot1","4","2024-08-02","E2","_0E0053","_0E0053",1,"2024-08-02","chrysochlamys weberbaueri",97.3599522655713,21.0400331877172,13.7,1.3,NA,"AS",NA,NA,NA,NA
13262,"Site1","2024-08-03","Plot1","4","2024-08-02","X18","_0X0424","_0X0424",1,"2024-08-02","warszewiczia coccinea",467.650026673276,355.88995266892,14.5,1.3,NA,"AS",NA,NA,NA,NA
13924,"Site1","2024-08-03","Plot1","4","2024-08-02","Y21","_0Y0510","_0Y0510",1,"2024-08-02","euterpe precatoria",481.960042349529,404.909968955442,16.6,1.3,NA,"AS",NA,NA,NA,NA
4994,"Site1","2024-08-03","Plot1","4","2024-08-02","I23","_0I0530","_0I0530",1,"2024-08-02","handroanthus sp.2",163.860016230319,443.720003847033,20.2,1.3,NA,"AS",NA,NA,NA,NA
1910,"Site1","2024-08-03","Plot1","4","2024-08-02","D7","_0D0169","_0D0169",1,"2024-08-02","iriartea deltoidea",73.0800207537832,136.980010958388,29.5,4.12,NA,"AS",NA,NA,NA,NA
6281,"Site1","2024-08-03","Plot1","4","2024-08-02","K7","_0K2077","_0K2077",1,"2024-08-02","aspidosperma rigidum",212.400005704549,128.690018363297,12.2,1.3,NA,"AS",NA,NA,NA,NA
3425,"Site1","2024-08-03","Plot1","4","2024-08-02","F24","_0F5012","_0F5012",1,"2024-08-02","casearia prunifolia",117.660024656157,468.610030563548,11.6,1.3,NA,"AS",NA,NA,NA,NA
10538,"Site1","2024-08-03","Plot1","4","2024-08-02","S15","_0S0343","_0S0343",1,"2024-08-02","eschweilera rufifolia",362.010030760779,284.240036675707,15.9,1.3,NA,"AS",NA,NA,NA,NA
13564,"Site1","2024-08-03","Plot1","4","2024-08-02","Y1","_0Y0019","_0Y0019",1,"2024-08-02","sapindaceae sp.3",497.540037623548,7.83000082336366,20.9,1.3,NA,"AS",NA,NA,NA,NA
5617,"Site1","2024-08-03","Plot1","4","2024-08-02","J1","_0J0759","_0J0759",1,"2024-08-02","trichilia septentrionalis",186.399984317773,10.5899918284267,10.6,1.3,NA,"AS",NA,NA,NA,NA
6192,"Site1","2024-08-03","Plot1","4","2024-08-02","K25","_0K0576","_0K0576",1,"2024-08-02","brosimum guianense",216.950016943447,483.56996608153,29,1.3,NA,"AS",NA,NA,NA,NA
920,"Site1","2024-08-03","Plot1","4","2024-08-02","B18","_0B0487","_0B0487",1,"2024-08-02","matisia bracteolosa",36.539971701859,344.820007804781,12.3504235839311,1.3,NA,"AS",NA,NA,NA,NA
3966,"Site1","2024-08-03","Plot1","4","2024-08-02","G16","_0G3345","_0G3345",1,"2024-08-02","sorocea steinbachii",134.420038520184,311.81002820842,10.5,1.3,NA,"AS",NA,NA,NA,NA
5700,"Site1","2024-08-03","Plot1","4","2024-08-02","J15","_0J3302","_0J3302",1,"2024-08-02","protium nodulosum",197.459986908187,291.329971404746,10.3,1.3,NA,"AS",NA,NA,NA,NA
12515,"Site1","2024-08-03","Plot1","4","2024-08-02","W7","_0W0167","_0W0167",1,"2024-08-02","astrocaryum ferrugineum",454.910033670662,125.319996191189,15.7,1.3,NA,"AS",NA,NA,NA,NA
10758,"Site1","2024-08-03","Plot1","4","2024-08-02","S11","_0S2387","_0S2387",1,"2024-08-02","garcinia madruno",377.810032639245,218.38004280813,14.7,1.3,NA,"AS",NA,NA,NA,NA
14891,"Site1","2024-08-03","Plot1","4","2024-08-02",NA,"_3M0672","_3M0672",1,"2025-01-27",NA,240.246645930398,386.045872556046,15.3,1.3,NA,"AS",NA,NA,NA,NA
6080,"Site1","2024-08-03","Plot1","4","2024-08-02","K19","_0K0426","_0K0426",1,"2024-08-02","lauraceae sp.3",209.848140441522,372.946959076449,20.2,1.3,NA,"AS",NA,NA,NA,NA
10857,"Site1","2024-08-03","Plot1","4","2024-08-02","S25","_0S4669","_0S4669",1,"2024-08-02","iryanthera hostmannii",379.330043244234,482.969967791811,11.2,1.3,NA,"AS",NA,NA,NA,NA
6929,"Site1","2024-08-03","Plot1","4","2024-08-02","L22","_0L4574","_0L4574",1,"2024-08-02","virola sebifera",236.510014335858,432.380046742037,10.4,1.3,NA,"AS",NA,NA,NA,NA
11932,"Site1","2024-08-03","Plot1","4","2024-08-02","V2","_0V0038","_0V0038",1,"2024-08-02","vitex orinocensis",436.149969886523,35.0699724070728,24.1,1.3,NA,"AS",NA,NA,NA,NA
209,"Site1","2024-08-03","Plot1","4","2024-08-02","A14","_0A0316","_0A0316",1,"2024-08-02","maquira calophylla",2.01001851941692,270.259990438819,15.8200013433344,1.3,NA,"AS",NA,NA,NA,NA
5249,"Site1","2024-08-03","Plot1","4","2024-08-02","J3","_0J0076","_0J0076",1,"2024-08-02","eschweilera gigantea",197.95998546324,49.3800429347903,16.4,1.3,NA,"AS",NA,NA,NA,NA
3713,"Site1","2024-08-03","Plot1","4","2024-08-02","G18","_0G0405","_0G0405",1,"2024-08-02","ophiocaryon heterophyllum",124.41998598678,355.750029576942,13,1.3,NA,"AS",NA,NA,NA,NA
3483,"Site1","2024-08-03","Plot1","4","2024-08-02","G4","_0G0076","_0G0076",1,"2024-08-02","abarema barbouriana",132.000016326492,60.5099517013878,30.5,1.3,NA,"AS",NA,NA,NA,NA
2138,"Site1","2024-08-03","Plot1","4","2024-08-02","D23","_0D0504","_0D0504",1,"2024-08-02","faramea anisocalyx",78.0300342927803,450.169961929321,22.2,4.55,NA,"AS",NA,NA,NA,NA
12056,"Site1","2024-08-03","Plot1","4","2024-08-02","V11","_0V0215","_0V0215",1,"2024-08-02","eugenia florida",427.280018046382,212.079991690814,24,1.3,NA,"AS",NA,NA,NA,NA
1491,"Site1","2024-08-03","Plot1","4","2024-08-02","C19","_0C0406","_0C0406",1,"2024-08-02","eschweilera coriacea",45.9605198705685,360.997259024531,35,3.9,NA,"AS",NA,NA,NA,NA
10911,"Site1","2024-08-03","Plot1","4","2024-08-02","T4","_0T0090","_0T0090",1,"2024-08-02","pouteria torta",397.449953554955,71.219996791333,14.3,1.8,NA,"AS",NA,NA,NA,NA
12710,"Site1","2024-08-03","Plot1","4","2024-08-02","W17","_0W0429","_0W0429",1,"2024-08-02","virola calophylla",458.920026155189,327.500041147694,14.7,1.3,NA,"AS",NA,NA,NA,NA
9342,"Site1","2024-08-03","Plot1","4","2024-08-02","Q7","_0Q0158","_0Q0158",1,"2024-08-02","euterpe precatoria",333.456455557782,121.637271523476,18,1.3,NA,"AS",NA,NA,NA,NA
4784,"Site1","2024-08-03","Plot1","4","2024-08-02","I10","_0I0227","_0I0227",1,"2024-08-02","scleronema micranthum",169.359954599,184.820030784234,34.7,1.3,NA,"AS",NA,NA,NA,NA
10575,"Site1","2024-08-03","Plot1","4","2024-08-02","S21","_0S0437","_0S0437",1,"2024-08-02","siparuna cristata",360.889993328077,418.740014836192,13,1.7,NA,"AS",NA,NA,NA,NA
10953,"Site1","2024-08-03","Plot1","4","2024-08-02","T7","_0T0161","_0T0161",1,"2024-08-02","euterpe precatoria",397.39003193035,133.599958064035,16.6,1.3,NA,"AS",NA,NA,NA,NA
4482,"Site1","2024-08-03","Plot1","4","2024-08-02","H3","_0H1224","_0H1224",1,"2024-08-02","leptobalanus octandrus",158.39512949629,45.0071172844619,14.2,1.3,NA,"AS",NA,NA,NA,NA
14759,"Site1","2024-08-03","Plot1","4","2024-08-02","U5","_2U0220","_2U0220",1,"2024-08-02",NA,403.811060354987,94.0998746529222,15.2,1.3,NA,"AS",NA,NA,NA,NA
14503,"Site1","2024-08-03","Plot1","4","2024-08-02","D16","_2D0875","_2D0875",1,"2024-08-02",NA,68.6981935261283,315.483511671424,12.3,1.3,NA,"AS",NA,NA,NA,NA
14223,"Site1","2024-08-03","Plot1","4","2024-08-02","G1","_1G0029","_1G0029",1,"2024-08-02","sapium marmieri",120.310013368377,8.43004487454891,10.9,1.3,NA,"AS",NA,NA,NA,NA
631,"Site1","2024-08-03","Plot1","4","2024-08-02","B2","_0B0062","_0B0062",1,"2024-08-02","parkia multijuga",31.039999998,29.5099999997765,23.7140865206924,1.3,NA,"AS",NA,NA,NA,NA
3580,"Site1","2024-08-03","Plot1","4","2024-08-02","G10","_0G0214","_0G0214",1,"2024-08-02","otoba parvifolia",138.450002998172,189.810040459037,14.2,1.3,NA,"AS",NA,NA,NA,NA
476,"Site1","2024-08-03","Plot1","4","2024-08-02","A9","_0A2235","_0A2235",1,"2024-08-02","alsophila cuspidata",15.9500319886138,169.799982182682,12.6687334701149,1.3,NA,"AS",NA,NA,NA,NA
4549,"Site1","2024-08-03","Plot1","4","2024-08-02","H13","_0H3072","_0H3072",1,"2024-08-02","guatteria modesta",152.28996268817,241.79002417624,20.2,1.3,NA,"AS",NA,NA,NA,NA
877,"Site1","2024-08-03","Plot1","4","2024-08-02","B16","_0B0422","_0B0422",1,"2024-08-02","erisma uncinatum",20.7899929567357,306.510039269924,94,4.5,NA,"AS",NA,NA,NA,NA
7985,"Site1","2024-08-03","Plot1","4","2024-08-02","N15","_0N3129","_0N3129",1,"2024-08-02","inga umbratica",277.190046354837,296.839983517304,15,1.3,NA,"AS",NA,NA,NA,NA
14450,"Site1","2024-08-03","Plot1","4","2024-08-02","Y1","_1Y0025","_1Y0025",1,"2024-08-02","unidentified",499.130021957331,19.5899674426764,21.6,2.3,NA,"AS",NA,NA,NA,NA
12822,"Site1","2024-08-03","Plot1","4","2024-08-02","W4","_0W1179","_0W1179",1,"2024-08-02","virola calophylla",450.360041037784,76.7799749877304,10.2,1.3,NA,"AS",NA,NA,NA,NA
6340,"Site1","2024-08-03","Plot1","4","2024-08-02","K17","_0K3771","_0K3771",1,"2024-08-02","guatteria modesta",211.930010002747,333.189966538921,12.2,1.3,NA,"AS",NA,NA,NA,NA
780,"Site1","2024-08-03","Plot1","4","2024-08-02","B10","_0B0275","_0B0275",1,"2024-08-02","ampelocera edentula",25.019999993674,188.459999999031,21.6132412718794,1.3,NA,"AS",NA,NA,NA,NA
9702,"Site1","2024-08-03","Plot1","4","2024-08-02","Q13","_0Q2782","_0Q2782",1,"2024-08-02","guarea gomma",320.560010057699,249.460022754967,12.8,1.3,NA,"AS",NA,NA,NA,NA
47,"Site1","2024-08-03","Plot1","4","2024-08-02","A3","_0A0071","_0A0071",1,"2024-08-02","apeiba membranacea",7.66999662359012,55.9900175277144,13.4963391741927,1.3,NA,"AS",NA,NA,NA,NA
1103,"Site1","2024-08-03","Plot1","4","2024-08-02","B13","_0B3052","_0B3052",1,"2024-08-02","inga stenoptera",25.2099999938509,255.390000000596,11.1408460164327,1.3,NA,"AS",NA,NA,NA,NA
6479,"Site1","2024-08-03","Plot1","4","2024-08-02","L5","_0L0118","_0L0118",1,"2024-08-02","enterolobium schomburgkii",233.900026166812,82.3300361856818,27.7,1.3,NA,"AS",NA,NA,NA,NA
8872,"Site1","2024-08-03","Plot1","4","2024-08-02","P15","_0P0324","_0P0324",1,"2024-08-02","astrocaryum ferrugineum",309.409950619505,296.869986709207,14.6,1.3,NA,"AS",NA,NA,NA,NA
8065,"Site1","2024-08-03","Plot1","4","2024-08-02","O1","_0O0012","_0O0012",1,"2024-08-02","pouteria williamii",281.970007588679,10.3300227709115,22.3,1.3,NA,"AS",NA,NA,NA,NA
224,"Site1","2024-08-03","Plot1","4","2024-08-02","A14","_0A0333","_0A0333",1,"2024-08-02","eschweilera gigantea",19.6899999920279,260.910000000149,37.4014116265954,1.3,NA,"AS",NA,NA,NA,NA
14051,"Site1","2024-08-03","Plot1","4","2024-08-02","Y13","_0Y2313","_0Y2313",1,"2024-08-02","protium nodulosum",484.669973701995,250.519971609116,10.21,1.3,NA,"AS",NA,NA,NA,NA
13127,"Site1","2024-08-03","Plot1","4","2024-08-02","X11","_0X0250","_0X0250",1,"2024-08-02","theobroma microcarpum",476.719976573891,210.740044137463,20.4,1.3,NA,"AS",NA,NA,NA,NA
12553,"Site1","2024-08-03","Plot1","4","2024-08-02","W10","_0W0226","_0W0226",1,"2024-08-02","socratea exorrhiza",448.979999509116,190.949996560812,17.5,4.5,NA,"AS",NA,NA,NA,NA
14027,"Site1","2024-08-03","Plot1","4","2024-08-02","Y9","_0Y1838","_0Y1838",1,"2024-08-02","naucleopsis riparia",491.439976998838,165.89997972548,12.55,1.3,NA,"AS",NA,NA,NA,NA
14353,"Site1","2024-08-03","Plot1","4","2024-08-02","R15","_1R0427","_1R0427",1,"2024-08-02","unidentified",351.769988771703,292.830020163208,11.9,1.3,NA,"AS",NA,NA,NA,NA
13731,"Site1","2024-08-03","Plot1","4","2024-08-02","Y9","_0Y0242","_0Y0242",1,"2024-08-02","iryanthera macrophylla",491.47004310746,165.32999885641,28,1.3,NA,"AS",NA,NA,NA,NA
11447,"Site1","2024-08-03","Plot1","4","2024-08-02","U7","_0U0155","_0U0155",1,"2024-08-02","eschweilera coriacea",418.980016226356,124.689983164892,28.8,1.3,NA,"AS",NA,NA,NA,NA
14197,"Site1","2024-08-03","Plot1","4","2024-08-02","E7","_1E0341","_1E0341",1,"2024-08-02","",99.8699782111798,124.029981711879,13.7,1.3,NA,"AS",NA,NA,NA,NA
5472,"Site1","2024-08-03","Plot1","4","2024-08-02","J17","_0J0428","_0J0428",1,"2024-08-02","naucleopsis glabra",180.75998984935,338.480005150661,23.2,1.3,NA,"AS",NA,NA,NA,NA
3289,"Site1","2024-08-03","Plot1","4","2024-08-02","F2","_0F0996","_0F0996",1,"2024-08-02","chrysochlamys weberbaueri",116.400028821721,27.5699781775475,13.4,1.3,NA,"AS",NA,NA,NA,NA
12336,"Site1","2024-08-03","Plot1","4","2024-08-02","V14","_0V2559","_0V2559",1,"2024-08-02","ormosia macrocalyx",426.859981050191,261.189962634817,11.5,1.3,NA,"AS",NA,NA,NA,NA
10761,"Site1","2024-08-03","Plot1","4","2024-08-02","S11","_0S2417","_0S2417",1,"2024-08-02","virola sebifera",373.930017206876,206.429984278977,13,1.3,NA,"AS",NA,NA,NA,NA
3042,"Site1","2024-08-03","Plot1","4","2024-08-02","F11","_0F0254","_0F0254",1,"2024-08-02","dacryodes amplectans",119.040040240681,201.499968264252,11.6,1.3,NA,"AS",NA,NA,NA,NA
5135,"Site1","2024-08-03","Plot1","4","2024-08-02","I13","_0I2942","_0I2942",1,"2024-08-02","anaxagorea brevipes",164.070020471059,254.869951538742,12.7,1.3,NA,"AS",NA,NA,NA,NA
4222,"Site1","2024-08-03","Plot1","4","2024-08-02","H13","_0H0274","_0H0274",1,"2024-08-02","brosimum guianense",147.179961756978,242.479991603643,26.8,1.3,NA,"AS",NA,NA,NA,NA
13498,"Site1","2024-08-03","Plot1","4","2024-08-02","X22","_0X4079","_0X4079",1,"2024-08-02","simarouba amara",468.780034388474,438.700019238517,15.1,1.3,NA,"AS",NA,NA,NA,NA
7042,"Site1","2024-08-03","Plot1","4","2024-08-02","M6","_0M0121","_0M0121",1,"2024-08-02","eschweilera coriacea",248.250004988571,104.799992714077,14.2,1.3,NA,"AS",NA,NA,NA,NA
10294,"Site1","2024-08-03","Plot1","4","2024-08-02","R20","_0R3784","_0R3784",1,"2024-08-02","angostura simplex",340.36995544791,385.219991309568,10.7,1.3,NA,"AS",NA,NA,NA,NA
5378,"Site1","2024-08-03","Plot1","4","2024-08-02","J12","_0J0294","_0J0294",1,"2024-08-02","nealchornea yapurensis",199.53995286912,239.080005751923,11.1,1.3,NA,"AS",NA,NA,NA,NA
865,"Site1","2024-08-03","Plot1","4","2024-08-02","B15","_0B0403","_0B0403",1,"2024-08-02","aspidosperma rigidum",27.5199999912293,292.75,16.8385929791225,1.3,NA,"AS",NA,NA,NA,NA
1475,"Site1","2024-08-03","Plot1","4","2024-08-02","C18","_0C0387","_0C0387",1,"2024-08-02","aspidosperma excelsum",43.7199999946752,345.469999998808,19.5442270116847,1.3,NA,"AS",NA,NA,NA,NA
7513,"Site1","2024-08-03","Plot1","4","2024-08-02","N2","_0N0029","_0N0029",1,"2024-08-02","pseudolmedia laevis",261.420037236123,33.8799704369158,32.2,1.3,NA,"AS",NA,NA,NA,NA
4216,"Site1","2024-08-03","Plot1","4","2024-08-02","H12","_0H0264","_0H0264",1,"2024-08-02","virola pavonis",154.502305723086,232.789199929684,60.4,3.1,NA,"AS",NA,NA,NA,NA
2164,"Site1","2024-08-03","Plot1","4","2024-08-02","D1","_0D0552","_0D0552",1,"2024-08-02","otoba glycycarpa",63.7199515079265,2.61998007073998,17.2,2.23,NA,"AS",NA,NA,NA,NA
13320,"Site1","2024-08-03","Plot1","4","2024-08-02","X21","_0X0519","_0X0519",1,"2024-08-02","garcinia macrophylla",475.389971286815,412.619985461235,15.7,1.3,NA,"AS",NA,NA,NA,NA
2202,"Site1","2024-08-03","Plot1","4","2024-08-02","D7","_0D1803","_0D1803",1,"2024-08-02","iryanthera laevis",74.7600496207015,135.160022739321,16.6794380360306,1.3,NA,"AS",NA,NA,NA,NA
12664,"Site1","2024-08-03","Plot1","4","2024-08-02","W16","_0W0376","_0W0376",1,"2024-08-02","nealchornea yapurensis",448.680001298373,310.950031397864,13.1,1.3,NA,"AS",NA,NA,NA,NA
6242,"Site1","2024-08-03","Plot1","4","2024-08-02","K4","_0K1325","_0K1325",1,"2024-08-02","inga acicularis",204.280029516201,64.2500044945627,11.9,1.3,NA,"AS",NA,NA,NA,NA
4645,"Site1","2024-08-03","Plot1","4","2024-08-02","I1","_0I0018","_0I0018",1,"2024-08-02","astrocaryum ferrugineum",176.950007345702,13.6600147522986,11.6,1.3,NA,"AS",NA,NA,NA,NA
3004,"Site1","2024-08-03","Plot1","4","2024-08-02","F9","_0F0192","_0F0192",1,"2024-08-02","virola peruviana",104.93998259434,171.010034015402,18.4,1.3,NA,"AS",NA,NA,NA,NA
14699,"Site1","2024-08-03","Plot1","4","2024-08-02","S10","_2S0535","_2S0535",1,"2024-08-02",NA,375.392195697466,198.250598896295,22.8,1.3,NA,"AS",NA,NA,NA,NA
6000,"Site1","2024-08-03","Plot1","4","2024-08-02","K13","_0K0305","_0K0305",1,"2024-08-02","rinorea pubiflora",217.890032860043,244.83999514021,34.1,1.3,NA,"AS",NA,NA,NA,NA
13456,"Site1","2024-08-03","Plot1","4","2024-08-02","X17","_0X3252","_0X3252",1,"2024-08-02","casearia arborea",461.859984566283,334.399956097826,14.1,1.3,NA,"AS",NA,NA,NA,NA
412,"Site1","2024-08-03","Plot1","4","2024-08-02","A2","_0A0884","_0A0884",1,"2024-08-02","brosimum guianense",14.7600185740157,29.3199546039104,17.8571846149107,1.3,NA,"AS",NA,NA,NA,NA
5278,"Site1","2024-08-03","Plot1","4","2024-08-02","J5","_0J0128","_0J0128",1,"2024-08-02","croton smithianus",197.32428979181,90.7570530418307,29.4,1.45,NA,"AS",NA,NA,NA,NA
5128,"Site1","2024-08-03","Plot1","4","2024-08-02","I12","_0I2726","_0I2726",1,"2024-08-02","crepidospermum prancei",165.404731811373,237.097543783486,14.5,1.3,NA,"AS",NA,NA,NA,NA
6201,"Site1","2024-08-03","Plot1","4","2024-08-02","K15","_0K0587","_0K0587",1,"2024-08-02","euterpe precatoria",210.640017379366,293.699975308031,20.5,1.3,NA,"AS",NA,NA,NA,NA
1947,"Site1","2024-08-03","Plot1","4","2024-08-02","D10","_0D0223","_0D0223",1,"2024-08-02","otoba parvifolia",71.989954780729,187.930008357391,15.4061984912955,1.3,NA,"AS",NA,NA,NA,NA
5678,"Site1","2024-08-03","Plot1","4","2024-08-02","J9","_0J2220","_0J2220",1,"2024-08-02","iriartea deltoidea",191.250040547107,171.860001007095,11.2,1.3,NA,"AS",NA,NA,NA,NA
11042,"Site1","2024-08-03","Plot1","4","2024-08-02","T15","_0T0347","_0T0347",1,"2024-08-02","thyrsodium spruceanum",384.700001400255,299.540014434606,19.4,1.3,NA,"AS",NA,NA,NA,NA
7481,"Site1","2024-08-03","Plot1","4","2024-08-02","M25","_0M4874","_0M4874",1,"2024-08-02","guatteria modesta",244.640046038607,489.849950904027,10.5,1.3,NA,"AS",NA,NA,NA,NA
7165,"Site1","2024-08-03","Plot1","4","2024-08-02","M14","_0M0317","_0M0317",1,"2024-08-02","sterculia tessmannii",254.689951290435,262.760017178953,11.2,1.3,NA,"AS",NA,NA,NA,NA
1863,"Site1","2024-08-03","Plot1","4","2024-08-02","D4","_0D0101","_0D0101",1,"2024-08-02","iryanthera macrophylla",71.0099999919184,67.0600000005215,19.9580298637237,1.3,NA,"AS",NA,NA,NA,NA
10905,"Site1","2024-08-03","Plot1","4","2024-08-02","T4","_0T0073","_0T0073",1,"2024-08-02","vitex orinocensis",386.270016650495,69.0100217033178,14.6,1.3,NA,"AS",NA,NA,NA,NA
9053,"Site1","2024-08-03","Plot1","4","2024-08-02","P2","_0P0922","_0P0922",1,"2024-08-02","scleronema micranthum",309.109961299517,20.8399819098413,10.5,1.3,NA,"AS",NA,NA,NA,NA
1529,"Site1","2024-08-03","Plot1","4","2024-08-02","C21","_0C0461","_0C0461",1,"2024-08-02","eschweilera coriacea",56.5399894209113,406.019960833713,36.2,4.68,NA,"AS",NA,NA,NA,NA
3950,"Site1","2024-08-03","Plot1","4","2024-08-02","G15","_0G3126","_0G3126",1,"2024-08-02","couepia macrophylla",125.759983652912,288.099992468953,10.3,1.3,NA,"AS",NA,NA,NA,NA
2383,"Site1","2024-08-03","Plot1","4","2024-08-02","E3","_0E0059","_0E0059",1,"2024-08-02","theobroma subincanum",88.0200402212795,50.7035796735436,15.7,1.3,NA,"AS",NA,NA,NA,NA
12408,"Site1","2024-08-03","Plot1","4","2024-08-02","V6","_0V4044","_0V4044",1,"2024-08-02",NA,434.328057651001,104.566879855469,100,1.3,NA,"AS",NA,NA,NA,NA
8549,"Site1","2024-08-03","Plot1","4","2024-08-02","O8","_0O2010","_0O2010",1,"2024-08-02","oxandra major",298.480006348342,154.51998408325,12,1.3,NA,"AS",NA,NA,NA,NA
8567,"Site1","2024-08-03","Plot1","4","2024-08-02","O13","_0O2890","_0O2890",1,"2024-08-02","eschweilera bracteosa",296.730035284592,259.469999991357,11.4,1.3,NA,"AS",NA,NA,NA,NA
7943,"Site1","2024-08-03","Plot1","4","2024-08-02","N4","_0N1324","_0N1324",1,"2024-08-02","conceveiba guianensis",276.130040014221,78.1899597719312,14.6,1.3,NA,"AS",NA,NA,NA,NA
4340,"Site1","2024-08-03","Plot1","4","2024-08-02","H20","_0H0448","_0H0448",1,"2024-08-02","virola pavonis",152.690041082154,390.7000169456,15.5,1.3,NA,"AS",NA,NA,NA,NA
12647,"Site1","2024-08-03","Plot1","4","2024-08-02","W15","_0W0354","_0W0354",1,"2024-08-02","otoba glycycarpa",458.010006146331,295.729975730181,21.7,1.3,NA,"AS",NA,NA,NA,NA
12509,"Site1","2024-08-03","Plot1","4","2024-08-02","W7","_0W0157","_0W0157",1,"2024-08-02","helicostylis tomentosa",453.720025762275,139.760036595166,13.6,1.3,NA,"AS",NA,NA,NA,NA
13359,"Site1","2024-08-03","Plot1","4","2024-08-02","X25","_0X0598","_0X0598",1,"2024-08-02","virola pavonis",468.01996578835,480.920025387779,27,1.3,NA,"AS",NA,NA,NA,NA
8795,"Site1","2024-08-03","Plot1","4","2024-08-02","P10","_0P0219","_0P0219",1,"2024-08-02","ophiocaryon heterophyllum",310.284135396127,191.252794727683,11.2,1.3,NA,"AS",NA,NA,NA,NA
5755,"Site1","2024-08-03","Plot1","4","2024-08-02","J23","_0J4876","_0J4876",1,"2024-08-02","siparuna guianensis",192.649992024002,450.720000885427,13.1,1.3,NA,"AS",NA,NA,NA,NA
10788,"Site1","2024-08-03","Plot1","4","2024-08-02","S14","_0S2853","_0S2853",1,"2024-08-02","parkia multijuga",372.929969991092,270.410023691133,15,1.3,NA,"AS",NA,NA,NA,NA
8601,"Site1","2024-08-03","Plot1","4","2024-08-02","O18","_0O3738","_0O3738",1,"2024-08-02","osteophloeum platyspermum",291.910026187776,351.619962982833,10.9,1.3,NA,"AS",NA,NA,NA,NA
14363,"Site1","2024-08-03","Plot1","4","2024-08-02","R16","_1R0576","_1R0576",1,"2024-08-02","unidentified",348.130018882279,304.420035686344,10.9,1.3,NA,"AS",NA,NA,NA,NA
13681,"Site1","2024-08-03","Plot1","4","2024-08-02","Y7","_0Y0180","_0Y0180",1,"2024-08-02","oxandra mediocris",493.730044422264,132.080012530088,18.05,1.3,NA,"AS",NA,NA,NA,NA
11467,"Site1","2024-08-03","Plot1","4","2024-08-02","U9","_0U0181","_0U0181",1,"2024-08-02","eschweilera coriacea",405.259967392136,178.010021446273,37.1,1.3,NA,"AS",NA,NA,NA,NA
7891,"Site1","2024-08-03","Plot1","4","2024-08-02","N24","_0N0538","_0N0538",1,"2024-08-02","otoba glycycarpa",271.230005119054,477.17996307835,15.5,1.3,NA,"AS",NA,NA,NA,NA
5175,"Site1","2024-08-03","Plot1","4","2024-08-02","I19","_0I3900","_0I3900",1,"2024-08-02","aspidosperma rigidum",177.689966711681,361.690012425184,11.2,1.3,NA,"AS",NA,NA,NA,NA
12767,"Site1","2024-08-03","Plot1","4","2024-08-02","W22","_0W0542","_0W0542",1,"2024-08-02","spondias globosa",453.210038841644,420.499996216968,37.1,1.3,NA,"AS",NA,NA,NA,NA
11926,"Site1","2024-08-03","Plot1","4","2024-08-02","V2","_0V0031","_0V0031",1,"2024-08-02","eschweilera coriacea",428.659984505677,36.2399701718241,33.7,1.93,NA,"AS",NA,NA,NA,NA
2477,"Site1","2024-08-03","Plot1","4","2024-08-02","E9","_0E0205","_0E0205",1,"2024-08-02","virola multinervia",93.180007786199,178.569980382919,20.9,1.3,NA,"AS",NA,NA,NA,NA
5787,"Site1","2024-08-03","Plot1","4","2024-08-02","K1","_0K0003","_0K0003",1,"2024-08-02","guarea kunthiana",207.020024631289,9.45227470807731,23.1,1.3,NA,"AS",NA,NA,NA,NA
12108,"Site1","2024-08-03","Plot1","4","2024-08-02","V14","_0V0285","_0V0285",1,"2024-08-02","theobroma obovatum",425.980008540733,266.529987787828,17.3,1.3,NA,"AS",NA,NA,NA,NA
9940,"Site1","2024-08-03","Plot1","4","2024-08-02","R10","_0R0208","_0R0208",1,"2024-08-02","tovomita sp.1",359.84004306799,198.480010665953,27.3,1.9,NA,"AS",NA,NA,NA,NA
5898,"Site1","2024-08-03","Plot1","4","2024-08-02","K7","_0K0166","_0K0166",1,"2024-08-02","sterculia colombiana",216.830045746581,123.889955461025,42,1.5,NA,"AS",NA,NA,NA,NA
8348,"Site1","2024-08-03","Plot1","4","2024-08-02","O19","_0O0447","_0O0447",1,"2024-08-02","theobroma subincanum",287.629988314526,369.649990545586,21.1,1.3,NA,"AS",NA,NA,NA,NA
10526,"Site1","2024-08-03","Plot1","4","2024-08-02","S13","_0S0318","_0S0318",1,"2024-08-02","eschweilera itayensis",377.297388850071,248.839089367539,17.5,1.3,NA,"AS",NA,NA,NA,NA
6144,"Site1","2024-08-03","Plot1","4","2024-08-02","K22","_0K0508","_0K0508",1,"2024-08-02","endlicheria formosa",219.479988497042,422.269993122667,14,1.3,NA,"AS",NA,NA,NA,NA
7080,"Site1","2024-08-03","Plot1","4","2024-08-02","M9","_0M0196","_0M0196",1,"2024-08-02","iryanthera hostmannii",252.259994879074,179.300011208281,18.3,1.3,NA,"ABS",NA,NA,NA,NA
10849,"Site1","2024-08-03","Plot1","4","2024-08-02","S25","_0S4521","_0S4521",1,"2024-08-02","alchorneopsis floribunda",360.550023846852,492.600014885888,12,1.3,NA,"AS",NA,NA,NA,NA
3821,"Site1","2024-08-03","Plot1","4","2024-08-02","G25","_0G0559","_0G0559",1,"2024-08-02","micropholis venulosa",136.139955626044,496.869960997254,11,1.3,NA,"AS",NA,NA,NA,NA
13078,"Site1","2024-08-03","Plot1","4","2024-08-02","X8","_0X0161","_0X0161",1,"2024-08-02","matayba elegans",466.160026749771,141.070035722107,14.9,1.3,NA,"AS",NA,NA,NA,NA
4762,"Site1","2024-08-03","Plot1","4","2024-08-02","I8","_0I0193","_0I0193",1,"2024-08-02","guatteria modesta",176.479955566407,156.790021730587,41.4,1.3,NA,"AS",NA,NA,NA,NA
2753,"Site1","2024-08-03","Plot1","4","2024-08-02","E4","_0E1306","_0E1306",1,"2024-08-02","pouteria sagotiana",96.5299940053374,66.5400271657854,10.2,1.3,NA,"AS",NA,NA,NA,NA
7451,"Site1","2024-08-03","Plot1","4","2024-08-02","M18","_0M3772","_0M3772",1,"2024-08-02","otoba parvifolia",259.309977547324,342.010044950992,12,1.3,NA,"AS",NA,NA,NA,NA
482,"Site1","2024-08-03","Plot1","4","2024-08-02","A11","_0A2398","_0A2398",1,"2024-08-02","chrysochlamys weberbaueri",7.50001566199353,209.500002717599,10.5042262440651,1.3,NA,"AS",NA,NA,NA,NA
11527,"Site1","2024-08-03","Plot1","4","2024-08-02","U12","_0U0271","_0U0271",1,"2024-08-02","dendrobangia multinervia",417.520019879972,238.740044735372,15.3,1.3,NA,"AS",NA,NA,NA,NA
7457,"Site1","2024-08-03","Plot1","4","2024-08-02","M19","_0M3921","_0M3921",1,"2024-08-02","inga sp.12",253.2600222943,360.360047871247,10.9,1.3,NA,"AS",NA,NA,NA,NA
1817,"Site1","2024-08-03","Plot1","4","2024-08-02","D2","_0D0029","_0D0029",1,"2024-08-02","otoba glycycarpa",69.9500171649852,22.8300367277116,20.5309876588545,1.3,NA,"AS",NA,NA,NA,NA
10025,"Site1","2024-08-03","Plot1","4","2024-08-02","R20","_0R0396","_0R0396",1,"2024-08-02","guarea kunthiana",346.659978446667,387.530027627945,15.6,1.3,NA,"AS",NA,NA,NA,NA
12036,"Site1","2024-08-03","Plot1","4","2024-08-02","V9","_0V0188","_0V0188",1,"2024-08-02","astrocaryum ferrugineum",433.179968822806,166.169998142868,12.6,1.3,NA,"AS",NA,NA,NA,NA
3870,"Site1","2024-08-03","Plot1","4","2024-08-02","G4","_0G1192","_0G1192",1,"2024-08-02","nealchornea yapurensis",120.309984398482,71.4700234029442,11.2,1.3,NA,"AS",NA,NA,NA,NA
8409,"Site1","2024-08-03","Plot1","4","2024-08-02","O22","_0O0530","_0O0530",1,"2024-08-02","guatteria ramiflora",289.540003505361,437.969976460561,33.2,1.85,NA,"AS",NA,NA,NA,NA
12943,"Site1","2024-08-03","Plot1","4","2024-08-02","W25","_0W4066","_0W4066",1,"2024-08-02","conceveiba guianensis",446.520007960382,486.55997916311,10.4,1.3,NA,"AS",NA,NA,NA,NA
8615,"Site1","2024-08-03","Plot1","4","2024-08-02","O19","_0O3892","_0O3892",1,"2024-08-02","perebea sp.2",289.280002377694,370.539954511449,10.5,1.3,NA,"AS",NA,NA,NA,NA
2855,"Site1","2024-08-03","Plot1","4","2024-08-02","E20","_0E4126","_0E4126",1,"2024-08-02","lindackeria paludosa",89.8800252539222,393.069977447391,12,1.3,NA,"AS",NA,NA,NA,NA
7087,"Site1","2024-08-03","Plot1","4","2024-08-02","M9","_0M0205","_0M0205",1,"2024-08-02","conceveiba guianensis",256.740043283964,164.68997127749,23.1,1.3,NA,"ABS",NA,NA,NA,NA
11558,"Site1","2024-08-03","Plot1","4","2024-08-02","U14","_0U0324","_0U0324",1,"2024-08-02","erisma laurifolium",419.759976773465,270.179959636182,17.8,1.3,NA,"AS",NA,NA,NA,NA
2901,"Site1","2024-08-03","Plot1","4","2024-08-02","F2","_0F0031","_0F0031",1,"2024-08-02","swartzia calva",106.130010282563,29.5299580283463,18.7,1.3,NA,"AS",NA,NA,NA,NA
5093,"Site1","2024-08-03","Plot1","4","2024-08-02","I6","_0I1535","_0I1535",1,"2024-08-02","endlicheria krukovii",166.890006584581,105.290027614683,10.5,1.3,NA,"AS",NA,NA,NA,NA
12098,"Site1","2024-08-03","Plot1","4","2024-08-02","V13","_0V0271","_0V0271",1,"2024-08-02","euterpe precatoria",428.159996199363,259.370005263016,16.1,1.3,NA,"AS",NA,NA,NA,NA
2666,"Site1","2024-08-03","Plot1","4","2024-08-02","E21","_0E0495","_0E0495",1,"2024-08-02","lacistema nena",93.5199630739517,416.590029619634,26.4,1.3,NA,"AS",NA,NA,NA,NA
11401,"Site1","2024-08-03","Plot1","4","2024-08-02","U3","_0U0069","_0U0069",1,"2024-08-02","eschweilera coriacea",413.23995659576,40.4799616746604,27.1,1.3,NA,"AS",NA,NA,NA,NA
12045,"Site1","2024-08-03","Plot1","4","2024-08-02","V10","_0V0200","_0V0200",1,"2024-08-02","brosimum guianense",427.259964682977,195.739997977391,18.4,1.3,NA,"AS",NA,NA,NA,NA
11645,"Site1","2024-08-03","Plot1","4","2024-08-02","U21","_0U0472","_0U0472",1,"2024-08-02","sterculia tessmannii",411.939993687032,402.069976523519,12.7,1.3,NA,"AS",NA,NA,NA,NA
2306,"Site1","2024-08-03","Plot1","4","2024-08-02","D20","_0D4292","_0D4292",1,"2024-08-02","iryanthera juruensis",74.9499649021891,396.21997176297,11.6,1.3,NA,"AS",NA,NA,NA,NA
9334,"Site1","2024-08-03","Plot1","4","2024-08-02","Q6","_0Q0146","_0Q0146",1,"2024-08-02","himatanthus sucuuba",338.177604826225,101.461627492681,47.6,1.3,NA,"AS",NA,NA,NA,NA
11268,"Site1","2024-08-03","Plot1","4","2024-08-02","T10","_0T1967","_0T1967",1,"2024-08-02","naucleopsis concinna",388.479986015882,184.039962522686,10.8,1.3,NA,"AS",NA,NA,NA,NA
6007,"Site1","2024-08-03","Plot1","4","2024-08-02","K14","_0K0313","_0K0313",1,"2024-08-02","pseudolmedia laevis",209.289974338782,271.069977719337,13,1.3,NA,"AS",NA,NA,NA,NA
7592,"Site1","2024-08-03","Plot1","4","2024-08-02","N6","_0N0141","_0N0141",1,"2024-08-02","campsiandra comosa",271.309969384165,102.879969254136,34.5,2.8,NA,"AS",NA,NA,NA,NA
10675,"Site1","2024-08-03","Plot1","4","2024-08-02","S1","_0S0730","_0S0730",1,"2024-08-02","euterpe precatoria",369.269996689924,17.6700126379728,16.3,1.3,NA,"AS",NA,NA,NA,NA
3850,"Site1","2024-08-03","Plot1","4","2024-08-02","G1","_0G0771","_0G0771",1,"2024-08-02","zanthoxylum sp.1",136.460019535327,15.8899575080723,16.8,1.3,NA,"AS",NA,NA,NA,NA
10704,"Site1","2024-08-03","Plot1","4","2024-08-02","S4","_0S1257","_0S1257",1,"2024-08-02","swartzia oraria",375.500022082881,71.8299834132195,13.9,1.3,NA,"AS",NA,NA,NA,NA
8076,"Site1","2024-08-03","Plot1","4","2024-08-02","O1","_0O0027","_0O0027",1,"2024-08-02","hirtella racemosa",294.128475147823,6.59791281074286,21.4,1.3,NA,"AS",NA,NA,NA,NA
8099,"Site1","2024-08-03","Plot1","4","2024-08-02","O3","_0O0060","_0O0060",1,"2024-08-02","matayba elegans",288.71245686966,43.2901474758983,18,1.55,NA,"AS",NA,NA,NA,NA
8328,"Site1","2024-08-03","Plot1","4","2024-08-02","O17","_0O0417","_0O0417",1,"2024-08-02","vitex orinocensis",293.159953539318,326.400013886392,14.7,1.3,NA,"AS",NA,NA,NA,NA
14419,"Site1","2024-08-03","Plot1","4","2024-08-02","V18","_1V0201","_1V0201",1,"2024-08-02","unidentified",427.940021421004,343.810011480004,15.6,1.3,NA,"AS",NA,NA,NA,NA
296,"Site1","2024-08-03","Plot1","4","2024-08-02","A19","_0A0430","_0A0430",1,"2024-08-02","iriartea deltoidea",12.6599544463097,374.990016406402,26.9290163711487,1.3,NA,"AS",NA,NA,NA,NA
10737,"Site1","2024-08-03","Plot1","4","2024-08-02","S7","_0S1790","_0S1790",1,"2024-08-02","eschweilera coriacea",372.800027483783,127.929957972839,11,1.3,NA,"AS",NA,NA,NA,NA
12406,"Site1","2024-08-03","Plot1","4","2024-08-02","V4","_0V4042","_0V4042",1,"2024-08-02",NA,439.015596713114,69.18901995942,11.8,1.3,NA,"AS",NA,NA,NA,NA
5727,"Site1","2024-08-03","Plot1","4","2024-08-02","J18","_0J3692","_0J3692",1,"2024-08-02","guatteria modesta",181.010022095346,341.389965148643,12.5,1.3,NA,"AS",NA,NA,NA,NA
3253,"Site1","2024-08-03","Plot1","4","2024-08-02","F24","_0F0573","_0F0573",1,"2024-08-02","hirtella racemosa",107.350024121406,474.669972619042,20.9,1.3,NA,"AS",NA,NA,NA,NA
8780,"Site1","2024-08-03","Plot1","4","2024-08-02","P8","_0P0186","_0P0186",1,"2024-08-02","fusaea peruviana",319.729981494602,144.610000217333,12.8,1.3,NA,"AS",NA,NA,NA,NA
4502,"Site1","2024-08-03","Plot1","4","2024-08-02","H7","_0H1730","_0H1730",1,"2024-08-02","sapindaceae sp.3",140.079961759562,125.409950848669,18.3,1.3,NA,"AS",NA,NA,NA,NA
1495,"Site1","2024-08-03","Plot1","4","2024-08-02","C19","_0C0412","_0C0412",1,"2024-08-02","conceveiba guianensis",47.2500038880971,376.00001953356,19.3532410799745,1.3,NA,"AS",NA,NA,NA,NA
4870,"Site1","2024-08-03","Plot1","4","2024-08-02","I15","_0I0349","_0I0349",1,"2024-08-02","picrolemma sprucei",169.48002353654,284.4900183063,47.9,1.3,NA,"AS",NA,NA,NA,NA
3926,"Site1","2024-08-03","Plot1","4","2024-08-02","G11","_0G2498","_0G2498",1,"2024-08-02","senna sp.1",132.269959692552,206.10001741536,14.5,1.45,NA,"AS",NA,NA,NA,NA
12566,"Site1","2024-08-03","Plot1","4","2024-08-02","W12","_0W0250","_0W0250",1,"2024-08-02","iryanthera elliptica",441.150042805995,226.819989265874,13.5,1.3,NA,"AS",NA,NA,NA,NA
5127,"Site1","2024-08-03","Plot1","4","2024-08-02","I12","_0I2723","_0I2723",1,"2024-08-02","casearia mollis",164.880039865442,235.279964430258,16.5,1.3,NA,"AS",NA,NA,NA,NA
3326,"Site1","2024-08-03","Plot1","4","2024-08-02","F9","_0F2345","_0F2345",1,"2024-08-02","dendropanax cuneatus",119.919983944681,160.4600018356,13.8,1.3,NA,"AS",NA,NA,NA,NA
10759,"Site1","2024-08-03","Plot1","4","2024-08-02","S11","_0S2392","_0S2392",1,"2024-08-02","inga acicularis",376.059971478244,210.809973871335,10.5,1.3,NA,"AS",NA,NA,NA,NA
2444,"Site1","2024-08-03","Plot1","4","2024-08-02","E8","_0E0157","_0E0157",1,"2024-08-02","pseudolmedia laevis",85.7500134622678,145.270041316748,15.5,1.3,NA,"AS",NA,NA,NA,NA
14767,"Site1","2024-08-03","Plot1","4","2024-08-02","U6","_2U0329","_2U0329",1,"2024-08-02",NA,410.595560945512,108.073542043567,20.8,2.7,NA,"AS",NA,NA,NA,NA
14101,"Site1","2024-08-03","Plot1","4","2024-08-02","Y21","_0Y4019","_0Y4019",1,"2024-08-02","eugenia schunkei",483.77998988569,404.619989503175,10.5,1.3,NA,"AS",NA,NA,NA,NA
6419,"Site1","2024-08-03","Plot1","4","2024-08-02","L1","_0L0010","_0L0010",1,"2024-08-02","iryanthera laevis",225.50003798923,15.9000118877739,27.5,1.3,NA,"AS",NA,NA,NA,NA
4789,"Site1","2024-08-03","Plot1","4","2024-08-02","I10","_0I0234","_0I0234",1,"2024-08-02","trichilia solitudinis",166.210041170532,198.289993658662,13.8,1.3,NA,"AS",NA,NA,NA,NA
13690,"Site1","2024-08-03","Plot1","4","2024-08-02","Y7","_0Y0194","_0Y0194",1,"2024-08-02","ormosia amazonica",495.390049283626,121.720025954768,15.51,1.3,NA,"AS",NA,NA,NA,NA
11112,"Site1","2024-08-03","Plot1","4","2024-08-02","T21","_0T0465","_0T0465",1,"2024-08-02","rinorea lindeniana",394.820043309301,412.549955619499,55.3,1.3,NA,"AS",NA,NA,NA,NA
14866,"Site1","2024-08-03","Plot1","4","2024-08-02",NA,"_3F0002","_3F0002",1,"2025-02-27",NA,101.330120279861,7.79279024526477,31,1.3,NA,"ABS",NA,NA,NA,NA
9379,"Site1","2024-08-03","Plot1","4","2024-08-02","Q10","_0Q0213","_0Q0213",1,"2024-08-02","zygia latifolia",332.925349667785,190.250695414841,13.2,2.6,NA,"AS",NA,NA,NA,NA
7412,"Site1","2024-08-03","Plot1","4","2024-08-02","M11","_0M2428","_0M2428",1,"2024-08-02","diospyros artanthifolia",250.240015363845,200.739996746182,15,1.3,NA,"AS",NA,NA,NA,NA
5300,"Site1","2024-08-03","Plot1","4","2024-08-02","J8","_0J0180","_0J0180",1,"2024-08-02","leonia glycycarpa",183.869963725039,147.689977195114,20.2,1.3,NA,"AS",NA,NA,NA,NA
10918,"Site1","2024-08-03","Plot1","4","2024-08-02","T5","_0T0098","_0T0098",1,"2024-08-02","socratea exorrhiza",387.169965730107,86.8599887583405,11,1.3,NA,"AS",NA,NA,NA,NA
6870,"Site1","2024-08-03","Plot1","4","2024-08-02","L12","_0L2690","_0L2690",1,"2024-08-02","apeiba membranacea",226.940047975571,237.160006020218,11.9,1.3,NA,"AS",NA,NA,NA,NA
9077,"Site1","2024-08-03","Plot1","4","2024-08-02","P4","_0P1440","_0P1440",1,"2024-08-02","nealchornea yapurensis",313.509967999242,60.5100165940821,11.3,1.3,NA,"AS",NA,NA,NA,NA
732,"Site1","2024-08-03","Plot1","4","2024-08-02","B7","_0B0201","_0B0201",1,"2024-08-02","zanthoxylum riedelianum",27.6399999878486,123.379999998957,61.6247939651819,1.3,NA,"AS",NA,NA,NA,NA
5304,"Site1","2024-08-03","Plot1","4","2024-08-02","J9","_0J0196","_0J0196",1,"2024-08-02","eschweilera coriacea",185.309980616032,163.249960949644,32.2,1.3,NA,"AS",NA,NA,NA,NA
1638,"Site1","2024-08-03","Plot1","4","2024-08-02","C8","_0C2084","_0C2084",1,"2024-08-02","inga chartacea",47.8099999938277,150.5,11.3318319481429,1.3,NA,"AS",NA,NA,NA,NA
8976,"Site1","2024-08-03","Plot1","4","2024-08-02","P23","_0P0490","_0P0490",1,"2024-08-02","eschweilera parvifolia",306.180006898299,449.199975231662,20.9,1.3,NA,"AS",NA,NA,NA,NA
10158,"Site1","2024-08-03","Plot1","4","2024-08-02","R3","_0R1068","_0R1068",1,"2024-08-02","eschweilera coriacea",346.330000264046,55.8299864102155,10.8,1.3,NA,"AS",NA,NA,NA,NA
4511,"Site1","2024-08-03","Plot1","4","2024-08-02","H8","_0H1926","_0H1926",1,"2024-08-02","richeria sp.1",144.819977532839,148.260046720505,11.6,1.3,NA,"AS",NA,NA,NA,NA
11240,"Site1","2024-08-03","Plot1","4","2024-08-02","T6","_0T1411","_0T1411",1,"2024-08-02","erisma laurifolium",386.380022705882,110.269979838282,14.6,1.3,NA,"AS",NA,NA,NA,NA
6723,"Site1","2024-08-03","Plot1","4","2024-08-02","L23","_0L0517","_0L0517",1,"2024-08-02","iriartea deltoidea",231.599996468809,440.579966589808,25.1,2,NA,"AS",NA,NA,NA,NA
10852,"Site1","2024-08-03","Plot1","4","2024-08-02","S25","_0S4584","_0S4584",1,"2024-08-02","sterculia peruviana",371.390014817531,498.349958958104,11.8,1.3,NA,"AS",NA,NA,NA,NA
12072,"Site1","2024-08-03","Plot1","4","2024-08-02","V12","_0V0236","_0V0236",1,"2024-08-02","pachira insignis",429.109965906944,228.930033985525,32.5,1.3,NA,"AS",NA,NA,NA,NA
9394,"Site1","2024-08-03","Plot1","4","2024-08-02","Q11","_0Q0238","_0Q0238",1,"2024-08-02","brosimum guianense",336.249972447695,208.659998403862,23.7,1.3,NA,"AS",NA,NA,NA,NA
954,"Site1","2024-08-03","Plot1","4","2024-08-02","B21","_0B0540","_0B0540",1,"2024-08-02","heisteria ovata",20.4700036427821,418.800033077598,18.4301424100415,1.3,NA,"AS",NA,NA,NA,NA
8402,"Site1","2024-08-03","Plot1","4","2024-08-02","O22","_0O0520","_0O0520",1,"2024-08-02","cabralea septentrionalis",288.099914603808,424.680650010705,18.7,1.3,NA,"AS",NA,NA,NA,NA
885,"Site1","2024-08-03","Plot1","4","2024-08-02","B16","_0B0432","_0B0432",1,"2024-08-02","lecythis chartacea",30.8799999908661,311.490000000224,39.7887357729738,1.3,NA,"AS",NA,NA,NA,NA
9977,"Site1","2024-08-03","Plot1","4","2024-08-02","R15","_0R0290","_0R0290",1,"2024-08-02","astrocaryum ferrugineum",344.740008950175,282.899956388399,11.5,1.3,NA,"AS",NA,NA,NA,NA
12968,"Site1","2024-08-03","Plot1","4","2024-08-02","X2","_0X0019","_0X0019",1,"2024-08-02","endlicheria krukovii",466.182341206877,20.9248276688159,15.8,1.3,NA,"AS",NA,NA,NA,NA
8657,"Site1","2024-08-03","Plot1","4","2024-08-02","O16","_0O5483","_0O5483",1,"2024-08-02",NA,281.671850568673,314.159911187366,10.9,1.3,NA,"AS",NA,NA,NA,NA
13062,"Site1","2024-08-03","Plot1","4","2024-08-02","X7","_0X0143","_0X0143",1,"2024-08-02","perebea xanthochyma",467.999971173529,135.639955163002,11.4,1.3,NA,"AS",NA,NA,NA,NA
13042,"Site1","2024-08-03","Plot1","4","2024-08-02","X6","_0X0116","_0X0116",1,"2024-08-02","theobroma subincanum",467.200039655145,112.089984187856,13.5,1.3,NA,"AS",NA,NA,NA,NA
6499,"Site1","2024-08-03","Plot1","4","2024-08-02","L8","_0L0167","_0L0167",1,"2024-08-02","conceveiba guianensis",220.839954566734,147.040036426857,22.4,1.3,NA,"AS",NA,NA,NA,NA
9307,"Site1","2024-08-03","Plot1","4","2024-08-02","Q5","_0Q0105","_0Q0105",1,"2024-08-02","euterpe precatoria",322.479991139786,91.5000347811729,17.5,1.3,NA,"AS",NA,NA,NA,NA
2740,"Site1","2024-08-03","Plot1","4","2024-08-02","E1","_0E0747","_0E0747",1,"2024-08-02","chrysochlamys weberbaueri",96.1899878892582,10.7999666724354,12.8,1.3,NA,"AS",NA,NA,NA,NA
11378,"Site1","2024-08-03","Plot1","4","2024-08-02","U2","_0U0026","_0U0026",1,"2024-08-02","himatanthus sucuuba",407.109984773851,26.2600073870271,22,1.3,NA,"AS",NA,NA,NA,NA
2695,"Site1","2024-08-03","Plot1","4","2024-08-02","E23","_0E0537","_0E0537",1,"2024-08-02","theobroma microcarpum",88.9000003055553,457.580023121089,13,1.3,NA,"AS",NA,NA,NA,NA
10228,"Site1","2024-08-03","Plot1","4","2024-08-02","R11","_0R2405","_0R2405",1,"2024-08-02","theobroma obovatum",347.109985178977,201.340015044436,11.7,1.3,NA,"AS",NA,NA,NA,NA
11386,"Site1","2024-08-03","Plot1","4","2024-08-02","U2","_0U0045","_0U0045",1,"2024-08-02","zygia latifolia",418.550020574883,30.5000327415764,22.5,1.3,NA,"AS",NA,NA,NA,NA
14183,"Site1","2024-08-03","Plot1","4","2024-08-02","D16","_1D0487","_1D0487",1,"2024-08-02","socratea exorrhiza",61.5300431920332,308.959993582219,12.5,3.57,NA,"AS",NA,NA,NA,NA
6314,"Site1","2024-08-03","Plot1","4","2024-08-02","K13","_0K3090","_0K3090",1,"2024-08-02","otoba glycycarpa",213.759994637396,254.799974514171,10.6,1.3,NA,"AS",NA,NA,NA,NA
10938,"Site1","2024-08-03","Plot1","4","2024-08-02","T6","_0T0129","_0T0129",1,"2024-08-02","eugenia patrisii",382.830018351204,118.679974814877,16.1,1.3,NA,"AS",NA,NA,NA,NA
11265,"Site1","2024-08-03","Plot1","4","2024-08-02","T9","_0T1810","_0T1810",1,"2024-08-02","mollia gracilis",381.849999234662,166.130046270788,15,1.3,NA,"ABS",NA,NA,NA,NA
5063,"Site1","2024-08-03","Plot1","4","2024-08-02","I1","_0I0679","_0I0679",1,"2024-08-02","virola pavonis",165.229988179693,8.49999457597733,10.2,1.3,NA,"AS",NA,NA,NA,NA
7563,"Site1","2024-08-03","Plot1","4","2024-08-02","N4","_0N0090","_0N0090",1,"2024-08-02","eschweilera coriacea",279.770009715692,75.3099960815161,11.3,1.3,NA,"AS",NA,NA,NA,NA
13769,"Site1","2024-08-03","Plot1","4","2024-08-02","Y12","_0Y0309","_0Y0309",1,"2024-08-02","quararibea loretoyacuensis",497.509974098939,238.800038792193,24,1.3,NA,"AS",NA,NA,NA,NA
5161,"Site1","2024-08-03","Plot1","4","2024-08-02","I17","_0I3470","_0I3470",1,"2024-08-02","protium nodulosum",160.509995991306,322.020006472245,12.3,1.3,NA,"AS",NA,NA,NA,NA
11726,"Site1","2024-08-03","Plot1","4","2024-08-02","U25","_0U0573","_0U0573",1,"2024-08-02","virola duckei",413.040004055423,483.200001848862,34.9,1.8,NA,"AS",NA,NA,NA,NA
6684,"Site1","2024-08-03","Plot1","4","2024-08-02","L21","_0L0459","_0L0459",1,"2024-08-02","theobroma obovatum",221.619986433245,407.220041271299,12.3,1.3,NA,"AS",NA,NA,NA,NA
5187,"Site1","2024-08-03","Plot1","4","2024-08-02","I22","_0I4373","_0I4373",1,"2024-08-02","faramea anisocalyx",172.63996170176,437.280043361709,10.4,1.3,NA,"AS",NA,NA,NA,NA
10877,"Site1","2024-08-03","Plot1","4","2024-08-02","T2","_0T0033","_0T0033",1,"2024-08-02","brosimum guianense",393.439952179207,38.4500001370907,14.1,1.3,NA,"AS",NA,NA,NA,NA
13163,"Site1","2024-08-03","Plot1","4","2024-08-02","X13","_0X0294","_0X0294",1,"2024-08-02","virola calophylla",473.121873447497,249.950474411249,21.4,1.3,NA,"AS",NA,NA,NA,NA
7139,"Site1","2024-08-03","Plot1","4","2024-08-02","M13","_0M0282","_0M0282",1,"2024-08-02","hevea guianensis",240.629951005103,257.360019218177,43.6,1.3,NA,"AS",NA,NA,NA,NA
4574,"Site1","2024-08-03","Plot1","4","2024-08-02","H17","_0H3657","_0H3657",1,"2024-08-02","scleronema micranthum",142.740026348794,338.219960398972,15.6,1.3,NA,"AS",NA,NA,NA,NA
5398,"Site1","2024-08-03","Plot1","4","2024-08-02","J13","_0J0320","_0J0320",1,"2024-08-02","otoba glycycarpa",198.520009131404,255.560009146109,23.8,1.3,NA,"AS",NA,NA,NA,NA
5058,"Site1","2024-08-03","Plot1","4","2024-08-02","I10","_0I0613","_0I0613",1,"2024-08-02","otoba glycycarpa",163.77003815159,182.960033630952,12.1,1.3,NA,"AS",NA,NA,NA,NA
4203,"Site1","2024-08-03","Plot1","4","2024-08-02","H12","_0H0248","_0H0248",1,"2024-08-02","dacryodes amplectans",140.480035303044,230.709999060258,20.4,1.3,NA,"AS",NA,NA,NA,NA
11276,"Site1","2024-08-03","Plot1","4","2024-08-02","T10","_0T2076","_0T2076",1,"2024-08-02","eschweilera rufifolia",398.960022201936,180.369979750365,10.5,1.3,NA,"ABS",NA,NA,NA,NA
14672,"Site1","2024-08-03","Plot1","4","2024-08-02","R7","_2R0234","_2R0234",1,"2024-08-02",NA,350.24199752335,132.767959555611,18.3,1.3,NA,"AS",NA,NA,NA,NA
11053,"Site1","2024-08-03","Plot1","4","2024-08-02","T17","_0T0381","_0T0381",1,"2024-08-02","theobroma obovatum",387.430030339805,326.400047736242,18.8,1.3,NA,"AS",NA,NA,NA,NA
515,"Site1","2024-08-03","Plot1","4","2024-08-02","A15","_0A3295","_0A3295",1,"2024-08-02","otoba glycycarpa",9.71999999904074,298.759999999776,11.1090150278143,1.3,NA,"AS",NA,NA,NA,NA
6529,"Site1","2024-08-03","Plot1","4","2024-08-02","L9","_0L0205","_0L0205",1,"2024-08-02","otoba glycycarpa",236.289973534527,167.799959968776,23.3,1.3,NA,"AS",NA,NA,NA,NA
5350,"Site1","2024-08-03","Plot1","4","2024-08-02","J11","_0J0260","_0J0260",1,"2024-08-02","matayba elegans",186.099972907687,218.54004255496,21,1.3,NA,"AS",NA,NA,NA,NA
13955,"Site1","2024-08-03","Plot1","4","2024-08-02","Y24","_0Y0576","_0Y0576",1,"2024-08-02","esenbeckia amazonica",486.869958123134,466.480019051582,17.3,1.3,NA,"AS",NA,NA,NA,NA
11476,"Site1","2024-08-03","Plot1","4","2024-08-02","U10","_0U0195","_0U0195",1,"2024-08-02","theobroma microcarpum",402.429970894183,180.769980410114,18.7,1.3,NA,"AS",NA,NA,NA,NA
13933,"Site1","2024-08-03","Plot1","4","2024-08-02","Y21","_0Y0522","_0Y0522",1,"2024-08-02","apeiba membranacea",494.710019121179,407.740017781034,40.6,1.3,NA,"AS",NA,NA,NA,NA
9436,"Site1","2024-08-03","Plot1","4","2024-08-02","Q14","_0Q0291","_0Q0291",1,"2024-08-02","symphonia globulifera",324.509964528028,279.029957655817,26.2,1.3,NA,"AS",NA,NA,NA,NA
2762,"Site1","2024-08-03","Plot1","4","2024-08-02","E6","_0E1485","_0E1485",1,"2024-08-02","siparuna cristata",87.6099806397106,106.669998019934,10.3,1.3,NA,"AS",NA,NA,NA,NA
12820,"Site1","2024-08-03","Plot1","4","2024-08-02","W4","_0W1165","_0W1165",1,"2024-08-02","compsoneura sprucei",448.429988313292,73.8500232677907,11.5,1.3,NA,"AS",NA,NA,NA,NA
6235,"Site1","2024-08-03","Plot1","4","2024-08-02","K2","_0K1108","_0K1108",1,"2024-08-02","pouteria bilocularis",214.780045026797,26.1100314855576,14.2,1.3,NA,"AS",NA,NA,NA,NA
10370,"Site1","2024-08-03","Plot1","4","2024-08-02","S2","_0S0051","_0S0051",1,"2024-08-02","swartzia oraria",370.14997022372,24.5100091807544,33.5,1.9,NA,"AS",NA,NA,NA,NA
1595,"Site1","2024-08-03","Plot1","4","2024-08-02","C2","_0C0879","_0C0879",1,"2024-08-02","casearia ulmifolia",47.3199999931967,27.7799999993294,11.1726770050511,1.3,NA,"AS",NA,NA,NA,NA
2981,"Site1","2024-08-03","Plot1","4","2024-08-02","F7","_0F0155","_0F0155",1,"2024-08-02","pouteria torta",110.50996566884,130.539957173169,17.8,1.3,NA,"AS",NA,NA,NA,NA
2309,"Site1","2024-08-03","Plot1","4","2024-08-02","D22","_0D4512","_0D4512",1,"2024-08-02","inga sp.12",67.1399749667034,427.500043986365,13.9,1.3,NA,"AS",NA,NA,NA,NA
2235,"Site1","2024-08-03","Plot1","4","2024-08-02","D12","_0D2767","_0D2767",1,"2024-08-02","virola calophylla",60.5000089359819,231.909980619326,12.7960574245884,1.3,NA,"AS",NA,NA,NA,NA
2829,"Site1","2024-08-03","Plot1","4","2024-08-02","E17","_0E3574","_0E3574",1,"2024-08-02","virola pavonis",89.1000093044131,334.939965113997,10.4,1.3,NA,"AS",NA,NA,NA,NA
6896,"Site1","2024-08-03","Plot1","4","2024-08-02","L16","_0L3458","_0L3458",1,"2024-08-02","protium nodulosum",228.500042766274,318.989976475015,10.9,1.3,NA,"AS",NA,NA,NA,NA
2416,"Site1","2024-08-03","Plot1","4","2024-08-02","E5","_0E0098","_0E0098",1,"2024-08-02","hirtella schultesii",84.8605484663858,84.8733914643526,23.8,1.3,NA,"AS",NA,NA,NA,NA
6077,"Site1","2024-08-03","Plot1","4","2024-08-02","K19","_0K0421","_0K0421",1,"2024-08-02","symphonia globulifera",209.779991839256,362.479952767491,22.7,1.3,NA,"AS",NA,NA,NA,NA
1976,"Site1","2024-08-03","Plot1","4","2024-08-02","D12","_0D0263","_0D0263",1,"2024-08-02","otoba glycycarpa",79.6899719404755,239.600026417524,35.1414114346905,1.3,NA,"AS",NA,NA,NA,NA
99,"Site1","2024-08-03","Plot1","4","2024-08-02","A6","_0A0148","_0A0148",1,"2024-08-02","eschweilera coriacea",6.99998228187906,111.970045411959,87.5352187005424,3.5,NA,"AS",NA,NA,NA,NA
854,"Site1","2024-08-03","Plot1","4","2024-08-02","B14","_0B0388","_0B0388",1,"2024-08-02","oxandra xylopioides",37.7699999967008,269.820000000298,29.4118334833823,1.3,NA,"AS",NA,NA,NA,NA
8571,"Site1","2024-08-03","Plot1","4","2024-08-02","O14","_0O2993","_0O2993",1,"2024-08-02","connarus erianthus",284.150032534904,272.180015368387,20.3,1.3,NA,"AS",NA,NA,NA,NA
12413,"Site1","2024-08-03","Plot1","4","2024-08-02","V19","_0V4053","_0V4053",1,"2024-08-02",NA,429.71876353136,376.078456770629,20.9,1.3,NA,"AS",NA,NA,NA,NA
13857,"Site1","2024-08-03","Plot1","4","2024-08-02","Y17","_0Y0434","_0Y0434",1,"2024-08-02","oxandra riedeliana",497.249995025806,333.769966740161,15.25,1.3,NA,"AS",NA,NA,NA,NA
13727,"Site1","2024-08-03","Plot1","4","2024-08-02","Y9","_0Y0238","_0Y0238",1,"2024-08-02","eugenia florida",492.129957818368,178.769957564771,16.27,1.3,NA,"AS",NA,NA,NA,NA
105,"Site1","2024-08-03","Plot1","4","2024-08-02","A6","_0A0156","_0A0156",1,"2024-08-02","anaueria brasiliensis",16.5099863013602,118.98001829721,13.9101420262317,1.3,NA,"AS",NA,NA,NA,NA
1867,"Site1","2024-08-03","Plot1","4","2024-08-02","D5","_0D0105","_0D0105",1,"2024-08-02","eschweilera coriacea",60.6299843650777,84.2400130797178,10.5678882213019,3,NA,"AS",NA,NA,NA,NA
12567,"Site1","2024-08-03","Plot1","4","2024-08-02","W12","_0W0251","_0W0251",1,"2024-08-02","eschweilera coriacea",446.64002482011,225.120037451386,34.9,1.3,NA,"AS",NA,NA,NA,NA
13424,"Site1","2024-08-03","Plot1","4","2024-08-02","X10","_0X1872","_0X1872",1,"2024-08-02","eschweilera coriacea",471.220022048394,197.999972125515,10.6,1.3,NA,"AS",NA,NA,NA,NA
5325,"Site1","2024-08-03","Plot1","4","2024-08-02","J10","_0J0226","_0J0226",1,"2024-08-02","iryanthera laevis",185.249974892475,188.700048301369,15.6,1.3,NA,"AS",NA,NA,NA,NA
4312,"Site1","2024-08-03","Plot1","4","2024-08-02","H18","_0H0405","_0H0405",1,"2024-08-02","iriartea deltoidea",159.06999549194,357.289973083884,27.7,2.4,NA,"AS",NA,NA,NA,NA
10549,"Site1","2024-08-03","Plot1","4","2024-08-02","S16","_0S0367","_0S0367",1,"2024-08-02","apeiba membranacea",364.490013501199,318.810017874464,27.3,1.3,NA,"AS",NA,NA,NA,NA
8128,"Site1","2024-08-03","Plot1","4","2024-08-02","O5","_0O0111","_0O0111",1,"2024-08-02","eschweilera coriacea",292.156302131363,92.0094228740782,21.8,1.3,NA,"AS",NA,NA,NA,NA
9097,"Site1","2024-08-03","Plot1","4","2024-08-02","P10","_0P2257","_0P2257",1,"2024-08-02","chrysochlamys weberbaueri",301.439998501039,196.790040278807,13.6,1.3,NA,"AS",NA,NA,NA,NA
3487,"Site1","2024-08-03","Plot1","4","2024-08-02","G5","_0G0081","_0G0081",1,"2024-08-02","andira macrothyrsa",126.090028111299,88.7600270491093,64.4,2.2,NA,"AS",NA,NA,NA,NA
7184,"Site1","2024-08-03","Plot1","4","2024-08-02","M15","_0M0347","_0M0347",1,"2024-08-02","brosimum lactescens",256.629987747641,286.090028064325,14.3,1.3,NA,"AS",NA,NA,NA,NA
11554,"Site1","2024-08-03","Plot1","4","2024-08-02","U14","_0U0315","_0U0315",1,"2024-08-02","virola loretensis",401.089976317657,273.930014705285,12.4,1.3,NA,"AS",NA,NA,NA,NA
12106,"Site1","2024-08-03","Plot1","4","2024-08-02","V13","_0V0282","_0V0282",1,"2024-08-02","coussapoa trinervia",432.330033954757,245.719979694113,32.1,1.3,NA,"AS",NA,NA,NA,NA
10544,"Site1","2024-08-03","Plot1","4","2024-08-02","S15","_0S0355","_0S0355",1,"2024-08-02","manilkara bidentata",375.719966840174,290.520009294152,17,1.3,NA,"AS",NA,NA,NA,NA
7290,"Site1","2024-08-03","Plot1","4","2024-08-02","M23","_0M0502","_0M0502",1,"2024-08-02","sterculia tessmannii",240.129954817879,450.650004332885,11.5,1.3,NA,"AS",NA,NA,NA,NA
9126,"Site1","2024-08-03","Plot1","4","2024-08-02","P14","_0P2973","_0P2973",1,"2024-08-02","nealchornea yapurensis",302.079987958656,260.399975189939,20.9,1.3,NA,"AS",NA,NA,NA,NA
4250,"Site1","2024-08-03","Plot1","4","2024-08-02","H14","_0H0305","_0H0305",1,"2024-08-02","eugenia florida",147.649969371152,274.140024483204,22.1,1.3,NA,"AS",NA,NA,NA,NA
11345,"Site1","2024-08-03","Plot1","4","2024-08-02","T24","_0T3951","_0T3951",1,"2024-08-02","matayba elegans",387.880013833812,464.200045248494,10.1,1.3,NA,"AS",NA,NA,NA,NA
5295,"Site1","2024-08-03","Plot1","4","2024-08-02","J7","_0J0171","_0J0171",1,"2024-08-02","eschweilera coriacea",183.790007071744,135.759957961738,17.2,1.3,NA,"AS",NA,NA,NA,NA
11503,"Site1","2024-08-03","Plot1","4","2024-08-02","U11","_0U0236","_0U0236",1,"2024-08-02","handroanthus serratifolius",409.680049788614,213.829980783165,12.6,1.3,NA,"AS",NA,NA,NA,NA
4329,"Site1","2024-08-03","Plot1","4","2024-08-02","H19","_0H0430","_0H0430",1,"2024-08-02","couroupita subsessilis",151.888646358566,364.44460625574,73.2,1.3,NA,"AS",NA,NA,NA,NA
4114,"Site1","2024-08-03","Plot1","4","2024-08-02","H5","_0H0113","_0H0113",1,"2024-08-02","leonia glycycarpa",157.389970641874,92.7800195831805,17.2,1.3,NA,"AS",NA,NA,NA,NA
6167,"Site1","2024-08-03","Plot1","4","2024-08-02","K24","_0K0544","_0K0544",1,"2024-08-02","ocotea floribunda",211.59995084937,460.599990749732,29,1.3,NA,"AS",NA,NA,NA,NA
5351,"Site1","2024-08-03","Plot1","4","2024-08-02","J11","_0J0261","_0J0261",1,"2024-08-02","lindackeria paludosa",185.659954094735,219.460039956495,16.3,1.3,NA,"AS",NA,NA,NA,NA
7315,"Site1","2024-08-03","Plot1","4","2024-08-02","M25","_0M0549","_0M0549",1,"2024-08-02","xylopia calophylla",245.210029138194,488.270031163469,30.2,1.3,NA,"AS",NA,NA,NA,NA
9231,"Site1","2024-08-03","Plot1","4","2024-08-02","P5","_0P5808","_0P5808",1,"2024-08-02",NA,303.000045236025,87.1394889894873,15.1,1.3,NA,"AS",NA,NA,NA,NA
4157,"Site1","2024-08-03","Plot1","4","2024-08-02","H9","_0H0179","_0H0179",1,"2024-08-02","iriartea deltoidea",148.472786385973,168.506470864639,22.6,2.1,NA,"AS",NA,NA,NA,NA
4096,"Site1","2024-08-03","Plot1","4","2024-08-02","H4","_0H0089","_0H0089",1,"2024-08-02","guarea pterorhachis",150.199972563714,61.2700260169804,17.4,1.3,NA,"AS",NA,NA,NA,NA
24,"Site1","2024-08-03","Plot1","4","2024-08-02","A2","_0A0035","_0A0035",1,"2024-08-02","virola multinervia",1.82997974200407,25.6299702897668,16.2656351839917,1.3,NA,"AS",NA,NA,NA,NA
7607,"Site1","2024-08-03","Plot1","4","2024-08-02","N8","_0N0161","_0N0161",1,"2024-08-02","eschweilera coriacea",265.269969156536,159.119964089245,14.5,1.3,NA,"ABS",NA,NA,NA,NA
5385,"Site1","2024-08-03","Plot1","4","2024-08-02","J12","_0J0633","_0J0302",1,"2024-08-02","lauraceae sp.3",197.120047922886,222.490009462461,10.4,1.3,NA,"AS",NA,NA,NA,NA
3227,"Site1","2024-08-03","Plot1","4","2024-08-02","F23","_0F0532","_0F0532",1,"2024-08-02","iryanthera hostmannii",102.299956417293,445.870031915605,13.3,1.3,NA,"AS",NA,NA,NA,NA
1384,"Site1","2024-08-03","Plot1","4","2024-08-02","C14","_0C0272","_0C0272",1,"2024-08-02","micropholis guyanensis",41.780008417496,260.979981228709,30.143946221605,1.3,NA,"AS",NA,NA,NA,NA
9340,"Site1","2024-08-03","Plot1","4","2024-08-02","Q7","_0Q0156","_0Q0156",1,"2024-08-02","euterpe precatoria",338.116816421971,131.142969982699,14.9,1.3,NA,"AS",NA,NA,NA,NA
8066,"Site1","2024-08-03","Plot1","4","2024-08-02","O1","_0O0013","_0O0013",1,"2024-08-02","sloanea brevipes",289.109965378186,17.8999637067318,20.6,1.3,NA,"AS",NA,NA,NA,NA
11078,"Site1","2024-08-03","Plot1","4","2024-08-02","T18","_0T0415","_0T0415",1,"2024-08-02","astrocaryum ferrugineum",398.839966207801,342.699969330803,13.1,1.3,NA,"AS",NA,NA,NA,NA
2955,"Site1","2024-08-03","Plot1","4","2024-08-02","F5","_0F0117","_0F0117",1,"2024-08-02","otoba parvifolia",118.840025357378,87.5100286323577,41.1,1.3,NA,"AS",NA,NA,NA,NA
7834,"Site1","2024-08-03","Plot1","4","2024-08-02","N21","_0N0461","_0N0461",1,"2024-08-02","annona dolichophylla",265.820011005446,412.129989789799,12.4,1.3,NA,"AS",NA,NA,NA,NA
4299,"Site1","2024-08-03","Plot1","4","2024-08-02","H17","_0H0383","_0H0383",1,"2024-08-02","moquilea guianensis",156.409975692921,334.089988997206,30.6,1.3,NA,"AS",NA,NA,NA,NA
12184,"Site1","2024-08-03","Plot1","4","2024-08-02","V18","_0V0396","_0V0396",1,"2024-08-02","theobroma obovatum",430.95001686964,350.639967650175,15.5,1.3,NA,"AS",NA,NA,NA,NA
9884,"Site1","2024-08-03","Plot1","4","2024-08-02","R6","_0R0118","_0R0118",1,"2024-08-02","brosimum guianense",341.720046719129,105.489997042343,24.8,1.3,NA,"AS",NA,NA,NA,NA
9377,"Site1","2024-08-03","Plot1","4","2024-08-02","Q10","_0Q0211","_0Q0211",1,"2024-08-02","astrocaryum ferrugineum",333.14820547431,194.006331948563,16.4,1.3,NA,"AS",NA,NA,NA,NA
13657,"Site1","2024-08-03","Plot1","4","2024-08-02","Y6","_0Y0148","_0Y0148",1,"2024-08-02","cupania latifolia",493.880042023025,115.360037559643,24.8,1.3,NA,"AS",NA,NA,NA,NA
6467,"Site1","2024-08-03","Plot1","4","2024-08-02","L5","_0L0101","_0L0101",1,"2024-08-02","euterpe precatoria",220.249954070721,83.4799785185605,15.5,1.3,NA,"AS",NA,NA,NA,NA
13105,"Site1","2024-08-03","Plot1","4","2024-08-02","X9","_0X0207","_0X0207",1,"2024-08-02","meliosma loretoyacuensis",479.730024730263,171.830034047365,18.9,1.3,NA,"AS",NA,NA,NA,NA
1332,"Site1","2024-08-03","Plot1","4","2024-08-02","C10","_0C0194","_0C0194",1,"2024-08-02","astrocaryum ferrugineum",41.7499999972642,196.11999999918,14.7059167416911,1.3,NA,"AS",NA,NA,NA,NA
3661,"Site1","2024-08-03","Plot1","4","2024-08-02","G15","_0G0331","_0G0331",1,"2024-08-02","pseudolmedia laevis",121.989985797496,280.530013643205,18.8,1.3,NA,"AS",NA,NA,NA,NA
9776,"Site1","2024-08-03","Plot1","4","2024-08-02","Q20","_0Q4167","_0Q4167",1,"2024-08-02","virola multinervia",336.093612928817,384.670850938186,10.4,1.3,NA,"AS",NA,NA,NA,NA
5429,"Site1","2024-08-03","Plot1","4","2024-08-02","J14","_0J0359","_0J0359",1,"2024-08-02","theobroma obovatum",194.780020601989,269.619953460991,15.9,1.3,NA,"AS",NA,NA,NA,NA
4189,"Site1","2024-08-03","Plot1","4","2024-08-02","H11","_0H0230","_0H0230",1,"2024-08-02","anthodiscus klugii",154.459950442601,218.079951575026,17.2,1.3,NA,"AS",NA,NA,NA,NA
12043,"Site1","2024-08-03","Plot1","4","2024-08-02","V10","_0V0198","_0V0198",1,"2024-08-02","eschweilera coriacea",429.310045125836,184.639997754246,12.9,1.3,NA,"AS",NA,NA,NA,NA
3292,"Site1","2024-08-03","Plot1","4","2024-08-02","F3","_0F1131","_0F1131",1,"2024-08-02","tachigali setifera",111.289995124564,59.3900197613984,30.1,1.3,NA,"AS",NA,NA,NA,NA
3779,"Site1","2024-08-03","Plot1","4","2024-08-02","G22","_0G0496","_0G0496",1,"2024-08-02","astrocaryum ferrugineum",131.94996949652,433.73000988178,14.7,1.3,NA,"AS",NA,NA,NA,NA
11288,"Site1","2024-08-03","Plot1","4","2024-08-02","T12","_0T2379","_0T2379",1,"2024-08-02","leptobalanus octandrus",390.590037058049,220.989952370524,14.2,1.3,NA,"AS",NA,NA,NA,NA
9455,"Site1","2024-08-03","Plot1","4","2024-08-02","Q15","_0Q0316","_0Q0316",1,"2024-08-02","pera tomentosa",337.450034048175,288.900010759011,21.5,1.3,NA,"AS",NA,NA,NA,NA
4361,"Site1","2024-08-03","Plot1","4","2024-08-02","H21","_0H0475","_0H0475",1,"2024-08-02","iryanthera macrophylla",159.2500362547,413.12997720018,11.1,1.3,NA,"AS",NA,NA,NA,NA
8913,"Site1","2024-08-03","Plot1","4","2024-08-02","P19","_0P0397","_0P0397",1,"2024-08-02","theobroma obovatum",304.090028316539,369.699987867847,12.2,1.3,NA,"AS",NA,NA,NA,NA
9496,"Site1","2024-08-03","Plot1","4","2024-08-02","Q18","_0Q0379","_0Q0379",1,"2024-08-02","zygia latifolia",337.549959982513,355.489951996133,18,1.3,NA,"AS",NA,NA,NA,NA
4619,"Site1","2024-08-03","Plot1","4","2024-08-02","H25","_0H5082","_0H5082",1,"2024-08-02","otoba glycycarpa",152.550008747203,483.479959726334,11,1.3,NA,"AS",NA,NA,NA,NA
10188,"Site1","2024-08-03","Plot1","4","2024-08-02","R7","_0R1641","_0R1641",1,"2024-08-02","croton bilocularis",341.000027763599,122.029969710857,19.5,1.3,NA,"AS",NA,NA,NA,NA
468,"Site1","2024-08-03","Plot1","4","2024-08-02","A8","_0A2032","_0A2032",1,"2024-08-02","iryanthera hostmannii",13.519951260183,140.270025506616,14.4830998213625,1.3,NA,"AS",NA,NA,NA,NA
2671,"Site1","2024-08-03","Plot1","4","2024-08-02","E21","_0E0500","_0E0500",1,"2024-08-02","sloanea porphyrocarpa",93.4599947255338,407.490021061152,39.5,1.3,NA,"AS",NA,NA,NA,NA
6741,"Site1","2024-08-03","Plot1","4","2024-08-02","L24","_0L0543","_0L0543",1,"2024-08-02","iriartea deltoidea",235.829992870742,475.730047162622,20.1,1.3,NA,"AS",NA,NA,NA,NA
2410,"Site1","2024-08-03","Plot1","4","2024-08-02","E4","_0E0091","_0E0091",1,"2024-08-02","aspidosperma excelsum",98.2099700595136,73.9899848010391,35.6,1.3,NA,"AS",NA,NA,NA,NA
3471,"Site1","2024-08-03","Plot1","4","2024-08-02","G3","_0G0055","_0G0055",1,"2024-08-02","rudgea viburnoides",139.239979531034,55.9599899016321,12.2,1.3,NA,"AS",NA,NA,NA,NA
3098,"Site1","2024-08-03","Plot1","4","2024-08-02","F15","_0F0339","_0F0339",1,"2024-08-02","inga capitata",109.270006072999,292.950042013079,19.6,1.3,NA,"AS",NA,NA,NA,NA
10075,"Site1","2024-08-03","Plot1","4","2024-08-02","R23","_0R0455","_0R0455",1,"2024-08-02","iryanthera juruensis",342.629951055103,445.260034319013,24.2,1.3,NA,"AS",NA,NA,NA,NA
4724,"Site1","2024-08-03","Plot1","4","2024-08-02","I6","_0I0135","_0I0135",1,"2024-08-02","meliosma loretoyacuensis",160.999968412507,110.789970887825,21,1.3,NA,"AS",NA,NA,NA,NA
477,"Site1","2024-08-03","Plot1","4","2024-08-02","A9","_0A2242","_0A2242",1,"2024-08-02","miconia punctata",15.2399970246479,160.299961168319,12.509578527023,1.3,NA,"AS",NA,NA,NA,NA
14489,"Site1","2024-08-03","Plot1","4","2024-08-02","C9","_2C0267","_2C0267",1,"2024-08-02",NA,52.9821999974665,177.997399998829,14.4194378441257,1.3,NA,"AS",NA,NA,NA,NA
11900,"Site1","2024-08-03","Plot1","4","2024-08-02","U25","_0U4426","_0U4426",1,"2024-08-02","virola pavonis",418.450041682692,489.229973724112,10.3,1.3,NA,"AS",NA,NA,NA,NA
1085,"Site1","2024-08-03","Plot1","4","2024-08-02","B10","_0B2421","_0B2421",1,"2024-08-02","dendrobangia multinervia",29.5199999909964,181.699999999255,13.2098602766273,1.3,NA,"AS",NA,NA,NA,NA
6644,"Site1","2024-08-03","Plot1","4","2024-08-02","L18","_0L0384","_0L0384",1,"2024-08-02","minquartia guianensis",220.510021136084,342.929968243465,21.7,1.7,NA,"AS",NA,NA,NA,NA
6262,"Site1","2024-08-03","Plot1","4","2024-08-02","K5","_0K1681","_0K1681",1,"2024-08-02","virola peruviana",214.13002434728,80.8499899934977,14.9,1.3,NA,"AS",NA,NA,NA,NA
8435,"Site1","2024-08-03","Plot1","4","2024-08-02","O23","_0O0573","_0O0573",1,"2024-08-02","sandwithia heterocalyx",296.560039992735,448.090019598603,40,3.2,NA,"AS",NA,NA,NA,NA
11538,"Site1","2024-08-03","Plot1","4","2024-08-02","U13","_0U0288","_0U0288",1,"2024-08-02","pachira insignis",402.410025851626,251.289979070425,21.8,1.3,NA,"AS",NA,NA,NA,NA
1695,"Site1","2024-08-03","Plot1","4","2024-08-02","C14","_0C3272","_0C3272",1,"2024-08-02","maquira calophylla",52.6400433879462,273.229997774586,15.8836633205712,1.3,NA,"AS",NA,NA,NA,NA
14674,"Site1","2024-08-03","Plot1","4","2024-08-02","R10","_2R0344","_2R0344",1,"2024-08-02",NA,344.344987435208,190.318179206923,19.1,1.3,NA,"AS",NA,NA,NA,NA
12573,"Site1","2024-08-03","Plot1","4","2024-08-02","W12","_0W0257","_0W0257",1,"2024-08-02","brosimum utile",441.019973987306,231.909990580752,16.7,1.3,NA,"AS",NA,NA,NA,NA
8215,"Site1","2024-08-03","Plot1","4","2024-08-02","O11","_0O0247","_0O0247",1,"2024-08-02","siparuna decipiens",288.570042186009,200.210046743974,12.3,1.3,NA,"AS",NA,NA,NA,NA
4877,"Site1","2024-08-03","Plot1","4","2024-08-02","I15","_0I0361","_0I0361",1,"2024-08-02","protium amazonicum",170.860000394692,284.000009583309,14.9,1.3,NA,"AS",NA,NA,NA,NA
10945,"Site1","2024-08-03","Plot1","4","2024-08-02","T6","_0T0141","_0T0141",1,"2024-08-02","eschweilera coriacea",395.330049146258,116.130017036572,17.5,1.3,NA,"AS",NA,NA,NA,NA
2763,"Site1","2024-08-03","Plot1","4","2024-08-02","E6","_0E1490","_0E1490",1,"2024-08-02","inga cylindrica",85.7699690267909,104.660016542301,16.6,1.3,NA,"AS",NA,NA,NA,NA
12127,"Site1","2024-08-03","Plot1","4","2024-08-02","V15","_0V0314","_0V0314",1,"2024-08-02","couepia macrophylla",428.640026480018,280.779967969283,12.1,1.3,NA,"AS",NA,NA,NA,NA
9925,"Site1","2024-08-03","Plot1","4","2024-08-02","R9","_0R0185","_0R0185",1,"2024-08-02","crudia glaberrima",341.699956462719,179.739994348958,17.6,1.3,NA,"AS",NA,NA,NA,NA
4780,"Site1","2024-08-03","Plot1","4","2024-08-02","I9","_0I0218","_0I0218",1,"2024-08-02","trichilia quadrijuga",176.910031069419,174.059988938272,16.1,1.3,NA,"AS",NA,NA,NA,NA
5836,"Site1","2024-08-03","Plot1","4","2024-08-02","K3","_0K0066","_0K0066",1,"2024-08-02","iriartea deltoidea",219.519592404307,45.679876325652,27.9,1.3,NA,"AS",NA,NA,NA,NA
3288,"Site1","2024-08-03","Plot1","4","2024-08-02","F2","_0F0978","_0F0978",1,"2024-08-02","pourouma bicolor",111.912531147304,20.8190162274987,15.4,1.3,NA,"AS",NA,NA,NA,NA
1520,"Site1","2024-08-03","Plot1","4","2024-08-02","C21","_0C0446","_0C0446",1,"2024-08-02","theobroma microcarpum",43.4800460269907,409.16001299955,25.4329599060849,1.3,NA,"AS",NA,NA,NA,NA
7151,"Site1","2024-08-03","Plot1","4","2024-08-02","M14","_0M0299","_0M0299",1,"2024-08-02","jacaranda copaia",246.100046612497,268.610002662987,48.5,1.3,NA,"AS",NA,NA,NA,NA
3430,"Site1","2024-08-03","Plot1","4","2024-08-02","F25","_0F5103","_0F5103",1,"2024-08-02","iriartea deltoidea",118.299963908154,494.209981359541,22.9,1.3,NA,"AS",NA,NA,NA,NA
1816,"Site1","2024-08-03","Plot1","4","2024-08-02","D2","_0D0028","_0D0028",1,"2024-08-02","pouteria guianensis",67.6000129384338,25.8400248885155,13.9738040034684,1.3,NA,"AS",NA,NA,NA,NA
11896,"Site1","2024-08-03","Plot1","4","2024-08-02","U25","_0U4366","_0U4366",1,"2024-08-02","iryanthera macrophylla",411.06004460965,496.560032753274,10.2,1.3,NA,"AS",NA,NA,NA,NA
7604,"Site1","2024-08-03","Plot1","4","2024-08-02","N8","_0N0158","_0N0158",1,"2024-08-02","eschweilera coriacea",260.579984786513,153.07995178923,24.4,1.3,NA,"ABS",NA,NA,NA,NA
6149,"Site1","2024-08-03","Plot1","4","2024-08-02","K23","_0K0516","_0K0516",1,"2024-08-02","virola duckei",206.973087247054,451.643520228565,85.6,3.7,NA,"AS",NA,NA,NA,NA
8036,"Site1","2024-08-03","Plot1","4","2024-08-02","N24","_0N4951","_0N4951",1,"2024-08-02","crepidospermum prancei",270.310045637365,472.089992277324,13.3,1.3,NA,"AS",NA,NA,NA,NA
14607,"Site1","2024-08-03","Plot1","4","2024-08-02","M5","_2M0126","_2M0126",1,"2024-08-02",NA,242.291643019475,92.347420156002,25.1,1.3,NA,"AS",NA,NA,NA,NA
8629,"Site1","2024-08-03","Plot1","4","2024-08-02","O21","_0O4424","_0O4424",1,"2024-08-02","theobroma glaucum",294.53998149879,400.930024208501,10.2,1.3,NA,"AS",NA,NA,NA,NA
6691,"Site1","2024-08-03","Plot1","4","2024-08-02","L21","_0L0466","_0L0466",1,"2024-08-02","guarea kunthiana",221.27003844612,415.09000178799,12.3,1.3,NA,"AS",NA,NA,NA,NA
700,"Site1","2024-08-03","Plot1","4","2024-08-02","B5","_0B0159","_0B0159",1,"2024-08-02","lacunaria jenmanii",38.9399999970337,88.7599999997765,14.6422547644544,1.3,NA,"AS",NA,NA,NA,NA
4749,"Site1","2024-08-03","Plot1","4","2024-08-02","I7","_0I0169","_0I0169",1,"2024-08-02","chomelia tenuiflora",171.812728235673,127.846353074536,13.5,1.3,NA,"AS",NA,NA,NA,NA
5599,"Site1","2024-08-03","Plot1","4","2024-08-02","J25","_0J0618","_0J0618",1,"2024-08-02","byrsonima flexipes",196.789984291128,497.639955177903,29.9,1.7,NA,"AS",NA,NA,NA,NA
8796,"Site1","2024-08-03","Plot1","4","2024-08-02","P10","_0P0220","_0P0220",1,"2024-08-02","otoba glycycarpa",310.529971138749,193.079971792176,25.7,1.3,NA,"AS",NA,NA,NA,NA
13941,"Site1","2024-08-03","Plot1","4","2024-08-02","Y22","_0Y0547","_0Y0547",1,"2024-08-02","sterculia tessmannii",494.260038715147,421.260043416172,13.12,1.3,NA,"AS",NA,NA,NA,NA
5425,"Site1","2024-08-03","Plot1","4","2024-08-02","J14","_0J0354","_0J0354",1,"2024-08-02","matayba sp.1",197.410015291476,274.189967926592,30.5,1.92,NA,"AS",NA,NA,NA,NA
8893,"Site1","2024-08-03","Plot1","4","2024-08-02","P16","_0P0348","_0P0348",1,"2024-08-02","eschweilera coriacea",318.94002886879,310.489962153137,38.8,4.45,NA,"AS",NA,NA,NA,NA
3540,"Site1","2024-08-03","Plot1","4","2024-08-02","G8","_0G0156","_0G0156",1,"2024-08-02","pourouma tomentosa",123.940015594242,153.879989508539,34.5,1.3,NA,"AS",NA,NA,NA,NA
11362,"Site1","2024-08-03","Plot1","4","2024-08-02","T17","_0T4277","_0T4277",1,"2024-08-02",NA,399.484432546131,329.843019735068,16.2,1.3,NA,"AS",NA,NA,NA,NA
5097,"Site1","2024-08-03","Plot1","4","2024-08-02","I7","_0I1720","_0I1720",1,"2024-08-02","euterpe precatoria",167.730004664802,137.30999404937,17.1,1.3,NA,"AS",NA,NA,NA,NA
8398,"Site1","2024-08-03","Plot1","4","2024-08-02","O22","_0O0516","_0O0516",1,"2024-08-02","tapirira obtusa",284.129872675228,425.000771874562,26.7,1.3,NA,"AS",NA,NA,NA,NA
11834,"Site1","2024-08-03","Plot1","4","2024-08-02","U13","_0U2615","_0U2615",1,"2024-08-02","lindackeria paludosa",414.080002164526,251.41004489921,12.2,1.3,NA,"AS",NA,NA,NA,NA
11846,"Site1","2024-08-03","Plot1","4","2024-08-02","U15","_0U2891","_0U2891",1,"2024-08-02","gustavia augusta",408.149967221194,290.820039348677,10.3,1.3,NA,"AS",NA,NA,NA,NA
10359,"Site1","2024-08-03","Plot1","4","2024-08-02","S2","_0S0038","_0S0038",1,"2024-08-02","socratea exorrhiza",369.940040077257,37.1799593586475,17.7,4.8,NA,"AS",NA,NA,NA,NA
2476,"Site1","2024-08-03","Plot1","4","2024-08-02","E9","_0E0203","_0E0203",1,"2024-08-02","perebea guianensis",91.8800015525776,172.839965943247,17.9,1.3,NA,"AS",NA,NA,NA,NA
2339,"Site1","2024-08-03","Plot1","4","2024-08-02","E1","_0E0001","_0E0001",1,"2024-08-02","brosimum multinervium",83.7100027942797,5.60998017713428,48.5,2,NA,"AS",NA,NA,NA,NA
7713,"Site1","2024-08-03","Plot1","4","2024-08-02","N14","_0N0292","_0N0292",1,"2024-08-02","naucleopsis oblongifolia",262.349992868083,262.180019982159,28.6,1.3,NA,"AS",NA,NA,NA,NA
5092,"Site1","2024-08-03","Plot1","4","2024-08-02","I5","_0I1511","_0I1511",1,"2024-08-02","couepia macrophylla",176.958468034456,84.2613509483635,10.9,1.3,NA,"AS",NA,NA,NA,NA
6250,"Site1","2024-08-03","Plot1","4","2024-08-02","K4","_0K1463","_0K1463",1,"2024-08-02","otoba glycycarpa",219.759985810262,72.9599604457617,10.4,1.3,NA,"AS",NA,NA,NA,NA
14620,"Site1","2024-08-03","Plot1","4","2024-08-02","M23","_0M0506","_2M0633",1,"2024-08-02",NA,240.240036039788,456.609981408343,10.8,1.3,NA,"AS",NA,NA,NA,NA
2511,"Site1","2024-08-03","Plot1","4","2024-08-02","E11","_0E0252","_0E0252",1,"2024-08-02","leptobalanus octandrus",89.809957161604,217.539956426248,32.5,1.3,NA,"AS",NA,NA,NA,NA
1891,"Site1","2024-08-03","Plot1","4","2024-08-02","D6","_0D0141","_0D0141",1,"2024-08-02","otoba glycycarpa",67.7599703946034,114.819983886555,29.5073264492374,1.3,NA,"AS",NA,NA,NA,NA
726,"Site1","2024-08-03","Plot1","4","2024-08-02","B6","_0B0193","_0B0193",1,"2024-08-02","virola calophylla",37.6999999966356,100.509999999776,16.8385929791225,1.3,NA,"AS",NA,NA,NA,NA
11557,"Site1","2024-08-03","Plot1","4","2024-08-02","U14","_0U0323","_0U0323",1,"2024-08-02","couroupita subsessilis",418.800048129575,271.26003616862,17.1,1.3,NA,"AS",NA,NA,NA,NA
10550,"Site1","2024-08-03","Plot1","4","2024-08-02","S16","_0S0368","_0S0368",1,"2024-08-02","pachira insignis",365.289980310597,317.279988510534,57.4,1.3,NA,"AS",NA,NA,NA,NA
2197,"Site1","2024-08-03","Plot1","4","2024-08-02","D6","_0D1599","_0D1599",1,"2024-08-02","couepia macrophylla",72.0099594878848,113.19999120757,24.6,1.3,NA,"AS",NA,NA,NA,NA
11147,"Site1","2024-08-03","Plot1","4","2024-08-02","T23","_0T0508","_0T0508",1,"2024-08-02","hirtella racemosa",381.280049060704,450.21996300295,59.9,1.3,NA,"AS",NA,NA,NA,NA
14262,"Site1","2024-08-03","Plot1","4","2024-08-02","J8","_1J0264","_1J0264",1,"2024-08-02","parkia multijuga",188.003289758286,146.43360523507,13.8,1.3,NA,"AS",NA,NA,NA,NA
12421,"Site1","2024-08-03","Plot1","4","2024-08-02","W1","_0W0016","_0W0016",1,"2024-08-02","eschweilera albiflora",453.670041552396,2.52004181779921,27.8,1.3,NA,"AS",NA,NA,NA,NA
2689,"Site1","2024-08-03","Plot1","4","2024-08-02","E23","_0E0527","_0E0527",1,"2024-08-02","otoba parvifolia",88.2300450495095,446.250042542815,29.7,1.3,NA,"AS",NA,NA,NA,NA
74,"Site1","2024-08-03","Plot1","4","2024-08-02","A5","_0A0113","_0A0113",1,"2024-08-02","caryocar glabrum",2.07998054247582,82.4999674316496,13.8146490603765,1.3,NA,"AS",NA,NA,NA,NA
3738,"Site1","2024-08-03","Plot1","4","2024-08-02","G19","_0G0435","_0G0435",1,"2024-08-02","conceveiba guianensis",134.459952281206,364.069993562996,22.8,1.3,NA,"AS",NA,NA,NA,NA
7864,"Site1","2024-08-03","Plot1","4","2024-08-02","N23","_0N0501","_0N0501",1,"2024-08-02","leptobalanus octandrus",260.240033748443,451.109984919429,33.2,1.3,NA,"AS",NA,NA,NA,NA
2128,"Site1","2024-08-03","Plot1","4","2024-08-02","D23","_0D0486","_0D0486",1,"2024-08-02","zanthoxylum sp.2",62.4599813267705,443.730032667518,77.7,1.3,NA,"AS",NA,NA,NA,NA
493,"Site1","2024-08-03","Plot1","4","2024-08-02","A12","_0A2735","_0A2735",1,"2024-08-02","otoba parvifolia",14.5399999889196,220.25,12.2230996294576,1.3,NA,"AS",NA,NA,NA,NA
5133,"Site1","2024-08-03","Plot1","4","2024-08-02","I13","_0I2925","_0I2925",1,"2024-08-02","dendropanax cuneatus",169.28000465018,241.050008174032,11.7,1.3,NA,"AS",NA,NA,NA,NA
1357,"Site1","2024-08-03","Plot1","4","2024-08-02","C12","_0C0232","_0C0232",1,"2024-08-02","otoba glycycarpa",49.009999990405,239.5,33.6135239810083,1.3,NA,"AS",NA,NA,NA,NA
9715,"Site1","2024-08-03","Plot1","4","2024-08-02","Q14","_0Q3069","_0Q3069",1,"2024-08-02","virola sebifera",336.75999776664,278.799967505038,12,1.3,NA,"AS",NA,NA,NA,NA
1514,"Site1","2024-08-03","Plot1","4","2024-08-02","C20","_0C0437","_0C0437",1,"2024-08-02","eschweilera coriacea",58.2999847442261,392.48004023917,33.1360591517326,1.3,NA,"AS",NA,NA,NA,NA
14304,"Site1","2024-08-03","Plot1","4","2024-08-02","M7","_1M0362","_1M0362",1,"2024-08-02","tachigali setifera",250.430020158703,130.740028008819,21.7,1.3,NA,"AS",NA,NA,NA,NA
12769,"Site1","2024-08-03","Plot1","4","2024-08-02","W22","_0W0544","_0W0544",1,"2024-08-02","otoba parvifolia",455.220043561596,427.429970335215,19.4,1.3,NA,"AS",NA,NA,NA,NA
8094,"Site1","2024-08-03","Plot1","4","2024-08-02","O2","_0O0052","_0O0052",1,"2024-08-02","eschweilera coriacea",294.967453828373,28.45430868119,31.5,1.3,NA,"AS",NA,NA,NA,NA
5376,"Site1","2024-08-03","Plot1","4","2024-08-02","J12","_0J0292","_0J0292",1,"2024-08-02","hirtella schultesii",192.649971432344,238.660014463589,10.2,1.3,NA,"AS",NA,NA,NA,NA
8971,"Site1","2024-08-03","Plot1","4","2024-08-02","P22","_0P0484","_0P0484",1,"2024-08-02","compsoneura sprucei",315.270040053932,422.999991388991,13.4,1.3,NA,"AS",NA,NA,NA,NA
9946,"Site1","2024-08-03","Plot1","4","2024-08-02","R11","_0R0220","_0R0220",1,"2024-08-02","astrocaryum ferrugineum",343.540049795352,218.849982637912,13.4,1.3,NA,"AS",NA,NA,NA,"Medidas decrece, se midió correctamente."
6621,"Site1","2024-08-03","Plot1","4","2024-08-02","L16","_0L0352","_0L0352",1,"2024-08-02","conceveiba guianensis",228.469980037364,312.620046883821,27.1,1.5,NA,"AS",NA,NA,NA,NA
10391,"Site1","2024-08-03","Plot1","4","2024-08-02","S4","_0S0082","_0S0082",1,"2024-08-02","parinari parilis",366.899999513349,76.1600446309894,13.4,1.3,NA,"AS",NA,NA,NA,NA
7344,"Site1","2024-08-03","Plot1","4","2024-08-02","M20","_0M0589","_0M0589",1,"2024-08-02","guatteria insculpta",251.090013713634,380.910030268133,14.7,1.3,NA,"AS",NA,NA,NA,NA
13444,"Site1","2024-08-03","Plot1","4","2024-08-02","X15","_0X2816","_0X2816",1,"2024-08-02","virola calophylla",473.259973686712,299.660039100796,10.1,1.3,NA,"AS",NA,NA,NA,NA
12593,"Site1","2024-08-03","Plot1","4","2024-08-02","W13","_0W0282","_0W0282",1,"2024-08-02","eugenia patrisii",440.480022145726,253.579977955669,17.1,1.3,NA,"AS",NA,NA,NA,NA
8001,"Site1","2024-08-03","Plot1","4","2024-08-02","N19","_0N3813","_0N3813",1,"2024-08-02","otoba parvifolia",266.08003536897,376.250004909933,10.3,1.3,NA,"AS",NA,NA,NA,NA
10425,"Site1","2024-08-03","Plot1","4","2024-08-02","S6","_0S0132","_0S0132",1,"2024-08-02","eschweilera coriacea",361.309971679875,111.799997828901,26.2,2.1,NA,"AS",NA,NA,NA,NA
3888,"Site1","2024-08-03","Plot1","4","2024-08-02","G7","_0G1762","_0G1762",1,"2024-08-02","rinorea lindeniana",121.730037896195,138.239988151938,10.2,1.3,NA,"AS",NA,NA,NA,NA
13574,"Site1","2024-08-03","Plot1","4","2024-08-02","Y2","_0Y0038","_0Y0038",1,"2024-08-02","xylopia calophylla",493.809985966829,34.3399691637605,35.1,1.3,NA,"AS",NA,NA,NA,NA
8834,"Site1","2024-08-03","Plot1","4","2024-08-02","P12","_0P0269","_0P0269",1,"2024-08-02","euterpe precatoria",309.499978634412,237.989974601194,16.8,1.3,NA,"AS",NA,NA,NA,NA
2359,"Site1","2024-08-03","Plot1","4","2024-08-02","E1","_0E0024","_0E0024",1,"2024-08-02","pseudolmedia laevis",92.3300207174034,8.73003584891558,15,1.3,NA,"AS",NA,NA,NA,NA
8932,"Site1","2024-08-03","Plot1","4","2024-08-02","P20","_0P0425","_0P0425",1,"2024-08-02","calycophyllum megistocaulum",300.99003977637,392.140040384606,15.5,1.3,NA,"AS",NA,NA,NA,NA
14171,"Site1","2024-08-03","Plot1","4","2024-08-02","C5","_1C0108","_1C0108",1,"2024-08-02","unidentified",45.7699999897159,99.3799999989569,50.6112719032227,1.3,NA,"AS",NA,NA,NA,NA
3434,"Site1","2024-08-03","Plot1","4","2024-08-02",NA,"_0F5174","_0F5174",1,"2025-03-25",NA,114.028518279025,478.626857982948,15.5,1.3,NA,"AS",NA,NA,NA,NA
12446,"Site1","2024-08-03","Plot1","4","2024-08-02","W3","_0W0051","_0W0051",1,"2024-08-02","virola duckei",446.139963379886,50.2400068659335,13.9,1.3,NA,"AS",NA,NA,NA,NA
9552,"Site1","2024-08-03","Plot1","4","2024-08-02","Q22","_0Q0469","_0Q0469",1,"2024-08-02","virola multicostata",329.319952632475,438.569966789335,31.8,1.3,NA,"AS",NA,NA,NA,NA
12486,"Site1","2024-08-03","Plot1","4","2024-08-02","W5","_0W0113","_0W0113",1,"2024-08-02","trichilia quadrijuga",455.979989101645,85.8500344082713,13.4,1.3,NA,"AS",NA,NA,NA,NA
11723,"Site1","2024-08-03","Plot1","4","2024-08-02","U25","_0U0569","_0U0569",1,"2024-08-02","conceveiba guianensis",414.060048817832,498.499961111695,21,1.3,NA,"AS",NA,NA,NA,NA
13493,"Site1","2024-08-03","Plot1","4","2024-08-02","X22","_0X4057","_0X4057",1,"2024-08-02","erisma laurifolium",461.129968315421,431.440007643774,15,1.3,NA,"AS",NA,NA,NA,NA
7658,"Site1","2024-08-03","Plot1","4","2024-08-02","N11","_0N0223","_0N0223",1,"2024-08-02","leptobalanus octandrus",260.499997496547,213.719960769638,18.5,1.3,NA,"AS",NA,NA,NA,NA
12904,"Site1","2024-08-03","Plot1","4","2024-08-02","W19","_0W3458","_0W3458",1,"2024-08-02","tachigali sp.2",457.76997178077,368.550042908639,12.7,1.3,NA,"AS",NA,NA,NA,NA
9542,"Site1","2024-08-03","Plot1","4","2024-08-02","Q22","_0Q0457","_0Q0457",1,"2024-08-02","compsoneura sprucei",324.456637949974,425.120334997773,14.7,1.3,NA,"AS",NA,NA,NA,NA
1766,"Site1","2024-08-03","Plot1","4","2024-08-02","C24","_0C4826","_0C4826",1,"2024-08-02","iryanthera macrophylla",40.1600469843252,460.109956683591,38.9,1.3,NA,"AS",NA,NA,NA,NA
4883,"Site1","2024-08-03","Plot1","4","2024-08-02","I16","_0I0371","_0I0371",1,"2024-08-02","conceveiba guianensis",162.020038491231,310.469970781356,17.8,1.3,NA,"AS",NA,NA,NA,NA
8885,"Site1","2024-08-03","Plot1","4","2024-08-02","P16","_0P0337","_0P0337",1,"2024-08-02","eschweilera coriacea",300.619980367424,318.939961845055,35.6,1.3,NA,"AS",NA,NA,NA,NA
11279,"Site1","2024-08-03","Plot1","4","2024-08-02","T11","_0T2104","_0T2104",1,"2024-08-02","iryanthera hostmannii",389.359951979539,203.549951195717,14.8,1.3,NA,"AS",NA,NA,NA,NA
10998,"Site1","2024-08-03","Plot1","4","2024-08-02","T11","_0T0248","_0T0248",1,"2024-08-02","eschweilera coriacea",390.360032450815,216.120020510629,36.4,1.3,NA,"AS",NA,NA,NA,NA
14172,"Site1","2024-08-03","Plot1","4","2024-08-02","C11","_1C0325","_1C0325",1,"2024-08-02","",47.3399999885005,204.769999999553,13.2735222538641,1.3,NA,"AS",NA,NA,NA,NA
1737,"Site1","2024-08-03","Plot1","4","2024-08-02","C19","_0C4343","_0C4343",1,"2024-08-02","carapa guianensis",55.1558583590086,365.722900928929,12.5732405042597,1.3,NA,"AS",NA,NA,NA,NA
742,"Site1","2024-08-03","Plot1","4","2024-08-02","B7","_0B0214","_0B0214",1,"2024-08-02","endlicheria sp.7",35.9899999870104,132.980000000447,34.3774677078494,1.3,NA,"AS",NA,NA,NA,NA
10187,"Site1","2024-08-03","Plot1","4","2024-08-02","R6","_0R1615","_0R1615",1,"2024-08-02","carapa guianensis",351.20001968235,109.039995780215,12.1,1.3,NA,"AS",NA,NA,NA,NA
14354,"Site1","2024-08-03","Plot1","4","2024-08-02","R15","_1R0460","_1R0460",1,"2024-08-02","unidentified",354.660026125202,299.409969363362,11.7,1.3,NA,"AS",NA,NA,NA,NA
4434,"Site1","2024-08-03","Plot1","4","2024-08-02","H25","_0H0583","_0H0583",1,"2024-08-02","pseudolmedia laevis",143.860005731054,488.180044364184,35.4,1.3,NA,"AS",NA,NA,NA,NA
13357,"Site1","2024-08-03","Plot1","4","2024-08-02","X25","_0X0595","_0X0595",1,"2024-08-02","minquartia guianensis",468.279950441152,487.669951664284,21.1,1.65,NA,"AS",NA,NA,NA,NA
14772,"Site1","2024-08-03","Plot1","4","2024-08-02","U11","_2U0497","_2U0497",1,"2024-08-02",NA,406.357327179459,218.757931826636,16.2,1.3,NA,"AS",NA,NA,NA,NA
11270,"Site1","2024-08-03","Plot1","4","2024-08-02","T10","_0T1993","_0T1993",1,"2024-08-02","eschweilera coriacea",389.680044229317,198.210000626743,11.5,1.3,NA,"AS",NA,NA,NA,NA
4367,"Site1","2024-08-03","Plot1","4","2024-08-02","H21","_0H0481","_0H0481",1,"2024-08-02","chrysophyllum venezuelanum",158.319981341134,407.990044921637,17.7,1.3,NA,"AS",NA,NA,NA,NA
1319,"Site1","2024-08-03","Plot1","4","2024-08-02","C9","_0C0171","_0C0171",1,"2024-08-02","pouteria baehniana",45.9999999977299,163.730000000447,17.1569028653063,1.3,NA,"AS",NA,NA,NA,NA
1215,"Site1","2024-08-03","Plot1","4","2024-08-02","C2","_0C0031","_0C0031",1,"2024-08-02","neea robusta",40.4999999973807,37.4599999990314,40.7436654315252,1.3,NA,"AS",NA,NA,NA,NA
2944,"Site1","2024-08-03","Plot1","4","2024-08-02","F5","_0F0102","_0F0102",1,"2024-08-02","astrocaryum ferrugineum",102.410023119941,81.6399630252272,13.9,1.3,NA,"AS",NA,NA,NA,NA
2106,"Site1","2024-08-03","Plot1","4","2024-08-02","D21","_0D0458","_0D0458",1,"2024-08-02","sapindaceae sp.3",77.579999310954,400.219969170168,28.3,1.3,NA,"AS",NA,NA,NA,NA
13120,"Site1","2024-08-03","Plot1","4","2024-08-02","X10","_0X0233","_0X0233",1,"2024-08-02","eschweilera bracteosa",470.719955682696,181.48000764288,31.9,1.3,NA,"AS",NA,NA,NA,NA
9344,"Site1","2024-08-03","Plot1","4","2024-08-02","Q8","_0Q0162","_0Q0162",1,"2024-08-02","oxandra major",327.279989316652,145.990045046434,15.7,1.3,NA,"AS",NA,NA,NA,NA
6728,"Site1","2024-08-03","Plot1","4","2024-08-02","L24","_0L0524","_0L0524",1,"2024-08-02","naucleopsis ulei",224.400034058664,463.83002210781,26.4,1.3,NA,"AS",NA,NA,NA,NA
4320,"Site1","2024-08-03","Plot1","4","2024-08-02","H19","_0H0416","_0H0416",1,"2024-08-02","guatteria modesta",144.020011201384,364.189963942394,13.9,1.3,NA,"AS",NA,NA,NA,NA
8620,"Site1","2024-08-03","Plot1","4","2024-08-02","O19","_0O4004","_0O4004",1,"2024-08-02","virola peruviana",297.984268991451,365.215555716306,11.9,1.3,NA,"AS",NA,NA,NA,NA
6704,"Site1","2024-08-03","Plot1","4","2024-08-02","L22","_0L0488","_0L0488",1,"2024-08-02","pouteria bilocularis",221.759970036219,435.100034521893,77.3,2.2,NA,"AS",NA,NA,NA,NA
13317,"Site1","2024-08-03","Plot1","4","2024-08-02","X21","_0X0516","_0X0516",1,"2024-08-02","eschweilera coriacea",475.889964961272,417.820028185844,22.4,1.3,NA,"AS",NA,NA,NA,NA
10252,"Site1","2024-08-03","Plot1","4","2024-08-02","R14","_0R2892","_0R2892",1,"2024-08-02","theobroma obovatum",351.840046425525,276.480032382533,10.4,1.3,NA,"AS",NA,NA,NA,NA
1670,"Site1","2024-08-03","Plot1","4","2024-08-02","C11","_0C2574","_0C2574",1,"2024-08-02","tetrorchidium rubrivenium",43.9099999904283,201.080000000075,10.1859163578813,1.3,NA,"AS",NA,NA,NA,NA
6998,"Site1","2024-08-03","Plot1","4","2024-08-02","M3","_0M0061","_0M0061",1,"2024-08-02","warszewiczia coccinea",249.310025756946,43.6099946387112,19.3,1.3,NA,"AS",NA,NA,NA,NA
10896,"Site1","2024-08-03","Plot1","4","2024-08-02","T3","_0T0062","_0T0062",1,"2024-08-02","pachira insignis",394.750133953406,46.9784036967903,15.1,1.3,NA,"AS",NA,NA,NA,NA
6136,"Site1","2024-08-03","Plot1","4","2024-08-02","K22","_0K0495","_0K0495",1,"2024-08-02","guarea trunciflora",201.740021613776,435.360044240952,13.8,1.3,NA,"AS",NA,NA,NA,NA
1285,"Site1","2024-08-03","Plot1","4","2024-08-02","C6","_0C0128","_0C0128",1,"2024-08-02","eschweilera itayensis",47.0599999886472,101.990000000224,76.3625416954914,4.35,NA,"AS",NA,NA,NA,NA
7749,"Site1","2024-08-03","Plot1","4","2024-08-02","N16","_0N0346","_0N0346",1,"2024-08-02","cordia lasseri",268.769978110853,314.910010544583,38,3.65,NA,"AS",NA,NA,NA,NA
12546,"Site1","2024-08-03","Plot1","4","2024-08-02","W9","_0W0208","_0W0208",1,"2024-08-02","socratea exorrhiza",451.739988201181,162.83997262083,12.2,4.1,NA,"AS",NA,NA,NA,NA
5662,"Site1","2024-08-03","Plot1","4","2024-08-02","J7","_0J1891","_0J1891",1,"2024-08-02","eschweilera coriacea",184.47000069666,133.589964400977,12,1.3,NA,"AS",NA,NA,NA,NA
3161,"Site1","2024-08-03","Plot1","4","2024-08-02","F19","_0F0446","_0F0446",1,"2024-08-02","eschweilera rufifolia",105.100009231886,376.120046364143,19.2,1.3,NA,"AS",NA,NA,NA,NA
7803,"Site1","2024-08-03","Plot1","4","2024-08-02","N20","_0N0424","_0N0424",1,"2024-08-02","swartzia oraria",261.039966053737,389.049978967756,15.6,1.3,NA,"AS",NA,NA,NA,NA
5279,"Site1","2024-08-03","Plot1","4","2024-08-02","J5","_0J0132","_0J0132",1,"2024-08-02","parkia multijuga",190.280949730834,87.1639384441078,18.6,1.3,NA,"AS",NA,NA,NA,NA
5288,"Site1","2024-08-03","Plot1","4","2024-08-02","J6","_0J0152","_0J0152",1,"2024-08-02","simaba polyphylla",193.399966102326,118.249950719997,19.1,1.6,NA,"AS",NA,NA,NA,NA
12891,"Site1","2024-08-03","Plot1","4","2024-08-02","W18","_0W3272","_0W3272",1,"2024-08-02","brosimum guianense",449.299984137178,354.04002702795,13.8,1.3,NA,"AS",NA,NA,NA,NA
5271,"Site1","2024-08-03","Plot1","4","2024-08-02","J4","_0J0114","_0J0114",1,"2024-08-02","couepia macrophylla",195.640005293011,64.2199769243598,14.6,1.3,NA,"AS",NA,NA,NA,NA
3113,"Site1","2024-08-03","Plot1","4","2024-08-02","F16","_0F0362","_0F0362",1,"2024-08-02","protium sagotianum",110.720008085656,312.580029737204,24.5,1.3,NA,"AS",NA,NA,NA,NA
6910,"Site1","2024-08-03","Plot1","4","2024-08-02","L19","_0L3923","_0L3923",1,"2024-08-02","inga vismiifolia",227.959991800541,368.720030458644,12,1.3,NA,"AS",NA,NA,NA,NA
14742,"Site1","2024-08-03","Plot1","4","2024-08-02","T15","_2T0796","_2T0796",1,"2024-08-02",NA,395.926136648573,295.160566376522,32.5,2.1,NA,"AS",NA,NA,NA,NA
6161,"Site1","2024-08-03","Plot1","4","2024-08-02","K24","_0K0536","_0K0536",1,"2024-08-02","otoba glycycarpa",202.010023969458,478.729976285249,31.4,1.3,NA,"AS",NA,NA,NA,NA
9397,"Site1","2024-08-03","Plot1","4","2024-08-02","Q12","_0Q0242","_0Q0242",1,"2024-08-02","guarea sp.1",322.820003936999,228.769977441058,10.6,1.3,NA,"AS",NA,NA,NA,NA
11002,"Site1","2024-08-03","Plot1","4","2024-08-02","T11","_0T0258","_0T0258",1,"2024-08-02","astrocaryum ferrugineum",399.489965993038,203.520004913211,13.5,1.3,NA,"AS",NA,NA,NA,NA
11741,"Site1","2024-08-03","Plot1","4","2024-08-02","U1","_0U0871","_0U0871",1,"2024-08-02","calliandra trinervia",418.718710744812,3.49270882830024,10.2,1.3,NA,"AS",NA,NA,NA,NA
1128,"Site1","2024-08-03","Plot1","4","2024-08-02","B17","_0B3935","_0B3935",1,"2024-08-02","xylopia calophylla",28.6000297205755,334.359966397285,12.509578527023,1.8,NA,"AS",NA,NA,NA,NA
770,"Site1","2024-08-03","Plot1","4","2024-08-02","B9","_0B0259","_0B0259",1,"2024-08-02","chrysochlamys weberbaueri",26.7199999972363,167.330000000075,15.278874536822,1.3,NA,"AS",NA,NA,NA,NA
11483,"Site1","2024-08-03","Plot1","4","2024-08-02","U10","_0U0204","_0U0204",1,"2024-08-02","brosimum lactescens",400.140043091669,194.189964853227,18.1,1.3,NA,"AS",NA,NA,NA,NA
6464,"Site1","2024-08-03","Plot1","4","2024-08-02","L4","_0L0094","_0L0094",1,"2024-08-02","eschweilera coriacea",234.749953373568,71.9799604788423,25.8,1.3,NA,"AS",NA,NA,NA,NA
4767,"Site1","2024-08-03","Plot1","4","2024-08-02","I8","_0I0198","_0I0198",1,"2024-08-02","eschweilera coriacea",176.800048048899,149.419999005273,12.1,1.3,NA,"AS",NA,NA,NA,NA
8544,"Site1","2024-08-03","Plot1","4","2024-08-02","O8","_0O1955","_0O1955",1,"2024-08-02","parkia multijuga",283.859977059008,152.359952252358,15.2,1.3,NA,"AS",NA,NA,NA,NA
9514,"Site1","2024-08-03","Plot1","4","2024-08-02","Q20","_0Q0411","_0Q0411",1,"2024-08-02","eschweilera rufifolia",321.488777112449,388.592260282487,18.1,1.3,NA,"AS",NA,NA,NA,NA
11153,"Site1","2024-08-03","Plot1","4","2024-08-02","T23","_0T0519","_0T0519",1,"2024-08-02","hevea brasiliensis",390.510044010531,459.630007054657,15.1,1.3,NA,"AS",NA,NA,NA,NA
600,"Site1","2024-08-03","Plot1","4","2024-08-02","B1","_0B0007","_0B0007",1,"2024-08-02","astrocaryum ferrugineum",25.1699999909033,6.71999999880791,16.6476070474123,1.3,NA,"AS",NA,NA,NA,NA
5778,"Site1","2024-08-03","Plot1","4","2024-08-02","J25","_0J5260","_0J5260",1,"2024-08-02","casearia sylvestris",184.780018252204,499.730014167726,12.5,1.3,NA,"AS",NA,NA,NA,NA
2389,"Site1","2024-08-03","Plot1","4","2024-08-02","E3","_0E0066","_0E0066",1,"2024-08-02","hirtella schultesii",91.109985469433,42.0700410455465,23.6,1.3,NA,"AS",NA,NA,NA,NA
7942,"Site1","2024-08-03","Plot1","4","2024-08-02","N4","_0N1295","_0N1295",1,"2024-08-02","euterpe precatoria",268.809975811106,75.2600215300918,14.6,1.3,NA,"AS",NA,NA,NA,NA
7000,"Site1","2024-08-03","Plot1","4","2024-08-02","M3","_0M0064","_0M0064",1,"2024-08-02","pourouma bicolor",246.109971663624,59.0299567822367,50.7,1.3,NA,"AS",NA,NA,NA,NA
11694,"Site1","2024-08-03","Plot1","4","2024-08-02","U24","_0U0537","_0U0537",1,"2024-08-02","leptobalanus octandrus",409.310008400003,463.690046994016,36.7,1.3,NA,"AS",NA,NA,NA,NA
11697,"Site1","2024-08-03","Plot1","4","2024-08-02","U24","_0U0540","_0U0540",1,"2024-08-02","micropholis porphyrocarpa",403.780035648088,479.129953488708,58,3.6,NA,"AS",NA,NA,NA,NA
7431,"Site1","2024-08-03","Plot1","4","2024-08-02","M14","_0M2836","_0M2836",1,"2024-08-02","pseudolmedia laevigata",240.320021321357,262.159991778433,11.1,1.3,NA,"AS",NA,NA,NA,NA
1846,"Site1","2024-08-03","Plot1","4","2024-08-02","D4","_0D0083","_0D0083",1,"2024-08-02","eschweilera rufifolia",67.0299636978307,60.9300156608224,40.1,4.65,NA,"AS",NA,NA,NA,NA
7496,"Site1","2024-08-03","Plot1","4","2024-08-02","N1","_0N0008","_0N0008",1,"2024-08-02","sloanea sp.6",262.550033818989,16.0999749824405,73.7,1.3,NA,"AS",NA,NA,NA,NA
3889,"Site1","2024-08-03","Plot1","4","2024-08-02","G7","_0G1771","_0G1771",1,"2024-08-02","chrysochlamys weberbaueri",125.979956362688,136.25996081531,11.9,1.3,NA,"AS",NA,NA,NA,NA
13922,"Site1","2024-08-03","Plot1","4","2024-08-02","Y20","_0Y0508","_0Y0508",1,"2024-08-02","dacryodes amplectans",498.769953211362,389.15004357323,22.4,1.3,NA,"AS",NA,NA,NA,NA
790,"Site1","2024-08-03","Plot1","4","2024-08-02","B10","_0B0288","_0B0288",1,"2024-08-02","abarema sp.1",36.2599999982049,196.990000000224,25.2101429857562,1.3,NA,"AS",NA,NA,NA,NA
37,"Site1","2024-08-03","Plot1","4","2024-08-02","A2","_0A0055","_0A0055",1,"2024-08-02","zanthoxylum riedelianum",14.7599995466298,29.7400408480316,18.0800015352393,1.3,NA,"AS",NA,NA,NA,NA
14141,"Site1","2024-08-03","Plot1","4","2024-08-02","Y2","_0Y5123","_0Y5123",1,"2024-08-02","pterocarpus sp.1",480.160039545095,34.3299773279577,13.6,1.3,NA,"AS",NA,NA,NA,NA
2018,"Site1","2024-08-03","Plot1","4","2024-08-02","D15","_0D0321","_0D0321",1,"2024-08-02","guarea pubescens",67.9999811532325,283.729966515675,15.4380294799138,1.3,NA,"AS",NA,NA,NA,NA
9348,"Site1","2024-08-03","Plot1","4","2024-08-02","Q8","_0Q0167","_0Q0167",1,"2024-08-02","carapa guianensis",327.799958771386,158.240006003529,15.3,1.3,NA,"AS",NA,NA,NA,NA
244,"Site1","2024-08-03","Plot1","4","2024-08-02","A16","_0A0359","_0A0359",1,"2024-08-02","eschweilera coriacea",4.49003465543501,312.459974166006,43.417468475469,1.8,NA,"AS",NA,NA,NA,NA
10475,"Site1","2024-08-03","Plot1","4","2024-08-02","S9","_0S0218","_0S0218",1,"2024-08-02","pouteria macrocarpa",375.72995056113,165.549959365278,26.7,1.3,NA,"AS",NA,NA,NA,NA
13839,"Site1","2024-08-03","Plot1","4","2024-08-02","Y16","_0Y0413","_0Y0413",1,"2024-08-02","pera arborea",496.169960521918,310.789962986484,33.43,1.3,NA,"AS",NA,NA,NA,NA
4285,"Site1","2024-08-03","Plot1","4","2024-08-02","H16","_0H0356","_0H0356",1,"2024-08-02","dendropanax cuneatus",156.609981823189,318.880028665066,10.4,1.4,NA,"AS",NA,NA,NA,NA
2661,"Site1","2024-08-03","Plot1","4","2024-08-02","E21","_0E0489","_0E0489",1,"2024-08-02","eschweilera coriacea",81.5000265611452,412.969973731786,32.5,3.4,NA,"AS",NA,NA,NA,NA
8936,"Site1","2024-08-03","Plot1","4","2024-08-02","P20","_0P0429","_0P0429",1,"2024-08-02","sapindaceae sp.3",307.329969796643,397.02002941072,23,1.3,NA,"AS",NA,NA,NA,NA
12013,"Site1","2024-08-03","Plot1","4","2024-08-02","V8","_0V0149","_0V0149",1,"2024-08-02","eschweilera coriacea",424.660041232652,149.610040057451,46.5,4.73,NA,"AS",NA,NA,NA,NA
2899,"Site1","2024-08-03","Plot1","4","2024-08-02","F2","_0F0028","_0F0028",1,"2024-08-02","astrocaryum ferrugineum",101.27001541137,23.7799554169178,15,1.3,NA,"AS",NA,NA,NA,NA
2565,"Site1","2024-08-03","Plot1","4","2024-08-02","E14","_0E0321","_0E0321",1,"2024-08-02","oxandra xylopioides",82.2899683364085,278.720015401021,18.6,1.3,NA,"AS",NA,NA,NA,NA
13919,"Site1","2024-08-03","Plot1","4","2024-08-02","Y20","_0Y0505","_0Y0505",1,"2024-08-02","angostura simplex",498.879975760996,391.479958834127,11.9,1.3,NA,"AS",NA,NA,NA,NA
7621,"Site1","2024-08-03","Plot1","4","2024-08-02","N9","_0N0177","_0N0177",1,"2024-08-02","eschweilera bracteosa",269.050024269731,169.219972988591,39.9,1.9,NA,"AS",NA,NA,NA,NA
10231,"Site1","2024-08-03","Plot1","4","2024-08-02","R11","_0R2457","_0R2457",1,"2024-08-02","pouteria campanulata",350.41002601583,215.900024866685,12,1.3,NA,"AS",NA,NA,NA,NA
48,"Site1","2024-08-03","Plot1","4","2024-08-02","A3","_0A0073","_0A0073",1,"2024-08-02","zanthoxylum riedelianum",12.3400025240262,53.6199613772333,30.2394391874601,1.3,NA,"AS",NA,NA,NA,NA
3970,"Site1","2024-08-03","Plot1","4","2024-08-02","G16","_0G3393","_0G3393",1,"2024-08-02","chrysophyllum bombycinum",139.879974838404,306.190022975206,13.3,1.3,NA,"AS",NA,NA,NA,NA
11753,"Site1","2024-08-03","Plot1","4","2024-08-02","U3","_0U1053","_0U1053",1,"2024-08-02","guatteria decurrens",401.80002804083,42.2900028731674,11.6,1.3,NA,"AS",NA,NA,NA,NA
6708,"Site1","2024-08-03","Plot1","4","2024-08-02","L22","_0L0496","_0L0496",1,"2024-08-02","theobroma obovatum",239.340047756617,427.969956509769,24.7,1.3,NA,"AS",NA,NA,NA,NA
10834,"Site1","2024-08-03","Plot1","4","2024-08-02","S22","_0S3915","_0S3915",1,"2024-08-02","perebea guianensis",361.949990595283,427.939986992627,10.6,1.3,NA,"AS",NA,NA,NA,NA
5449,"Site1","2024-08-03","Plot1","4","2024-08-02","J15","_0J0391","_0J0391",1,"2024-08-02","cordia lasseri",197.779957920429,281.660013791174,13.4,1.3,NA,"AS",NA,NA,NA,NA
4332,"Site1","2024-08-03","Plot1","4","2024-08-02","H19","_0H0434","_0H0434",1,"2024-08-02","eschweilera coriacea",155.44846961851,367.783476345241,27.4,1.3,NA,"AS",NA,NA,NA,NA
7095,"Site1","2024-08-03","Plot1","4","2024-08-02","M10","_0M0215","_0M0215",1,"2024-08-02","euterpe precatoria",252.519964981417,194.339968647808,14,1.3,NA,"AS",NA,NA,NA,NA
14180,"Site1","2024-08-03","Plot1","4","2024-08-02","D6","_1D0240","_1D0240",1,"2024-08-02","mollia gracilis",73.5199831792852,117.630015384406,12.4777475384046,1.3,NA,"AS",NA,NA,NA,NA
13168,"Site1","2024-08-03","Plot1","4","2024-08-02","X14","_0X0300","_0X0300",1,"2024-08-02","ecclinusa sp.nov.",461.486446920841,265.953110609204,12.2,1.3,NA,"AS",NA,NA,NA,NA
3852,"Site1","2024-08-03","Plot1","4","2024-08-02","G1","_0G0777","_0G0777",1,"2024-08-02","trichilia micrantha",136.160000746313,19.7100303657353,11.1,1.3,NA,"AS",NA,NA,NA,NA
9865,"Site1","2024-08-03","Plot1","4","2024-08-02","R4","_0R0082","_0R0082",1,"2024-08-02","endlicheria krukovii",351.614022399008,76.1291056666523,17.6,1.3,NA,"AS",NA,NA,NA,NA
2345,"Site1","2024-08-03","Plot1","4","2024-08-02","E1","_0E0007","_0E0007",1,"2024-08-02","iriartea deltoidea",83.4800104145543,12.1499632727355,25.4,1.3,NA,"AS",NA,NA,NA,NA
11167,"Site1","2024-08-03","Plot1","4","2024-08-02","T24","_0T0536","_0T0536",1,"2024-08-02","pseudolmedia laevis",388.259989587183,475.800034781918,34.5,1.3,NA,"AS",NA,NA,NA,NA
5894,"Site1","2024-08-03","Plot1","4","2024-08-02","K7","_0K0157","_0K0157",1,"2024-08-02","eschweilera coriacea",219.039972794184,139.029985785484,29.4,1.3,NA,"AS",NA,NA,NA,NA
10932,"Site1","2024-08-03","Plot1","4","2024-08-02","T6","_0T0120","_0T0120",1,"2024-08-02","eugenia patrisii",382.000044471875,104.000024635345,21.4,1.3,NA,"AS",NA,NA,NA,NA
13889,"Site1","2024-08-03","Plot1","4","2024-08-02","Y19","_0Y0469","_0Y0469",1,"2024-08-02","symphonia globulifera",487.670033075323,378.869952658191,21.05,1.3,NA,"AS",NA,NA,NA,NA
13173,"Site1","2024-08-03","Plot1","4","2024-08-02","X14","_0X0308","_0X0308",1,"2024-08-02","eschweilera rufifolia",460.199985775806,274.390022939071,17.2,1.3,NA,"AS",NA,NA,NA,NA
2882,"Site1","2024-08-03","Plot1","4","2024-08-02","E25","_0E4867","_0E4867",1,"2024-08-02","faramea multiflora",80.1699635569821,488.190033815801,11.3,1.3,NA,"AS",NA,NA,NA,NA
7134,"Site1","2024-08-03","Plot1","4","2024-08-02","M13","_0M0276","_0M0276",1,"2024-08-02","theobroma glaucum",247.270036463218,242.73995481804,17.6,1.3,NA,"AS",NA,NA,NA,NA
3804,"Site1","2024-08-03","Plot1","4","2024-08-02","G24","_0G0536","_0G0536",1,"2024-08-02","iriartea deltoidea",128.89004039421,476.230015162379,23,2.7,NA,"AS",NA,NA,NA,NA
14580,"Site1","2024-08-03","Plot1","4","2024-08-02","K6","_2K0272","_2K0272",1,"2024-08-02",NA,211.955297426961,108.676843551919,29.7,1.7,NA,"AS",NA,NA,NA,NA
6246,"Site1","2024-08-03","Plot1","4","2024-08-02","K4","_0K1392","_0K1392",1,"2024-08-02","otoba parvifolia",204.299991994805,75.6600458156317,16.5,1.3,NA,"AS",NA,NA,NA,NA
7476,"Site1","2024-08-03","Plot1","4","2024-08-02","M23","_0M4744","_0M4744",1,"2024-08-02","symphonia globulifera",256.480024789867,449.710026459768,21.4,1.3,NA,"AS",NA,NA,NA,NA
6790,"Site1","2024-08-03","Plot1","4","2024-08-02","L2","_0L0917","_0L0917",1,"2024-08-02","casearia arborea",222.799971754837,32.6999811530113,14.1,1.3,NA,"AS",NA,NA,NA,NA
9610,"Site1","2024-08-03","Plot1","4","2024-08-02","Q25","_0Q0545","_0Q0545",1,"2024-08-02","eschweilera sp.1",334.529958759376,481.020032418892,33.1,2.72,NA,"AS",NA,NA,NA,NA
3971,"Site1","2024-08-03","Plot1","4","2024-08-02","G17","_0G3405","_0G3405",1,"2024-08-02","iryanthera hostmannii",123.609973217885,323.479999808595,11,1.3,NA,"AS",NA,NA,NA,NA
2248,"Site1","2024-08-03","Plot1","4","2024-08-02","D14","_0D3239","_0D3239",1,"2024-08-02","inga yasuniana",69.8999597600196,278.130007833242,15.5016914571506,1.3,NA,"AS",NA,NA,NA,NA
12442,"Site1","2024-08-03","Plot1","4","2024-08-02","W3","_0W0046","_0W0046",1,"2024-08-02","oxandra major",445.639998273284,45.6400341577828,40.3,3.05,NA,"AS",NA,NA,NA,NA
7043,"Site1","2024-08-03","Plot1","4","2024-08-02","M6","_0M0122","_0M0122",1,"2024-08-02","astrocaryum ferrugineum",242.660033124324,114.130012845621,13.8,1.3,NA,"AS",NA,NA,NA,NA
961,"Site1","2024-08-03","Plot1","4","2024-08-02","B21","_0B0548","_0B0548",1,"2024-08-02","sarcaulus brasiliensis",34.0099686407484,406.730029692873,16.9022549563593,1.3,NA,"AS",NA,NA,NA,NA
2916,"Site1","2024-08-03","Plot1","4","2024-08-02","F3","_0F0060","_0F0060",1,"2024-08-02","otoba parvifolia",101.740041526442,52.4799944516271,25.5,1.3,NA,"AS",NA,NA,NA,NA
14211,"Site1","2024-08-03","Plot1","4","2024-08-02","F1","_1F0066","_1F0066",1,"2024-08-02","unidentified",116.300006448815,11.3800170067698,20.7,1.3,NA,"AS",NA,NA,NA,NA
10884,"Site1","2024-08-03","Plot1","4","2024-08-02","T3","_0T0048","_0T0048",1,"2024-08-02","vochysia lomatophylla",389.370004683326,46.0900098513812,20.7,1.3,NA,"AS",NA,NA,NA,NA
7824,"Site1","2024-08-03","Plot1","4","2024-08-02","N21","_0N0449","_0N0449",1,"2024-08-02","dulacia candida",262.380010106775,406.540030969307,15.1,1.3,NA,"AS",NA,NA,NA,NA
7602,"Site1","2024-08-03","Plot1","4","2024-08-02","N8","_0N0154","_0N0154",1,"2024-08-02","eschweilera coriacea",266.099958515202,141.140016242862,34.8,3.25,NA,"AS",NA,NA,NA,NA
6198,"Site1","2024-08-03","Plot1","4","2024-08-02","K13","_0K0583","_0K0583",1,"2024-08-02","perebea guianensis",212.429960558075,241.380016380921,11.6,1.3,NA,"AS",NA,NA,NA,NA
8767,"Site1","2024-08-03","Plot1","4","2024-08-02","P7","_0P0162","_0P0162",1,"2024-08-02","virola loretensis",311.780025415996,125.129981698468,14.4,1.3,NA,"AS",NA,NA,NA,NA
8353,"Site1","2024-08-03","Plot1","4","2024-08-02","O20","_0O0462","_0O0462",1,"2024-08-02","virola sebifera",288.929953936662,384.810024371371,19,1.3,NA,"AS",NA,NA,NA,NA
10981,"Site1","2024-08-03","Plot1","4","2024-08-02","T10","_0T0219","_0T0219",1,"2024-08-02","eschweilera coriacea",388.070028447779,187.390043653548,26.3,1.3,NA,"AS",NA,NA,NA,NA
9688,"Site1","2024-08-03","Plot1","4","2024-08-02","Q9","_0Q2243","_0Q2243",1,"2024-08-02","eugenia florida",335.384142762166,161.419167784974,12.3,1.3,NA,"AS",NA,NA,NA,NA
4512,"Site1","2024-08-03","Plot1","4","2024-08-02","H8","_0H1951","_0H1951",1,"2024-08-02","tapirira sp.1",144.490031378402,154.049998734146,14.1,1.3,NA,"AS",NA,NA,NA,NA
8261,"Site1","2024-08-03","Plot1","4","2024-08-02","O13","_0O0304","_0O0304",1,"2024-08-02","pseudolmedia laevis",284.750040221785,246.249970620498,11.6,1.3,NA,"AS",NA,NA,NA,NA
3579,"Site1","2024-08-03","Plot1","4","2024-08-02","G10","_0G0213","_0G0213",1,"2024-08-02","eschweilera coriacea",132.689990036888,180.610016508028,14.8,1.3,NA,"AS",NA,NA,NA,NA
4238,"Site1","2024-08-03","Plot1","4","2024-08-02","H13","_0H0291","_0H0291",1,"2024-08-02","matisia bracteolosa",154.961797126743,241.846866177395,17.2,1.3,NA,"AS",NA,NA,NA,NA
6294,"Site1","2024-08-03","Plot1","4","2024-08-02","K10","_0K2474","_0K2474",1,"2024-08-02","rinorea pubiflora",214.379952507734,196.389986440539,11.2,1.3,NA,"AS",NA,NA,NA,NA
8098,"Site1","2024-08-03","Plot1","4","2024-08-02","O3","_0O0059","_0O0059",1,"2024-08-02","nealchornea yapurensis",288.215728498646,44.5123156178743,15.8,1.3,NA,"AS",NA,NA,NA,NA
5826,"Site1","2024-08-03","Plot1","4","2024-08-02","K3","_0K0053","_0K0053",1,"2024-08-02","pseudolmedia laevis",206.089994082402,58.0499746203423,19.1,1.3,NA,"AS",NA,NA,NA,NA
5661,"Site1","2024-08-03","Plot1","4","2024-08-02","J7","_0J1872","_0J1872",1,"2024-08-02","guatteria modesta",188.289951436862,128.73995167017,23.7,1.3,NA,"AS",NA,NA,NA,NA
2888,"Site1","2024-08-03","Plot1","4","2024-08-02",NA,"_0E4964","_0E4964",1,"2025-03-25",NA,99.8744559512124,462.656314997002,12.6,1.3,NA,"AS",NA,NA,NA,NA
4191,"Site1","2024-08-03","Plot1","4","2024-08-02","H11","_0H0234","_0H0234",1,"2024-08-02","iryanthera macrophylla",152.529967029521,201.650027746335,13.6,1.3,NA,"AS",NA,NA,NA,NA
1016,"Site1","2024-08-03","Plot1","4","2024-08-02","B1","_0B0710","_0B0710",1,"2024-08-02","casearia ulmifolia",25.889999995823,17.480000000447,13.4963391741927,1.3,NA,"AS",NA,NA,NA,NA
341,"Site1","2024-08-03","Plot1","4","2024-08-02","A22","_0A0495","_0A0495",1,"2024-08-02","otoba glycycarpa",3.25002314161975,433.75995872356,30.6850730281174,1.3,NA,"AS",NA,NA,NA,NA
7680,"Site1","2024-08-03","Plot1","4","2024-08-02","N12","_0N0251","_0N0251",1,"2024-08-02","pouteria guianensis",265.420039503544,234.590000176802,72.8,4.4,NA,"AS",NA,NA,NA,NA
869,"Site1","2024-08-03","Plot1","4","2024-08-02","B15","_0B0411","_0B0411",1,"2024-08-02","pseudolmedia laevigata",33.639999997511,282.699999999255,13.9101420262317,1.3,NA,"AS",NA,NA,NA,NA
10437,"Site1","2024-08-03","Plot1","4","2024-08-02","S7","_0S0153","_0S0153",1,"2024-08-02","eschweilera coriacea",364.950006337895,122.549986980855,30.8,1.3,NA,"AS",NA,NA,NA,NA
13632,"Site1","2024-08-03","Plot1","4","2024-08-02","Y5","_0Y0113","_0Y0113",1,"2024-08-02","tachigali setifera",498.890001210209,96.1200302764773,34.65,1.3,NA,"AS",NA,NA,NA,NA
12625,"Site1","2024-08-03","Plot1","4","2024-08-02","W14","_0W0327","_0W0327",1,"2024-08-02","perebea sp.1",453.679956445179,278.519996467978,14.4,1.3,NA,"AS",NA,NA,NA,NA
1190,"Site1","2024-08-03","Plot1","4","2024-08-02","B1","_0B5246","_0B5246",1,"2024-08-02","apeiba membranacea",28.9299893105635,12.5500228721648,21.1676074312221,1.3,NA,"AS",NA,NA,NA,NA
2560,"Site1","2024-08-03","Plot1","4","2024-08-02","E14","_0E0311","_0E0311",1,"2024-08-02","otoba glycycarpa",81.2500419574208,263.620024276897,17.8,1.3,NA,"AS",NA,NA,NA,NA
5949,"Site1","2024-08-03","Plot1","4","2024-08-02","K11","_0K0240","_0K0240",1,"2024-08-02","aspidosperma excelsum",203.63998767786,207.690007371828,60.4,2.15,NA,"AS",NA,NA,NA,NA
13252,"Site1","2024-08-03","Plot1","4","2024-08-02","X18","_0X0412","_0X0412",1,"2024-08-02","minquartia guianensis",466.079954223998,347.689961437136,28.3,1.3,NA,"AS",NA,NA,NA,NA
4810,"Site1","2024-08-03","Plot1","4","2024-08-02","I11","_0I0259","_0I0259",1,"2024-08-02","poulsenia armata",166.129966063774,216.750011092052,43.9,3.4,NA,"AS",NA,NA,NA,NA
3243,"Site1","2024-08-03","Plot1","4","2024-08-02","F23","_0F0555","_0F0555",1,"2024-08-02","pachira insignis",117.149985929776,459.39004012011,26.7,1.3,NA,"AS",NA,NA,NA,NA
1439,"Site1","2024-08-03","Plot1","4","2024-08-02","C16","_0C0342","_0C0342",1,"2024-08-02","scleronema micranthum",51.1899999932502,316.709999999031,13.8146490603765,1.3,NA,"AS",NA,NA,NA,NA
14233,"Site1","2024-08-03","Plot1","4","2024-08-02","H12","_1H0344","_1H0344",1,"2024-08-02","tetragastris panamensis",141.325021755649,235.212978396565,10.6,1.3,NA,"AS",NA,NA,NA,NA
857,"Site1","2024-08-03","Plot1","4","2024-08-02","B14","_0B0392","_0B0392",1,"2024-08-02","simira cordifolia",39.2999999976018,264.519999999553,18.9712692165539,1.3,NA,"AS",NA,NA,NA,NA
3171,"Site1","2024-08-03","Plot1","4","2024-08-02","F19","_0F0458","_0F0458",1,"2024-08-02","eschweilera bracteosa",110.279977031576,365.899969361722,19.2,1.3,NA,"AS",NA,NA,NA,NA
2027,"Site1","2024-08-03","Plot1","4","2024-08-02","D15","_0D0331","_0D0331",1,"2024-08-02","siparuna cristata",68.4900433985167,296.829997969791,16.6476070474123,1.3,NA,"AS",NA,NA,NA,NA
14707,"Site1","2024-08-03","Plot1","4","2024-08-02","S13","_2S0778","_2S0778",1,"2024-08-02",NA,371.449720144912,250.963853253052,14.1,1.3,NA,"AS",NA,NA,NA,NA
1100,"Site1","2024-08-03","Plot1","4","2024-08-02","B13","_0B3020","_0B3020",1,"2024-08-02","inga umbratica",27.6499999926309,242.349999999627,11.0135220619592,1.3,NA,"AS",NA,NA,NA,NA
7439,"Site1","2024-08-03","Plot1","4","2024-08-02","M16","_0M3290","_0M3290",1,"2024-08-02","sterculia peruviana",254.40001908323,311.400001613423,12.9,1.3,NA,"AS",NA,NA,NA,NA
2964,"Site1","2024-08-03","Plot1","4","2024-08-02","F6","_0F0127","_0F0127",1,"2024-08-02","nealchornea yapurensis",103.829976055596,115.59997773543,28.8,1.3,NA,"AS",NA,NA,NA,NA
7136,"Site1","2024-08-03","Plot1","4","2024-08-02","M13","_0M0279","_0M0279",1,"2024-08-02","astrocaryum ferrugineum",244.410035983485,253.910030350089,14.1,1.3,NA,"AS",NA,NA,NA,NA
12312,"Site1","2024-08-03","Plot1","4","2024-08-02","V10","_0V2039","_0V2039",1,"2024-08-02","inga leptocarpa",424.099989955488,185.670042695478,14.2,1.3,NA,"AS",NA,NA,NA,NA
7666,"Site1","2024-08-03","Plot1","4","2024-08-02","N11","_0N0235","_0N0235",1,"2024-08-02","leptobalanus octandrus",271.080012367631,202.159957978874,20.8,1.3,NA,"AS",NA,NA,NA,NA
13510,"Site1","2024-08-03","Plot1","4","2024-08-02","X24","_0X4267","_0X4267",1,"2024-08-02","pouteria macrocarpa",461.840004686441,479.000020842999,11.9,1.8,NA,"AS",NA,NA,NA,NA
1277,"Site1","2024-08-03","Plot1","4","2024-08-02","C5","_0C0120","_0C0120",1,"2024-08-02","guarea trunciflora",54.2699999978067,87.160000000149,54.8129624008488,1.3,NA,"AS",NA,NA,NA,NA
5241,"Site1","2024-08-03","Plot1","4","2024-08-02","J3","_0J0063","_0J0063",1,"2024-08-02","lauraceae sp.3",186.680029250449,53.0500112008303,24.4,1.3,NA,"AS",NA,NA,NA,NA
58,"Site1","2024-08-03","Plot1","4","2024-08-02","A3","_0A0088","_0A0088",1,"2024-08-02","guatteria modesta",19.9700367481564,43.7900190763175,36.6692988883727,1.3,NA,"AS",NA,NA,NA,NA
11455,"Site1","2024-08-03","Plot1","4","2024-08-02","U8","_0U0166","_0U0166",1,"2024-08-02","conceveiba guianensis",413.989996546705,154.069970417768,14.8,1.3,NA,"AS",NA,NA,NA,NA
13181,"Site1","2024-08-03","Plot1","4","2024-08-02","X14","_0X0319","_0X0319",1,"2024-08-02","warszewiczia coccinea",470.200037330331,279.109957497567,20.8,1.3,NA,"AS",NA,NA,NA,NA
8576,"Site1","2024-08-03","Plot1","4","2024-08-02","O14","_0O3044","_0O3044",1,"2024-08-02","virola duckei",295.950022581324,276.849988304079,11.7,1.4,NA,"AS",NA,NA,NA,NA
11349,"Site1","2024-08-03","Plot1","4","2024-08-02","T25","_0T4126","_0T4126",1,"2024-08-02","guarea macrophylla",381.000003481924,489.860009109601,11.52,1.3,NA,"AS",NA,NA,NA,NA
7968,"Site1","2024-08-03","Plot1","4","2024-08-02","N11","_0N2278","_0N2278",1,"2024-08-02","leptobalanus octandrus",262.260030900768,207.8899873849,26.1,1.3,NA,"AS",NA,NA,NA,NA
14381,"Site1","2024-08-03","Plot1","4","2024-08-02","T2","_1T0024","_1T0024",1,"2024-08-02","unidentified",389.899956709647,28.4000136144459,12.1,1.3,NA,"AS",NA,NA,NA,NA
6659,"Site1","2024-08-03","Plot1","4","2024-08-02","L19","_0L0406","_0L0406",1,"2024-08-02","sterculia peruviana",228.480023015931,360.589986152947,25.7,1.3,NA,"ABS",NA,NA,NA,NA
9648,"Site1","2024-08-03","Plot1","4","2024-08-02","Q4","_0Q1427","_0Q1427",1,"2024-08-02","matayba purgans",326.449990681955,78.1400060430169,10.4,1.3,NA,"AS",NA,NA,NA,NA
1383,"Site1","2024-08-03","Plot1","4","2024-08-02","C13","_0C0271","_0C0271",1,"2024-08-02","guarea gomma",55.7899999931105,241.709999999031,10.918029096104,1.3,NA,"AS",NA,NA,NA,NA
8229,"Site1","2024-08-03","Plot1","4","2024-08-02","O11","_0O0264","_0O0264",1,"2024-08-02","pourouma tomentosa",291.540030730248,201.519951682538,45.9,2.9,NA,"AS",NA,NA,NA,NA
5493,"Site1","2024-08-03","Plot1","4","2024-08-02","J19","_0J0466","_0J0466",1,"2024-08-02","vochysia sp.1",181.519986713596,361.54004442133,41.3,1.3,NA,"AS",NA,NA,NA,NA
3645,"Site1","2024-08-03","Plot1","4","2024-08-02","G14","_0G0307","_0G0307",1,"2024-08-02","warszewiczia coccinea",123.74003667559,269.750048357993,17.5,1.3,NA,"AS",NA,NA,NA,NA
13209,"Site1","2024-08-03","Plot1","4","2024-08-02","X15","_0X0350","_0X0350",1,"2024-08-02","vatairea erythrocarpa",465.860464052705,290.403329659253,45.4,2.7,NA,"AS",NA,NA,NA,NA
8564,"Site1","2024-08-03","Plot1","4","2024-08-02","O11","_0O2468","_0O2468",1,"2024-08-02","inga leiocalycina",297.379985664098,218.939963622019,11.8,1.3,NA,"AS",NA,NA,NA,NA
6220,"Site1","2024-08-03","Plot1","4","2024-08-02","K2","_0K0889","_0K0889",1,"2024-08-02","nealchornea yapurensis",200.28002359526,22.6100260093808,19.5,1.3,NA,"AS",NA,NA,NA,NA
7504,"Site1","2024-08-03","Plot1","4","2024-08-02","N1","_0N0017","_0N0017",1,"2024-08-02","virola pavonis",270.38004227489,12.8100419342518,13,1.3,NA,"AS",NA,NA,NA,NA
6912,"Site1","2024-08-03","Plot1","4","2024-08-02","L19","_0L3964","_0L3964",1,"2024-08-02","otoba glycycarpa",221.760015053849,378.410011116415,12.5,1.3,NA,"AS",NA,NA,NA,NA
1150,"Site1","2024-08-03","Plot1","4","2024-08-02","B21","_0B4590","_0B4590",1,"2024-08-02","pourouma tomentosa",26.5100130224018,419.209965059534,15.9154943091895,1.3,NA,"AS",NA,NA,NA,NA
291,"Site1","2024-08-03","Plot1","4","2024-08-02","A19","_0A0425","_0A0425",1,"2024-08-02","sloanea guianensis",4.70004033920122,374.660011295229,18.1118325238577,1.3,NA,"AS",NA,NA,NA,NA
10225,"Site1","2024-08-03","Plot1","4","2024-08-02","R10","_0R2313","_0R2313",1,"2024-08-02","virola loretensis",350.890006670321,181.869955560192,11.4,1.3,NA,"AS",NA,NA,NA,NA
9675,"Site1","2024-08-03","Plot1","4","2024-08-02","Q7","_0Q1922","_0Q1922",1,"2024-08-02","gustavia hexapetala",329.570043513959,137.730021702126,11.3,1.3,NA,"AS",NA,NA,NA,NA
10414,"Site1","2024-08-03","Plot1","4","2024-08-02","S5","_0S0111","_0S0111",1,"2024-08-02","brosimum guianense",369.2199678162,93.4900363516062,17.7,1.3,NA,"AS",NA,NA,NA,NA
9438,"Site1","2024-08-03","Plot1","4","2024-08-02","Q14","_0Q0293","_0Q0293",1,"2024-08-02","brosimum guianense",330.480011181498,278.359971158206,28.3,1.3,NA,"AS",NA,NA,NA,NA
3381,"Site1","2024-08-03","Plot1","4","2024-08-02","F17","_0F3679","_0F3679",1,"2024-08-02","moutabea aculeata",101.760001797986,335.590022999793,13.9,1.3,NA,"AS",NA,NA,NA,NA
9220,"Site1","2024-08-03","Plot1","4","2024-08-02","P24","_0P5337","_0P5337",1,"2024-08-02","dendropanax cuneatus",300.880013912974,465.09003379941,11.9,1.3,NA,"AS",NA,NA,NA,NA
2134,"Site1","2024-08-03","Plot1","4","2024-08-02","D23","_0D0495","_0D0495",1,"2024-08-02","caraipa grandifolia",69.0199562713387,443.470011215657,18.5,1.3,NA,"AS",NA,NA,NA,NA
4602,"Site1","2024-08-03","Plot1","4","2024-08-02","H21","_0H4377","_0H4377",1,"2024-08-02","guarea pubescens",151.599958377425,415.680008150637,11.2,1.3,NA,"AS",NA,NA,NA,NA
831,"Site1","2024-08-03","Plot1","4","2024-08-02","B13","_0B0350","_0B0350",1,"2024-08-02","micropholis venulosa",25.399999997986,244.289999999106,49.9746521308551,2.55,NA,"AS",NA,NA,NA,NA
14798,"Site1","2024-08-03","Plot1","4","2024-08-02","V19","_2V0642","_2V0642",1,"2024-08-02",NA,427.572988089232,376.228027788922,13.1,4.55,NA,"AS",NA,NA,NA,NA
4294,"Site1","2024-08-03","Plot1","4","2024-08-02","H17","_0H0371","_0H0371",1,"2024-08-02","virola pavonis",143.260010979546,337.059958387166,40,2,NA,"AS",NA,NA,NA,NA
10455,"Site1","2024-08-03","Plot1","4","2024-08-02","S8","_0S0182","_0S0182",1,"2024-08-02","inga acicularis",367.470013593615,157.500020090491,29.5,1.3,NA,"AS",NA,NA,NA,NA
1489,"Site1","2024-08-03","Plot1","4","2024-08-02","C18","_0C0404","_0C0404",1,"2024-08-02","garcinia madruno",57.549999990093,341.719999998808,13.9738040034684,1.3,NA,"AS",NA,NA,NA,NA
13838,"Site1","2024-08-03","Plot1","4","2024-08-02","Y16","_0Y0412","_0Y0412",1,"2024-08-02","hirtella schultesii",490.310013808717,317.689972147346,15.4,1.3,NA,"AS",NA,NA,NA,NA
14045,"Site1","2024-08-03","Plot1","4","2024-08-02","Y12","_0Y2133","_0Y2133",1,"2024-08-02","iryanthera juruensis",487.289999247179,230.159970112145,10.48,1.3,NA,"AS",NA,NA,NA,NA
9871,"Site1","2024-08-03","Plot1","4","2024-08-02","R5","_0R0100","_0R0100",1,"2024-08-02","carapa guianensis",342.989999699115,90.6999535746872,29.6,2.14,NA,"AS",NA,NA,NA,NA
8817,"Site1","2024-08-03","Plot1","4","2024-08-02","P11","_0P0247","_0P0247",1,"2024-08-02","iriartea deltoidea",313.990011620743,215.6800359115,29.2,2.45,NA,"AS",NA,NA,NA,NA
14564,"Site1","2024-08-03","Plot1","4","2024-08-02","J17","_2J0791","_2J0791",1,"2024-08-02",NA,186.56256305147,335.345148518682,10.7,1.3,NA,"AS",NA,NA,NA,NA
12555,"Site1","2024-08-03","Plot1","4","2024-08-02","W11","_0W0232","_0W0232",1,"2024-08-02","leptobalanus octandrus",444.819984519214,210.289974259213,14.3,1.3,NA,"AS",NA,NA,NA,NA
13516,"Site1","2024-08-03","Plot1","4","2024-08-02","X25","_0X4410","_0X4410",1,"2024-08-02","apeiba membranacea",464.069981273205,495.140039889142,14.2,1.3,NA,"AS",NA,NA,NA,NA
8203,"Site1","2024-08-03","Plot1","4","2024-08-02","O10","_0O0230","_0O0230",1,"2024-08-02","inga nobilis",283.100002278923,190.420021085069,27.3,1.5,NA,"AS",NA,NA,NA,NA
2926,"Site1","2024-08-03","Plot1","4","2024-08-02","F4","_0F0075","_0F0075",1,"2024-08-02","virola duckei",101.739991070528,66.9099925719202,24.1,1.3,NA,"AS",NA,NA,NA,NA
11596,"Site1","2024-08-03","Plot1","4","2024-08-02","U18","_0U0399","_0U0399",1,"2024-08-02","fusaea longifolia",406.629962457286,343.510033285245,16.8,1.3,NA,"AS",NA,NA,NA,NA
5546,"Site1","2024-08-03","Plot1","4","2024-08-02","J22","_0J0547","_0J0547",1,"2024-08-02","eschweilera bracteosa",191.799969675543,428.63000516966,34,1.3,NA,"AS",NA,NA,NA,NA
4444,"Site1","2024-08-03","Plot1","4","2024-08-02","H25","_0H0596","_0H0596",1,"2024-08-02","iryanthera hostmannii",152.953955446079,494.634836645797,14.2,1.3,NA,"AS",NA,NA,NA,NA
13071,"Site1","2024-08-03","Plot1","4","2024-08-02","X7","_0X0152","_0X0152",1,"2024-08-02","couepia macrophylla",475.489997740311,124.639997214079,11.4,1.3,NA,"AS",NA,NA,NA,NA
12786,"Site1","2024-08-03","Plot1","4","2024-08-02","W24","_0W0577","_0W0577",1,"2024-08-02","brosimum guianense",443.730021714058,471.529959008098,29.9,1.3,NA,"AS",NA,NA,NA,NA
13771,"Site1","2024-08-03","Plot1","4","2024-08-02","Y12","_0Y0312","_0Y0312",1,"2024-08-02","lauraceae sp.3",492.439951362263,226.640035217628,13.05,1.3,NA,"AS",NA,NA,NA,NA
12712,"Site1","2024-08-03","Plot1","4","2024-08-02","W18","_0W0439","_0W0439",1,"2024-08-02","lacmellea edulis",440.20003661135,351.480014439672,34.4,1.3,NA,"AS",NA,NA,NA,NA
12298,"Site1","2024-08-03","Plot1","4","2024-08-02","V8","_0V1702","_0V1702",1,"2024-08-02","inga acicularis",421.349954216916,146.189994340762,19,1.3,NA,"AS",NA,NA,NA,NA
14476,"Site1","2024-08-03","Plot1","4","2024-08-02","B6","_2B0246","_2B0246",1,"2024-08-02",NA,26.3985999890137,117.093100000173,100,1.3,NA,"AS",NA,NA,NA,"Diámetro menor a 1.30, 0,91 y 0,92"
10249,"Site1","2024-08-03","Plot1","4","2024-08-02","R14","_0R2820","_0R2820",1,"2024-08-02","brosimum guianense",349.149986171164,264.220038831234,12.6,1.3,NA,"AS",NA,NA,NA,NA
11961,"Site1","2024-08-03","Plot1","4","2024-08-02","V4","_0V0075","_0V0075",1,"2024-08-02","coccoloba sp.1",426.909955720126,75.3399681206793,10.6,1.3,NA,"AS",NA,NA,NA,NA
4376,"Site1","2024-08-03","Plot1","4","2024-08-02","H22","_0H0493","_0H0493",1,"2024-08-02","iriartea deltoidea",149.190012149455,422.619960393757,29.4,1.3,NA,"AS",NA,NA,NA,NA
609,"Site1","2024-08-03","Plot1","4","2024-08-02","B1","_0B0019","_0B0019",1,"2024-08-02","dussia tessmannii",32.7699999954202,15.4599999990314,17.2523958311615,1.3,NA,"AS",NA,NA,NA,NA
4752,"Site1","2024-08-03","Plot1","4","2024-08-02","I7","_0I0175","_0I0175",1,"2024-08-02","conceveiba guianensis",179.048023931042,123.758184872568,27.6,1.3,NA,"AS",NA,NA,NA,NA
333,"Site1","2024-08-03","Plot1","4","2024-08-02","A21","_0A0482","_0A0482",1,"2024-08-02","protium opacum",17.580047596246,418.829978009686,20.1808467840523,1.3,NA,"AS",NA,NA,NA,NA
3547,"Site1","2024-08-03","Plot1","4","2024-08-02","G8","_0G0166","_0G0166",1,"2024-08-02","conceveiba guianensis",132.72995132627,145.110025940463,16,1.3,NA,"AS",NA,NA,NA,NA
10520,"Site1","2024-08-03","Plot1","4","2024-08-02","S13","_0S0311","_0S0311",1,"2024-08-02","brosimum lactescens",378.639956395433,252.76999248378,24.2,1.3,NA,"AS",NA,NA,NA,NA
14731,"Site1","2024-08-03","Plot1","4","2024-08-02","T14","_2T0635","_2T0635",1,"2024-08-02",NA,385.700195808604,275.068423958495,11.5,1.3,NA,"AS",NA,NA,NA,NA
9284,"Site1","2024-08-03","Plot1","4","2024-08-02","Q3","_0Q0068","_0Q0068",1,"2024-08-02","carapa guianensis",336.879973303177,57.1700333356857,23.1,1.3,NA,"AS",NA,NA,NA,NA
54,"Site1","2024-08-03","Plot1","4","2024-08-02","A3","_0A0080","_0A0080",1,"2024-08-02","vitex klugii",17.5700424020761,55.4900431018323,54.749300423612,1.3,NA,"AS",NA,NA,NA,NA
14312,"Site1","2024-08-03","Plot1","4","2024-08-02","O1","_1O0046","_1O0046",1,"2024-08-02","alibertia claviflora",287.224503396836,3.48723368532956,11.4,1.3,NA,"AS",NA,NA,NA,NA
13767,"Site1","2024-08-03","Plot1","4","2024-08-02","Y12","_0Y0306","_0Y0306",1,"2024-08-02","maquira calophylla",494.000035800796,233.959989838302,13.2,1.3,NA,"ABS",NA,NA,NA,NA
8922,"Site1","2024-08-03","Plot1","4","2024-08-02","P19","_0P0411","_0P0411",1,"2024-08-02","iryanthera elliptica",313.319970100827,372.329971848056,27,1.3,NA,"AS",NA,NA,NA,NA
7586,"Site1","2024-08-03","Plot1","4","2024-08-02","N6","_0N0134","_0N0134",1,"2024-08-02","eschweilera coriacea",270.379964497813,117.629984153435,23.8,1.3,NA,"AS",NA,NA,NA,NA
15,"Site1","2024-08-03","Plot1","4","2024-08-02","A1","_0A0020","_0A0020",1,"2024-08-02","dussia tessmannii",15.2100063071703,15.3100116867572,11.58647985709,1.3,NA,"AS",NA,NA,NA,NA
11108,"Site1","2024-08-03","Plot1","4","2024-08-02","T21","_0T0459","_0T0459",1,"2024-08-02","myrtaceae sp.5",387.899965597491,417.889961414039,14.7,1.3,NA,"AS",NA,NA,NA,NA
9019,"Site1","2024-08-03","Plot1","4","2024-08-02","P24","_0P0538","_0P0538",1,"2024-08-02","couepia macrophylla",311.9999862861,469.04003371112,13.2,1.3,NA,"AS",NA,NA,NA,NA
5649,"Site1","2024-08-03","Plot1","4","2024-08-02","J5","_0J1537","_0J1537",1,"2024-08-02","sterculia apeibophylla",188.259959987772,93.3100473042578,11.8,1.3,NA,"AS",NA,NA,NA,NA
3112,"Site1","2024-08-03","Plot1","4","2024-08-02","F16","_0F0361","_0F0361",1,"2024-08-02","cordia toqueve",108.590021350246,311.42000224255,15.9,1.3,NA,"AS",NA,NA,NA,NA
13968,"Site1","2024-08-03","Plot1","4","2024-08-02","Y24","_0Y0591","_0Y0591",1,"2024-08-02","caraipa grandifolia",495.309955585806,473.819970790297,14.3,1.3,NA,"AS",NA,NA,NA,NA
10274,"Site1","2024-08-03","Plot1","4","2024-08-02","R17","_0R3398","_0R3398",1,"2024-08-02","sapium glandulosum",349.099972896453,334.890006227419,20.6,1.3,NA,"AS",NA,NA,NA,NA
10202,"Site1","2024-08-03","Plot1","4","2024-08-02","R8","_0R1931","_0R1931",1,"2024-08-02","virola loretensis",358.289992421109,158.330003822222,11.2,1.3,NA,"AS",NA,NA,NA,NA
2921,"Site1","2024-08-03","Plot1","4","2024-08-02","F3","_0F0068","_0F0068",1,"2024-08-02","iryanthera macrophylla",114.399978586065,42.4800484739244,14.2,1.3,NA,"AS",NA,NA,NA,NA
5851,"Site1","2024-08-03","Plot1","4","2024-08-02","K4","_0K0091","_0K0091",1,"2024-08-02","eschweilera rufifolia",216.499959488865,66.5700438190252,17.3,1.3,NA,"AS",NA,NA,NA,NA
3222,"Site1","2024-08-03","Plot1","4","2024-08-02","F22","_0F0526","_0F0526",1,"2024-08-02","nealchornea yapurensis",113.789980775095,429.819996805862,20.5,1.3,NA,"AS",NA,NA,NA,NA
7654,"Site1","2024-08-03","Plot1","4","2024-08-02","N10","_0N0218","_0N0218",1,"2024-08-02","eschweilera itayensis",275.40003013541,183.199965180829,18,1.3,NA,"AS",NA,NA,NA,NA
12970,"Site1","2024-08-03","Plot1","4","2024-08-02","X2","_0X0021","_0X0021",1,"2024-08-02","licania triandra",461.033738473605,38.1645762529224,20.9,1.3,NA,"AS",NA,NA,NA,NA
11528,"Site1","2024-08-03","Plot1","4","2024-08-02","U12","_0U0272","_0U0272",1,"2024-08-02","theobroma obovatum",419.309967488225,236.590008726344,18.7,1.3,NA,"AS",NA,NA,NA,NA
9200,"Site1","2024-08-03","Plot1","4","2024-08-02","P20","_0P4465","_0P4465",1,"2024-08-02","virola peruviana",315.400046917435,391.409981459379,10.9,1.3,NA,"AS",NA,NA,NA,NA
4386,"Site1","2024-08-03","Plot1","4","2024-08-02","H22","_0H0509","_0H0509",1,"2024-08-02","sterculia tessmannii",151.759992528008,421.18003301695,11.6,1.3,NA,"AS",NA,NA,NA,NA
8693,"Site1","2024-08-03","Plot1","4","2024-08-02","P3","_0P0055","_0P0055",1,"2024-08-02","iryanthera macrophylla",300.470006041753,52.2500065024942,13.1,1.3,NA,"AS",NA,NA,NA,NA
5200,"Site1","2024-08-03","Plot1","4","2024-08-02","I6","_0I5050","_0I5050",1,"2024-08-02",NA,168.546946752991,119.872104804963,14.5,1.3,NA,"AS",NA,NA,NA,NA
11655,"Site1","2024-08-03","Plot1","4","2024-08-02","U22","_0U0488","_0U0488",1,"2024-08-02","guarea sp.1",407.429952613369,437.719958931208,30.6,1.3,NA,"AS",NA,NA,NA,NA
3168,"Site1","2024-08-03","Plot1","4","2024-08-02","F19","_0F0454","_0F0454",1,"2024-08-02","caraipa grandifolia",117.529963441135,371.389985563233,15.4,1.3,NA,"AS",NA,NA,NA,NA
13779,"Site1","2024-08-03","Plot1","4","2024-08-02","Y13","_0Y0335","_0Y0335",1,"2024-08-02","chrysochlamys weberbaueri",498.119995722256,257.359955506399,16.6,1.3,NA,"AS",NA,NA,NA,NA
4295,"Site1","2024-08-03","Plot1","4","2024-08-02","H17","_0H0373","_0H0373",1,"2024-08-02","vochysia sp.1",147.463756088226,337.994899321347,35.3,1.3,NA,"AS",NA,NA,NA,NA
6558,"Site1","2024-08-03","Plot1","4","2024-08-02","L11","_0L0249","_0L0249",1,"2024-08-02","maquira calophylla",235.820002586755,205.790005989373,14.5,1.3,NA,"AS",NA,NA,NA,NA
3463,"Site1","2024-08-03","Plot1","4","2024-08-02","G3","_0G0043","_0G0043",1,"2024-08-02","ophiocaryon heterophyllum",121.580023181625,41.569954905659,11.2,1.3,NA,"AS",NA,NA,NA,NA
4197,"Site1","2024-08-03","Plot1","4","2024-08-02","H12","_0H0241","_0H0241",1,"2024-08-02","dacryodes sp.1",141.940027279488,226.819971162826,13.5,1.3,NA,"AS",NA,NA,NA,NA
9989,"Site1","2024-08-03","Plot1","4","2024-08-02","R16","_0R0318","_0R0318",1,"2024-08-02","theobroma obovatum",348.139986863651,319.399982113391,14.3,1.3,NA,"AS",NA,NA,NA,NA
941,"Site1","2024-08-03","Plot1","4","2024-08-02","B20","_0B0517","_0B0517",1,"2024-08-02","inga capitata",29.8199568320415,398.479985883459,17.4433817628717,1.3,NA,"AS",NA,NA,NA,NA
9537,"Site1","2024-08-03","Plot1","4","2024-08-02","Q21","_0Q0450","_0Q0450",1,"2024-08-02","micropholis egensis",335.990025917243,416.8899857793,19.5,1.3,NA,"AS",NA,NA,NA,NA
7131,"Site1","2024-08-03","Plot1","4","2024-08-02","M13","_0M0273","_0M0273",1,"2024-08-02","dacryodes sp.1",244.300035411899,248.509983474389,25.4,1.3,NA,"AS",NA,NA,NA,NA
10815,"Site1","2024-08-03","Plot1","4","2024-08-02","S18","_0S3324","_0S3324",1,"2024-08-02","conceveiba guianensis",364.130013220187,349.679993722588,13.6,1.18,NA,"AS",NA,NA,NA,NA
1447,"Site1","2024-08-03","Plot1","4","2024-08-02","C16","_0C0352","_0C0352",1,"2024-08-02","couepia macrophylla",55.1799999868963,309.789999999106,15.4061984912955,1.3,NA,"AS",NA,NA,NA,NA
8699,"Site1","2024-08-03","Plot1","4","2024-08-02","P3","_0P0067","_0P0067",1,"2024-08-02","casearia sylvestris",315.670003233477,50.1599845122546,12.2,1.3,NA,"AS",NA,NA,NA,NA
7213,"Site1","2024-08-03","Plot1","4","2024-08-02","M18","_0M0393","_0M0393",1,"2024-08-02","iryanthera macrophylla",244.770004637016,345.240011135116,12.4,1.3,NA,"AS",NA,NA,NA,NA
9910,"Site1","2024-08-03","Plot1","4","2024-08-02","R8","_0R0162","_0R0162",1,"2024-08-02","swartzia oraria",344.259972659696,155.559992348775,54.9,3.9,NA,"AS",NA,NA,NA,NA
1669,"Site1","2024-08-03","Plot1","4","2024-08-02","C11","_0C2559","_0C2559",1,"2024-08-02","pourouma tomentosa",40.609999988752,200.609999999404,18.7484522962253,1.36,NA,"AS",NA,NA,NA,NA
3914,"Site1","2024-08-03","Plot1","4","2024-08-02","G10","_0G2284","_0G2284",1,"2024-08-02","alibertia sp.1",131.309158179851,196.289841441438,12.8,1.3,NA,"AS",NA,NA,NA,NA
10397,"Site1","2024-08-03","Plot1","4","2024-08-02","S4","_0S0089","_0S0089",1,"2024-08-02","protium unifoliolatum",375.909962281294,77.9500245973468,14.9,1.3,NA,"AS",NA,NA,NA,NA
6712,"Site1","2024-08-03","Plot1","4","2024-08-02","L23","_0L0501","_0L0501",1,"2024-08-02","leptobalanus octandrus",226.190032823884,440.630006494001,24.4,1.3,NA,"AS",NA,NA,NA,NA
4012,"Site1","2024-08-03","Plot1","4","2024-08-02","G24","_0G4740","_0G4740",1,"2024-08-02","symphonia globulifera",133.689971032203,462.970047535375,16,1.4,NA,"AS",NA,NA,NA,NA
7728,"Site1","2024-08-03","Plot1","4","2024-08-02","N14","_0N0312","_0N0312",1,"2024-08-02","aspidosperma rigidum",274.73996186885,266.939952535555,49.2,1.3,NA,"AS",NA,NA,NA,NA
8581,"Site1","2024-08-03","Plot1","4","2024-08-02","O15","_0O3151","_0O3151",1,"2024-08-02","socratea exorrhiza",282.590036860609,288.890033552423,14,3.15,NA,"AS",NA,NA,NA,NA
11850,"Site1","2024-08-03","Plot1","4","2024-08-02","U15","_0U2963","_0U2963",1,"2024-08-02","euterpe precatoria",419.130008526088,286.420012596995,12.5,1.3,NA,"AS",NA,NA,NA,NA
3892,"Site1","2024-08-03","Plot1","4","2024-08-02","G8","_0G1895","_0G1895",1,"2024-08-02","protium nodulosum",125.779980561172,145.190000416711,12.8,1.3,NA,"AS",NA,NA,NA,NA
6800,"Site1","2024-08-03","Plot1","4","2024-08-02","L3","_0L1094","_0L1094",1,"2024-08-02","virola duckei",228.02002099849,58.2300257813185,11.3,1.3,NA,"AS",NA,NA,NA,NA
13258,"Site1","2024-08-03","Plot1","4","2024-08-02","X18","_0X0419","_0X0419",1,"2024-08-02","erisma laurifolium",462.350016677578,356.960008466616,15.2,1.3,NA,"AS",NA,NA,NA,NA
14387,"Site1","2024-08-03","Plot1","4","2024-08-02","T13","_1T0287","_1T0287",1,"2024-08-02","myrcia sp.1",392.00999698037,243.589996624738,20.5,1.3,NA,"AS",NA,NA,NA,NA
3934,"Site1","2024-08-03","Plot1","4","2024-08-02","G13","_0G2710","_0G2710",1,"2024-08-02","otoba glycycarpa",127.03997975064,240.600017502904,12.6,1.3,NA,"AS",NA,NA,NA,NA
9720,"Site1","2024-08-03","Plot1","4","2024-08-02","Q15","_0Q3145","_0Q3145",1,"2024-08-02","calliandra trinervia",329.689975209942,286.930012758821,10.6,1.3,NA,"AS",NA,NA,NA,NA
7034,"Site1","2024-08-03","Plot1","4","2024-08-02","M5","_0M0112","_0M0112",1,"2024-08-02","vochysia lomatophylla",252.690042879491,97.0600351486355,36.1,1.3,NA,"AS",NA,NA,NA,NA
14895,"Site1","2024-08-03","Plot1","4","2024-08-02",NA,"_3O0224","_3O0224",1,"2024-12-20",NA,296.278283691965,166.492141032591,11.9,1.3,NA,"AS",NA,NA,NA,NA
10599,"Site1","2024-08-03","Plot1","4","2024-08-02","S22","_0S0466","_0S0466",1,"2024-08-02","leptobalanus octandrus",373.719987413904,430.829960141331,27.3,1.3,NA,"AS",NA,NA,NA,NA
278,"Site1","2024-08-03","Plot1","4","2024-08-02","A18","_0A0404","_0A0404",1,"2024-08-02","hevea guianensis",7.35999476508005,356.729968270287,37.7197215127792,1.3,NA,"AS",NA,NA,NA,NA
3300,"Site1","2024-08-03","Plot1","4","2024-08-02","F5","_0F1459","_0F1459",1,"2024-08-02","ormosia sp.1",102.139980821754,98.6699623223394,57.9,1.3,NA,"AS",NA,NA,NA,NA
13973,"Site1","2024-08-03","Plot1","4","2024-08-02","Y24","_0Y0596","_0Y0596",1,"2024-08-02","virola pavonis",498.93995367171,466.030030259863,14.1,1.3,NA,"AS",NA,NA,NA,NA
2328,"Site1","2024-08-03","Plot1","4","2024-08-02","D8","_0D4988","_0D4988",1,"2024-08-02",NA,62.9270318011986,152.371641622856,16.1064802408998,1.3,NA,"AS",NA,NA,NA,NA
1588,"Site1","2024-08-03","Plot1","4","2024-08-02","C1","_0C0839","_0C0839",1,"2024-08-02","siparuna decipiens",57.6799999906216,9.19999999925494,12.2867616066943,1.3,NA,"AS",NA,NA,NA,NA
711,"Site1","2024-08-03","Plot1","4","2024-08-02","B6","_0B0175","_0B0175",1,"2024-08-02","eschweilera coriacea",34.7299999915413,113.959999999031,11.6501418343267,1.3,NA,"AS",NA,NA,NA,NA
10119,"Site1","2024-08-03","Plot1","4","2024-08-02","R25","_0R0513","_0R0513",1,"2024-08-02","guatteria insculpta",347.059963558044,496.039954951033,11.6,1.3,NA,"AS",NA,NA,NA,NA
4795,"Site1","2024-08-03","Plot1","4","2024-08-02","I10","_0I0240","_0I0240",1,"2024-08-02","eschweilera coriacea",174.54004922905,190.680011225864,29.5,1.3,NA,"AS",NA,NA,NA,NA
12683,"Site1","2024-08-03","Plot1","4","2024-08-02","W17","_0W0396","_0W0396",1,"2024-08-02","iriartea deltoidea",441.959986422735,323.630003269762,23.7,2.5,NA,"AS",NA,NA,NA,NA
18,"Site1","2024-08-03","Plot1","4","2024-08-02","A1","_0A0026","_0A0026",1,"2024-08-02","chimarrhis glabriflora",13.1700125207426,6.01001631468534,12.76422643597,1.3,NA,"AS",NA,NA,NA,NA
9521,"Site1","2024-08-03","Plot1","4","2024-08-02","Q20","_0Q0420","_0Q0420",1,"2024-08-02","pseudolmedia laevigata",328.810038159601,394.399978995323,25.9,1.3,NA,"AS",NA,NA,NA,NA
14865,"Site1","2024-08-03","Plot1","4","2024-08-02",NA,"_3E0456","_3E0456",1,"2025-03-14",NA,89.5177741369116,284.905387597159,11.8,1.4,NA,"AS",NA,NA,NA,NA
10491,"Site1","2024-08-03","Plot1","4","2024-08-02","S11","_0S0246","_0S0246",1,"2024-08-02","crudia glaberrima",360.699965110223,204.370014028624,73.2,4,NA,"AS",NA,NA,NA,NA
2200,"Site1","2024-08-03","Plot1","4","2024-08-02","D6","_0D1654","_0D1654",1,"2024-08-02","siparuna decipiens",75.5399874359719,109.579986710101,11.1726770050511,1.3,NA,"AS",NA,NA,NA,NA
9654,"Site1","2024-08-03","Plot1","4","2024-08-02","Q4","_0Q1487","_0Q1487",1,"2024-08-02","eschweilera coriacea",330.700039180985,64.2299873419106,11.4,1.3,NA,"AS",NA,NA,NA,NA
5651,"Site1","2024-08-03","Plot1","4","2024-08-02","J5","_0J1570","_0J1570",1,"2024-08-02","parkia multijuga",192.84997841873,95.8800161965191,11,1.3,NA,"AS",NA,NA,NA,NA
2873,"Site1","2024-08-03","Plot1","4","2024-08-02","E23","_0E4645","_0E4645",1,"2024-08-02","chrysophyllum bombycinum",89.850008051144,456.669988235459,10.5,1.3,NA,"AS",NA,NA,NA,NA
4528,"Site1","2024-08-03","Plot1","4","2024-08-02","H11","_0H2715","_0H2715",1,"2024-08-02","trichilia quadrijuga",159.950025612314,206.129955401644,12,1.3,NA,"AS",NA,NA,NA,NA
9754,"Site1","2024-08-03","Plot1","4","2024-08-02","Q18","_0Q3737","_0Q3737",1,"2024-08-02","alchorneopsis floribunda",333.440022973169,344.190034035593,15.5,1.3,NA,"AS",NA,NA,NA,NA
11632,"Site1","2024-08-03","Plot1","4","2024-08-02","U21","_0U0449","_0U0449",1,"2024-08-02","anaueria brasiliensis",400.369979555311,407.660039614886,17.4,1.3,NA,"AS",NA,NA,NA,NA
